Event,Player,Team,Outcome,X,Y,endX,endY
Start,,161,Successful,0.0,0.0,,
Start,,26,Successful,0.0,0.0,,
Pass,84146,26,Successful,50.0,50.0,34.5,55.4
Pass,136451,26,Unsuccessful,35.3,54.8,75.3,76
Pass,124106,161,Unsuccessful,19.9,27.7,36.7,10.4
Pass,115726,26,Unsuccessful,61.5,92.0,68.3,74.4
Pass,238244,161,Unsuccessful,25.5,31.8,32.7,36.4
Pass,68659,26,Successful,65.6,71.2,72.7,75.3
Pass,96182,26,Successful,69.4,76.4,65.6,91.7
Pass,109915,26,Successful,65.0,92.3,58.2,97.8
Pass,115726,26,Successful,58.1,95.6,45,75.9
Pass,95408,26,Successful,45.0,75.9,52.9,94.7
Pass,115726,26,Successful,62.7,92.0,64.8,96.6
Pass,109915,26,Successful,63.8,95.3,61,82.7
Pass,68659,26,Successful,61.0,82.7,60.4,95.4
Pass,115726,26,Successful,60.1,92.7,55.6,77.3
Pass,68659,26,Successful,53.5,75.1,44.3,41.8
Pass,136451,26,Successful,44.5,35.8,51,7.9
Pass,318871,26,Successful,59.1,13.4,62.2,92.9
Pass,115726,26,Successful,76.0,90.9,89.8,94.5
Pass,109915,26,Successful,88.1,92.1,85.5,81.5
Pass,96182,26,Successful,85.5,81.5,80.5,93.5
Pass,115726,26,Successful,77.3,91.2,59,66.3
Pass,95408,26,Successful,57.7,65.4,57.4,60.9
Pass,68659,26,Successful,56.1,57.9,52,27.7
Pass,136451,26,Unsuccessful,54.0,14.7,100,9.1
Pass,23089,161,Successful,4.7,48.7,37.6,5
Aerial,109915,26,Unsuccessful,60.2,94.9,,
Aerial,94042,161,Successful,39.8,5.1,,
Pass,94042,161,Unsuccessful,37.6,5.0,55,16.8
Pass,68659,26,Successful,46.0,77.2,55.5,92.7
BallRecovery,109915,26,Successful,55.8,93.0,,
Pass,109915,26,Successful,55.8,93.0,46.1,95.9
Pass,115726,26,Successful,47.0,95.1,56.5,72.7
Pass,96182,26,Successful,56.0,74.8,49.1,76.1
Pass,68659,26,Successful,49.4,71.3,41.5,34.9
Pass,318871,26,Successful,46.2,30.7,56,28.9
Pass,84146,26,Successful,56.0,28.6,52.8,16.1
Pass,318871,26,Unsuccessful,57.8,14.6,65.6,22.5
Pass,236519,161,Unsuccessful,30.0,76.6,45.3,84.8
Aerial,108186,161,Unsuccessful,46.8,84.6,,
Aerial,84146,26,Successful,53.2,15.4,,
Pass,84146,26,Unsuccessful,51.7,15.5,57,16.1
Pass,16161,161,Unsuccessful,41.9,88.6,58.7,84.1
Pass,68659,26,Successful,36.0,24.7,34.7,44.5
BallTouch,95408,26,Successful,34.7,45.4,,
Pass,68659,26,Successful,36.4,51.9,41.3,88.7
Pass,115726,26,Successful,53.0,95.3,60.9,90.6
Pass,109915,26,Successful,60.9,90.5,56.3,95.3
Pass,115726,26,Successful,56.1,93.6,44,82.7
Pass,68659,26,Successful,43.0,79.4,34.9,54.5
Pass,95408,26,Successful,35.6,50.4,39,24.1
Pass,136451,26,Successful,36.9,25.6,31.1,37.1
Pass,95408,26,Successful,34.4,32.1,31.8,20.6
Pass,136451,26,Successful,30.6,20.7,15.5,41.8
Pass,114147,26,Successful,18.4,45.8,34.1,91.2
Pass,68659,26,Successful,57.7,88.4,60.3,95.1
Pass,115726,26,Successful,60.3,95.1,58.1,89.1
Pass,68659,26,Successful,53.8,83.0,41,34.9
Pass,136451,26,Unsuccessful,41.0,34.9,59.4,28.8
BallRecovery,16161,161,Successful,32.7,76.0,,
Pass,16161,161,Successful,32.7,76.0,23.5,68.7
Pass,236519,161,Successful,23.5,68.7,18.1,48.8
Pass,97710,161,Successful,17.7,48.1,45.1,23.3
Pass,140088,161,Successful,41.4,37.0,56.9,94.5
Pass,115917,161,Successful,57.6,93.5,56,84.7
Pass,16161,161,Successful,56.1,85.3,90.3,81
Pass,115917,161,Unsuccessful,93.9,73.8,91.9,67
Interception,95408,26,Successful,8.1,29.8,,
BallRecovery,136451,26,Successful,8.8,16.8,,
Pass,136451,26,Unsuccessful,9.2,16.7,39.5,5.3
BallRecovery,236519,161,Successful,58.4,90.2,,
Pass,236519,161,Unsuccessful,58.4,90.2,79.6,92.1
Interception,318871,26,Successful,14.2,7.9,,
Foul,115917,161,Successful,86.2,90.8,,
Foul,318871,26,Unsuccessful,13.8,9.2,,
Pass,337916,161,Successful,84.6,91.9,93.2,42.5
BallTouch,94042,161,Unsuccessful,92.9,46.9,,
Clearance,318871,26,Successful,3.6,59.4,5.6,57.8
BallRecovery,96182,26,Successful,8.5,61.4,,
Pass,96182,26,Successful,8.5,61.4,15.5,72.1
Pass,68659,26,Unsuccessful,34.6,92.9,54.5,90.5
Interception,238244,161,Successful,47.5,11.7,,
BallTouch,109915,26,Successful,54.2,90.6,,
Pass,238244,161,Successful,46.7,9.7,47.3,13.8
BallRecovery,124106,161,Successful,41.8,14.3,,
Pass,124106,161,Successful,41.8,14.3,29.3,25.6
Pass,97710,161,Successful,29.3,25.6,29.3,47.6
Pass,236519,161,Successful,27.1,49.4,26.5,35.8
Pass,97710,161,Successful,26.6,34.3,25.1,63.1
Pass,236519,161,Unsuccessful,25.2,66.1,41,93.6
Interception,84146,26,Successful,63.6,10.3,,
Pass,115917,161,Successful,43.2,88.9,45.8,96.3
Challenge,318871,26,Unsuccessful,35.2,5.4,,
TakeOn,337916,161,Successful,64.8,94.6,,
TakeOn,337916,161,Unsuccessful,71.4,92.6,,
Tackle,136451,26,Successful,28.6,7.4,,
BallRecovery,318871,26,Successful,31.5,11.7,,
Pass,318871,26,Successful,31.5,11.7,8.6,38
Pass,114147,26,Successful,8.5,38.3,22.9,78.5
Pass,115726,26,Unsuccessful,22.9,78.5,37.8,77.2
BallRecovery,94042,161,Successful,59.3,21.8,,
Pass,94042,161,Successful,59.3,21.8,47.8,24
Pass,124106,161,Successful,47.8,24.0,36.7,37.4
Pass,97710,161,Successful,38.2,37.1,67.5,95.4
BallTouch,115917,161,Unsuccessful,64.7,96.3,,
Challenge,115917,161,Unsuccessful,59.4,93.6,,
TakeOn,84146,26,Successful,40.6,6.4,,
BallRecovery,84146,26,Successful,48.0,7.1,,
Pass,84146,26,Successful,67.5,14.7,73.8,34.8
Pass,96182,26,Successful,73.8,34.8,79.8,30.6
Foul,97710,161,Unsuccessful,19.0,70.0,,
Foul,108226,26,Successful,81.0,30.0,,
SavedShot,318871,26,Successful,79.8,32.7,,
Save,236519,161,Successful,10.5,60.4,,
CornerAwarded,236519,161,Unsuccessful,9.4,64.2,,
CornerAwarded,318871,26,Successful,90.6,35.8,,
Pass,318871,26,Successful,99.5,0.5,91,48.5
Aerial,97710,161,Unsuccessful,7.7,58.3,,
Aerial,68659,26,Successful,92.3,41.7,,
Goal,68659,26,Successful,92.6,43.1,,
Pass,337916,161,Successful,50.0,50.5,33.3,50.3
Pass,97710,161,Unsuccessful,32.5,46.6,59,7.4
Pass,115726,26,Unsuccessful,39.9,92.1,48.1,100
Pass,94042,161,Successful,57.9,0.0,64.3,4.9
Pass,108186,161,Successful,64.1,4.9,60.5,4.9
Challenge,33568,26,Unsuccessful,42.2,94.6,,
TakeOn,94042,161,Successful,57.8,5.4,,
Pass,94042,161,Successful,61.3,4.7,64.7,7.3
Pass,108186,161,Unsuccessful,65.8,3.8,65.5,2.6
BlockedPass,115726,26,Successful,39.5,97.5,,
Pass,94042,161,Successful,75.5,0.0,79.7,3.5
Pass,108186,161,Successful,79.7,3.5,75,2.2
Challenge,33568,26,Unsuccessful,27.0,89.0,,
TakeOn,94042,161,Successful,73.0,11.0,,
BallTouch,94042,161,Unsuccessful,76.2,6.8,,
BallRecovery,109915,26,Successful,26.3,74.5,,
Pass,109915,26,Successful,26.3,74.5,32.2,57.3
Pass,84146,26,Successful,32.2,57.3,39.2,60.6
Pass,108226,26,Successful,39.6,57.8,29.6,31.6
Pass,318871,26,Successful,29.6,31.5,23.8,40.4
Pass,136451,26,Successful,23.8,41.2,30.1,47.5
Pass,68659,26,Successful,29.5,45.1,31.4,13.5
Pass,318871,26,Successful,41.1,11.4,53.7,16.8
Pass,84146,26,Successful,53.7,16.8,42.9,6.2
Pass,318871,26,Unsuccessful,45.1,6.4,74.8,24
BallRecovery,97710,161,Successful,21.9,82.4,,
Pass,97710,161,Successful,14.2,80.8,48,52.7
Aerial,95408,26,Unsuccessful,50.2,48.8,,
Aerial,140088,161,Successful,49.8,51.2,,
Pass,140088,161,Successful,48.0,52.7,43.9,67.6
Pass,337916,161,Successful,40.7,75.9,41.7,91.7
Pass,115917,161,Successful,42.3,91.4,55.1,86.3
Pass,16161,161,Successful,59.4,86.6,74.5,96.5
Pass,140088,161,Unsuccessful,96.8,85.1,97.5,68.1
Clearance,136451,26,Successful,4.7,34.8,0,37.4
CornerAwarded,140088,161,Successful,100.0,67.8,,
CornerAwarded,136451,26,Unsuccessful,0.0,32.2,,
Pass,16161,161,Successful,99.5,99.5,78,84.4
Pass,238244,161,Successful,76.0,78.7,92.6,45.1
MissedShots,94042,161,Successful,93.3,42.9,,
Pass,114147,26,Successful,4.8,45.4,7.8,67.8
Pass,95408,26,Successful,8.3,64.5,25.1,92.5
Pass,115726,26,Successful,40.4,86.9,43.6,72.9
Pass,96182,26,Successful,43.7,73.8,39.5,76.1
Pass,33568,26,Successful,39.8,77.2,36.1,90.3
Pass,115726,26,Successful,37.1,85.0,43.5,69.4
Pass,96182,26,Successful,43.5,69.4,39.9,62.4
Pass,68659,26,Unsuccessful,39.9,62.4,41.9,64.2
BlockedPass,16161,161,Successful,59.3,33.4,,
Pass,109915,26,Successful,44.6,99.2,40.6,89
Pass,115726,26,Successful,41.7,86.6,52.2,33.7
Pass,318871,26,Successful,58.9,34.9,76.9,9.4
Pass,108226,26,Unsuccessful,80.6,23.3,77.5,40.3
Interception,238244,161,Successful,22.2,64.9,,
Challenge,318871,26,Unsuccessful,75.4,35.5,,
TakeOn,238244,161,Successful,24.6,64.5,,
BallRecovery,238244,161,Successful,26.9,68.5,,
Pass,238244,161,Successful,40.2,72.6,45.3,87.7
Pass,337916,161,Successful,42.6,90.8,22.4,81.2
Pass,236519,161,Successful,23.0,79.9,15.9,53
Pass,97710,161,Successful,15.2,52.1,43.6,5.2
Aerial,115726,26,Unsuccessful,55.0,96.6,,
Aerial,94042,161,Successful,45.0,3.4,,
Pass,94042,161,Successful,43.6,5.2,53.5,8.9
Pass,108186,161,Successful,46.2,6.7,43.9,24.4
Challenge,68659,26,Unsuccessful,55.4,69.1,,
TakeOn,238244,161,Successful,44.6,30.9,,
Pass,238244,161,Unsuccessful,47.5,39.8,53.8,51.2
BallRecovery,84146,26,Successful,46.9,49.3,,
Pass,84146,26,Successful,46.9,49.3,51.7,64.9
Pass,68659,26,Successful,51.7,64.8,46.8,57.9
Pass,108226,26,Successful,46.8,57.9,60.7,56
Pass,96182,26,Unsuccessful,60.7,56.0,61.2,62.6
Pass,124106,161,Successful,37.5,35.5,40,36.6
BallTouch,238244,161,Successful,40.0,36.6,,
BallRecovery,97710,161,Successful,32.1,40.6,,
Pass,97710,161,Successful,32.1,40.6,32,87.5
Pass,115917,161,Successful,53.6,93.5,54.9,83.3
Foul,140088,161,Successful,59.2,80.5,,
Foul,68659,26,Unsuccessful,40.8,19.5,,
Pass,16161,161,Unsuccessful,63.7,86.8,74.1,74.8
Pass,318871,26,Successful,26.1,22.8,35.9,33.4
BallRecovery,96182,26,Successful,36.9,35.7,,
Challenge,16161,161,Unsuccessful,64.1,66.0,,
TakeOn,96182,26,Successful,35.9,34.0,,
Pass,96182,26,Unsuccessful,42.1,30.9,75.6,13.5
BallRecovery,97710,161,Successful,24.5,86.2,,
Pass,97710,161,Successful,12.8,86.6,19.2,56.6
Pass,236519,161,Successful,19.1,52.5,22.6,20.4
Pass,124106,161,Successful,23.5,22.8,18,46.4
Pass,236519,161,Successful,15.9,60.3,20.5,87.4
Pass,97710,161,Unsuccessful,26.0,88.9,67.9,74.4
Pass,136451,26,Unsuccessful,30.3,26.4,36.1,29.4
Pass,108186,161,Successful,65.7,81.8,74.5,89.7
Pass,140088,161,Unsuccessful,93.6,84.3,90.9,57.5
Clearance,95408,26,Successful,8.8,42.1,27.7,17.1
Pass,16161,161,Successful,72.1,80.6,76.8,83.6
Pass,115917,161,Successful,76.8,83.6,71.3,71.8
Foul,337916,161,Successful,69.9,82.4,,
Foul,96182,26,Unsuccessful,30.1,17.6,,
Pass,337916,161,Unsuccessful,69.6,84.1,89.8,47.5
Clearance,95408,26,Successful,9.2,54.5,8.8,45.4
KeeperPickup,114147,26,Successful,8.8,45.4,,
Pass,114147,26,Successful,13.4,41.9,63.6,16.8
BallTouch,108226,26,Unsuccessful,64.0,17.7,,
BallRecovery,115917,161,Successful,20.9,61.5,,
Pass,115917,161,Successful,21.7,62.4,30.5,76.3
Pass,16161,161,Successful,39.1,76.7,29.3,57
Pass,97710,161,Successful,29.9,54.5,31.7,26.5
Pass,124106,161,Successful,31.7,26.5,38.8,32.7
Pass,238244,161,Successful,38.8,32.7,32.6,25.9
Pass,124106,161,Successful,32.9,26.4,25.4,56.7
Pass,97710,161,Successful,25.4,56.7,31.5,72.9
Pass,236519,161,Successful,40.5,79.0,54.3,79.4
Pass,337916,161,Unsuccessful,56.0,80.6,67.9,89.7
BallRecovery,318871,26,Successful,28.4,5.5,,
Pass,318871,26,Successful,23.7,4.6,4.8,25.9
Pass,114147,26,Unsuccessful,7.1,19.1,54.6,17.6
Aerial,108226,26,Unsuccessful,57.6,20.0,,
Aerial,236519,161,Successful,42.4,80.0,,
Interception,236519,161,Successful,39.2,81.8,,
Pass,108226,26,Successful,58.7,16.3,57,19.4
Pass,96182,26,Successful,52.8,10.9,41.9,31.3
Pass,136451,26,Successful,41.4,34.6,46.7,83.8
Pass,115726,26,Successful,55.7,80.3,61.9,74.8
Pass,109915,26,Successful,61.4,75.9,56.6,83.8
Pass,115726,26,Successful,56.6,83.8,58.6,79.1
Pass,109915,26,Successful,58.5,77.9,56.7,73.2
Pass,33568,26,Successful,56.2,73.3,52.1,92.1
Pass,115726,26,Successful,51.7,88.9,38.7,63.7
Pass,95408,26,Successful,38.1,61.7,40.2,33.4
Pass,136451,26,Successful,41.3,31.8,45.8,8.5
Pass,318871,26,Successful,46.7,9.1,36.6,32.2
Pass,136451,26,Successful,37.7,31.5,43.6,10.9
Pass,318871,26,Unsuccessful,47.4,7.7,78.8,12.8
Pass,236519,161,Successful,21.5,82.9,26.3,89.4
BallRecovery,115917,161,Successful,27.0,93.9,,
Challenge,108226,26,Unsuccessful,71.6,3.7,,
TakeOn,115917,161,Successful,28.4,96.3,,
TakeOn,115917,161,Unsuccessful,31.2,96.6,,
Tackle,96182,26,Unsuccessful,68.8,3.4,,
BallTouch,115917,161,Successful,33.9,96.2,,
Pass,318871,26,Successful,68.1,0.0,66,9.5
Pass,33568,26,Successful,66.0,9.5,67.6,2.6
Pass,318871,26,Successful,67.6,2.6,70.7,4.7
Challenge,115917,161,Unsuccessful,19.6,94.8,,
TakeOn,33568,26,Successful,80.4,5.2,,
Pass,33568,26,Unsuccessful,92.5,5.9,86.7,84.4
BallRecovery,94042,161,Successful,11.8,15.5,,
Pass,94042,161,Successful,32.9,5.8,45.9,43.7
Pass,140088,161,Successful,45.0,67.0,42.5,92.9
Pass,115917,161,Successful,46.3,92.7,41.3,78.4
Pass,16161,161,Successful,39.9,77.8,37.6,43.7
Pass,238244,161,Successful,38.5,39.4,37.1,24.4
Pass,124106,161,Successful,39.8,21.8,53.8,1.6
Pass,94042,161,Successful,53.8,1.6,42.3,4.7
Pass,124106,161,Successful,42.3,5.6,29.5,44.8
Pass,97710,161,Successful,29.5,44.8,32.4,74.2
Pass,236519,161,Successful,32.1,74.7,43.7,98.3
Pass,115917,161,Successful,43.0,96.8,61.7,89.4
Pass,337916,161,Unsuccessful,57.9,95.9,62.4,95.1
Interception,318871,26,Successful,37.6,4.1,,
Pass,115917,161,Successful,58.7,100.0,64.7,95.1
Dispossessed,16161,161,Successful,65.0,95.5,,
Tackle,84146,26,Unsuccessful,35.0,4.5,,
Pass,16161,161,Unsuccessful,65.2,95.4,68.2,95.3
BallTouch,318871,26,Unsuccessful,29.2,2.3,,
Pass,115917,161,Successful,67.2,100.0,72.3,72
Pass,238244,161,Successful,72.5,71.4,82.6,15.6
Pass,140088,161,Unsuccessful,97.1,27.1,90.1,52.1
Clearance,318871,26,Successful,10.6,46.6,15.6,44.5
BallTouch,337916,161,Unsuccessful,85.1,53.7,,
Clearance,318871,26,Successful,14.5,48.4,5.9,55.2
BallTouch,108186,161,Unsuccessful,93.1,47.5,,
KeeperPickup,114147,26,Successful,5.6,55.2,,
Pass,114147,26,Successful,8.4,58.7,22.2,88.3
Pass,96182,26,Successful,31.5,91.9,48.1,93.6
Pass,115726,26,Successful,61.1,86.2,62.6,69.3
Pass,109915,26,Successful,71.4,74.8,87.8,39.2
Save,236519,161,Successful,7.8,56.4,,
SavedShot,108226,26,Successful,89.7,49.5,,
BallRecovery,94042,161,Successful,8.4,11.6,,
Pass,94042,161,Successful,10.3,4.6,9,17.3
Pass,124106,161,Successful,9.9,17.7,5.2,44.2
Pass,97710,161,Unsuccessful,4.1,34.3,43.4,24.9
BallTouch,95408,26,Successful,54.9,73.5,,
BallRecovery,115726,26,Successful,58.2,94.1,,
Pass,115726,26,Successful,61.8,93.0,70.4,82.4
Pass,96182,26,Successful,70.3,82.4,61.9,95.1
Pass,115726,26,Successful,59.6,92.3,36.6,93.5
Pass,95408,26,Successful,36.3,93.6,14.7,62.4
Pass,114147,26,Successful,16.0,58.1,43.4,14
Pass,318871,26,Successful,44.0,14.0,56.4,23.7
Pass,84146,26,Successful,56.4,23.7,51.3,19.4
Pass,318871,26,Successful,51.3,19.4,47.8,31.3
Pass,68659,26,Successful,48.4,32.2,52,56.6
Pass,33568,26,Successful,52.0,56.6,60,93.3
Pass,115726,26,Successful,62.8,88.7,62.4,80.2
Pass,109915,26,Successful,62.4,78.1,62.8,68.2
Pass,33568,26,Successful,65.1,66.0,66.7,77.3
Pass,109915,26,Successful,68.3,75.9,71,69
Pass,96182,26,Successful,71.0,69.0,66.6,73.5
Pass,33568,26,Successful,67.1,75.7,69.8,95.6
Pass,115726,26,Successful,75.0,91.1,72.6,79
Pass,33568,26,Successful,71.7,80.3,69.5,92.6
Pass,115726,26,Successful,64.8,90.8,51,73.8
Pass,95408,26,Successful,50.8,73.8,59.9,96
Pass,115726,26,Successful,61.0,95.1,61.7,78.8
Pass,68659,26,Successful,62.4,80.6,62.2,95.9
Pass,115726,26,Successful,61.6,93.3,45.6,72.4
Pass,95408,26,Successful,45.8,68.5,39.6,46.6
Pass,136451,26,Successful,39.8,46.1,45.4,54.2
Pass,68659,26,Successful,45.6,51.6,53.6,31.2
Pass,84146,26,Unsuccessful,55.0,30.0,70.6,26.8
BallRecovery,236519,161,Successful,22.5,73.3,,
Pass,236519,161,Successful,22.5,73.3,30.1,92.1
Pass,115917,161,Successful,30.2,92.1,34.3,80.6
Pass,16161,161,Unsuccessful,33.2,79.0,32.4,77
BlockedPass,96182,26,Successful,67.9,19.1,,
Error,16161,161,Successful,28.1,77.5,,
Pass,96182,26,Successful,68.4,20.0,75.8,19
BallRecovery,108226,26,Successful,76.7,30.7,,
SavedShot,108226,26,Successful,78.1,33.6,,
Save,97710,161,Successful,15.2,59.0,,
BallRecovery,236519,161,Successful,14.6,69.7,,
Pass,236519,161,Unsuccessful,14.6,69.7,34.6,86.5
Pass,318871,26,Unsuccessful,61.1,20.3,83.8,0
Pass,115917,161,Successful,17.7,100.0,20.7,89.6
Pass,16161,161,Unsuccessful,21.5,85.7,18.5,95.8
Pass,115917,161,Unsuccessful,16.7,94.8,15.3,0
Pass,109915,26,Successful,83.7,100.0,71.3,94.2
Pass,115726,26,Successful,67.7,92.6,73.8,96.5
Pass,109915,26,Successful,73.1,96.5,67.7,92.9
Pass,115726,26,Successful,65.7,91.7,47.2,74.4
Pass,95408,26,Successful,46.8,73.3,59.6,92.1
Pass,115726,26,Successful,60.7,92.1,67,95.9
Pass,109915,26,Successful,66.6,95.6,61.7,94.2
Pass,115726,26,Successful,61.8,92.6,67,69.1
BallTouch,96182,26,Unsuccessful,68.8,66.7,,
Pass,238244,161,Successful,30.1,32.2,22.8,32.6
BallRecovery,97710,161,Successful,20.7,35.5,,
Pass,97710,161,Successful,20.7,35.5,32,39.5
Pass,16161,161,Successful,32.0,39.5,45.4,32.5
Challenge,96182,26,Unsuccessful,48.3,50.6,,
TakeOn,140088,161,Successful,51.7,49.4,,
Challenge,68659,26,Unsuccessful,46.1,50.6,,
TakeOn,140088,161,Successful,53.9,49.4,,
Pass,140088,161,Unsuccessful,56.4,46.0,68.6,100
Pass,318871,26,Successful,33.3,0.0,47.6,7.7
Pass,96182,26,Successful,45.2,10.1,47.2,2
Pass,68659,26,Unsuccessful,46.5,2.3,89.1,23.7
BallRecovery,97710,161,Successful,7.2,75.0,,
Pass,97710,161,Successful,7.2,75.0,12.9,50
Pass,124106,161,Successful,12.1,54.8,20,92
Pass,236519,161,Unsuccessful,24.5,85.1,82.6,83
KeeperSweeper,114147,26,Successful,0.0,0.0,,
BallRecovery,114147,26,Successful,15.3,15.2,,
Pass,114147,26,Successful,15.3,15.2,26.8,22.5
Pass,136451,26,Successful,26.8,22.5,27.8,6.7
Pass,318871,26,Successful,29.7,4.6,56.8,9.5
Pass,84146,26,Successful,61.5,19.8,75.4,56.7
Dispossessed,109915,26,Successful,85.3,57.3,,
Tackle,124106,161,Unsuccessful,14.7,42.7,,
BallTouch,109915,26,Successful,83.8,58.8,,
Pass,23089,161,Successful,4.1,37.5,9.4,20.4
Pass,124106,161,Successful,8.8,20.2,30.6,2.7
Pass,94042,161,Unsuccessful,41.2,3.1,51.6,8.7
Pass,115726,26,Unsuccessful,48.0,87.0,68.9,94.2
Pass,124106,161,Successful,22.7,17.1,14.4,54.3
Pass,97710,161,Successful,14.4,54.3,22.5,79.1
Pass,236519,161,Successful,34.6,91.1,43.1,81.2
Pass,115917,161,Unsuccessful,43.1,81.2,75.8,81.1
BallRecovery,136451,26,Successful,23.9,17.3,,
Pass,136451,26,Successful,23.9,17.3,9.6,28.3
Pass,114147,26,Successful,9.6,28.3,30.6,22.1
Pass,68659,26,Successful,31.4,19.7,32.7,5.6
Pass,84146,26,Successful,41.9,11.6,46.9,27.7
Pass,96182,26,Unsuccessful,46.9,27.7,48.3,25.9
Interception,16161,161,Successful,55.5,79.9,,
Pass,108226,26,Successful,57.7,34.7,59.7,56.9
BallTouch,109915,26,Unsuccessful,59.5,54.2,,
BallTouch,94042,161,Successful,38.6,48.4,,
Pass,33568,26,Successful,54.4,54.0,61.7,61.8
Pass,108226,26,Successful,75.7,70.6,83.5,85.4
Pass,115726,26,Successful,83.5,84.2,79.6,71.7
Pass,108226,26,Unsuccessful,82.7,70.0,100,63
Pass,23089,161,Successful,4.6,43.3,44,16.4
Aerial,33568,26,Unsuccessful,54.9,85.0,,
Aerial,94042,161,Successful,45.1,15.0,,
Pass,94042,161,Unsuccessful,44.0,16.4,55.1,29.5
Pass,68659,26,Unsuccessful,46.6,74.7,54.7,70.8
Aerial,96182,26,Unsuccessful,55.6,73.8,,
Aerial,238244,161,Successful,44.4,26.2,,
Pass,238244,161,Unsuccessful,43.6,34.5,54.3,32.8
Pass,95408,26,Unsuccessful,43.0,73.5,58.1,21.8
Pass,115917,161,Successful,35.4,81.4,21.8,74.1
Pass,236519,161,Successful,21.8,74.2,17.7,55.4
Pass,97710,161,Successful,22.6,52.5,24.8,77.9
Pass,236519,161,Successful,31.1,83.2,25.6,54.6
Pass,97710,161,Unsuccessful,28.8,47.6,80.6,11.9
BallTouch,115726,26,Unsuccessful,20.4,89.6,,
Pass,140088,161,Unsuccessful,73.9,3.5,60.6,16.8
BallTouch,109915,26,Successful,41.0,76.6,,
BallRecovery,96182,26,Successful,45.7,74.4,,
Pass,96182,26,Successful,45.7,74.4,44.4,67.9
TakeOn,109915,26,Unsuccessful,45.6,66.6,,
Tackle,238244,161,Unsuccessful,54.4,33.4,,
Pass,68659,26,Unsuccessful,45.1,58.2,48,56.7
BlockedPass,238244,161,Successful,52.7,42.7,,
Pass,68659,26,Successful,53.3,54.5,57.9,53.3
BallTouch,16161,161,Unsuccessful,45.6,48.1,,
Pass,109915,26,Successful,57.9,53.3,52.8,45.4
TakeOn,68659,26,Unsuccessful,52.8,45.4,,
Pass,16161,161,Unsuccessful,38.0,44.6,47.8,41.9
Pass,33568,26,Successful,51.1,56.4,51.6,36.3
Pass,84146,26,Successful,51.2,41.0,51.5,59.1
Pass,33568,26,Successful,51.2,59.3,40.1,62.7
Pass,95408,26,Successful,42.1,61.7,51,21.3
Pass,318871,26,Successful,51.5,21.2,60.6,29.5
TakeOn,84146,26,Unsuccessful,62.9,28.6,,
Tackle,236519,161,Successful,37.1,71.4,,
BallRecovery,337916,161,Successful,41.0,75.4,,
Pass,337916,161,Successful,39.0,73.0,34.9,64.9
Pass,16161,161,Successful,38.9,61.1,42.1,37.9
Dispossessed,238244,161,Successful,43.2,34.6,,
Tackle,109915,26,Successful,56.8,65.4,,
BallRecovery,109915,26,Successful,52.7,63.1,,
Pass,109915,26,Successful,68.1,64.0,80.6,81.5
BallTouch,96182,26,Successful,79.9,85.7,,
Pass,94042,161,Successful,36.8,0.0,35.6,10.8
BallTouch,124106,161,Successful,35.3,10.6,,
KeeperPickup,114147,26,Successful,12.9,56.0,,
Pass,114147,26,Successful,14.0,55.5,23.5,43.6
Pass,136451,26,Successful,23.5,36.7,43.3,4.9
Pass,318871,26,Successful,70.6,7.9,73.5,16.4
Pass,108226,26,Unsuccessful,73.5,16.4,76.9,12.5
Pass,115917,161,Unsuccessful,20.6,92.4,31.9,95.3
Pass,108226,26,Successful,65.5,5.2,36.5,30.9
Pass,136451,26,Successful,40.8,27.1,53.3,7
Pass,108226,26,Successful,55.4,15.2,55.7,46.4
BallTouch,33568,26,Unsuccessful,55.7,46.4,,
Pass,238244,161,Successful,37.0,46.4,46.4,32.2
BallRecovery,140088,161,Successful,46.4,32.2,,
Pass,140088,161,Successful,45.0,30.4,46,34.2
Pass,238244,161,Successful,45.4,34.3,31.1,25
Pass,124106,161,Successful,31.1,25.9,28.9,66.7
Pass,236519,161,Successful,30.8,71.1,61,95.9
TakeOn,115917,161,Unsuccessful,78.4,90.8,,
Tackle,318871,26,Successful,21.6,9.2,,
BallRecovery,318871,26,Successful,17.0,4.9,,
Pass,318871,26,Unsuccessful,19.5,4.4,40.5,27
Pass,238244,161,Unsuccessful,60.4,69.4,73.6,57.3
Pass,95408,26,Successful,29.0,42.5,39.8,62.4
Pass,33568,26,Successful,54.0,74.4,55.1,91.7
Pass,115726,26,Successful,54.4,88.7,53,60
Pass,68659,26,Successful,52.8,53.6,55.8,21.3
Pass,318871,26,Unsuccessful,67.0,15.5,93.9,11.1
BallRecovery,236519,161,Successful,2.7,87.4,,
Pass,236519,161,Unsuccessful,3.5,92.3,20,95
Pass,84146,26,Unsuccessful,85.8,7.3,100,18.6
Pass,23089,161,Unsuccessful,5.0,63.0,53.7,0
Pass,115726,26,Successful,42.3,100.0,46.7,92.3
Pass,109915,26,Successful,46.4,92.3,40.8,98.3
Pass,115726,26,Successful,41.4,96.0,39.8,26.7
Pass,318871,26,Successful,42.9,26.5,56.3,36
Pass,84146,26,Successful,64.7,20.9,61.5,30.6
Pass,68659,26,Successful,62.9,26.8,63.3,9.7
Pass,84146,26,Successful,60.8,10.1,56.6,9.7
Pass,318871,26,Successful,56.5,12.2,57.2,90.3
Pass,115726,26,Successful,64.7,91.7,66,96.2
Pass,109915,26,Successful,63.5,91.7,58.9,62.4
Pass,68659,26,Successful,53.7,54.2,51.4,42.1
Pass,136451,26,Successful,51.4,40.9,58.8,12.8
Pass,318871,26,Successful,58.8,12.8,69.7,17
Pass,108226,26,Successful,69.8,1.4,63.6,4.3
Pass,318871,26,Successful,67.5,9.7,72.8,4.7
Pass,108226,26,Successful,70.3,3.8,64.1,3.2
Pass,318871,26,Unsuccessful,64.2,3.2,92.3,28.2
Pass,97710,161,Successful,4.9,69.0,2.8,64.8
KeeperPickup,23089,161,Successful,2.8,64.8,,
Pass,23089,161,Successful,8.0,50.7,38.6,90.6
Aerial,318871,26,Unsuccessful,60.2,8.1,,
Aerial,115917,161,Successful,39.8,91.9,,
Pass,115917,161,Unsuccessful,38.6,90.6,57.6,95.1
Pass,136451,26,Unsuccessful,43.7,3.2,74.1,1.9
Pass,236519,161,Successful,22.3,96.5,12.1,63.4
Pass,97710,161,Successful,14.9,60.6,22.6,85.6
Pass,236519,161,Successful,27.6,89.6,56.2,95
Pass,115917,161,Successful,57.0,94.5,68.4,72.3
Pass,108186,161,Successful,88.3,85.1,92.3,85.3
BallTouch,115917,161,Unsuccessful,95.6,80.9,,
ShieldBallOpp,95408,26,Successful,0.0,0.0,,
Pass,114147,26,Successful,4.5,46.9,14.5,12.3
Pass,318871,26,Unsuccessful,38.1,17.3,57.5,83.2
BallRecovery,94042,161,Successful,39.7,9.8,,
Pass,94042,161,Successful,45.3,12.2,33.4,19.2
Pass,124106,161,Successful,33.4,19.2,27.9,41.3
Pass,97710,161,Successful,27.3,43.0,29,64
Pass,236519,161,Successful,32.1,68.4,28.9,41.2
Pass,97710,161,Successful,30.2,41.0,32.6,29.5
Pass,238244,161,Successful,32.7,29.2,28.4,44.8
Pass,97710,161,Successful,31.1,25.9,67.9,8
Pass,140088,161,Unsuccessful,95.9,11.7,92.9,44.5
Clearance,136451,26,Successful,3.8,56.7,22.4,74.4
BallRecovery,109915,26,Successful,22.4,74.4,,
Pass,109915,26,Successful,22.4,74.4,19,73.3
Pass,68659,26,Successful,20.4,73.0,41.6,61.8
Pass,108226,26,Unsuccessful,48.3,72.9,46.8,67.6
BallRecovery,238244,161,Successful,54.7,29.4,,
Pass,238244,161,Successful,56.0,31.5,54.9,47.6
Pass,337916,161,Successful,55.2,54.3,65.8,86
Pass,115917,161,Successful,73.9,73.3,91.2,85.3
Pass,337916,161,Unsuccessful,89.9,82.3,91.2,59.7
Clearance,136451,26,Successful,8.0,37.4,23.6,24.6
Pass,16161,161,Unsuccessful,73.1,70.6,66.6,55.2
BallRecovery,108226,26,Successful,33.4,43.3,,
Pass,108226,26,Unsuccessful,40.8,37.4,56.2,35.5
BallRecovery,97710,161,Successful,42.2,62.7,,
Pass,97710,161,Successful,42.2,62.7,44.4,51.5
Pass,124106,161,Successful,44.4,50.0,45.6,32.2
Pass,238244,161,Successful,46.0,31.0,55.1,10.4
BallTouch,94042,161,Successful,57.9,8.5,,
SubstitutionOff,109915,26,Successful,0.0,0.0,,
SubstitutionOn,262838,26,Successful,0.0,0.0,,
Pass,33568,26,Successful,39.9,100.0,37.4,95.1
BallTouch,115726,26,Successful,38.4,92.1,,
BallRecovery,97710,161,Successful,24.6,58.7,,
Pass,97710,161,Successful,24.6,58.7,26.9,68.5
Pass,236519,161,Unsuccessful,32.1,75.7,54.2,93
Interception,84146,26,Successful,47.9,7.3,,
Pass,115917,161,Successful,65.3,100.0,75.1,95.7
Pass,108186,161,Unsuccessful,75.1,95.7,88.8,40.9
KeeperPickup,114147,26,Successful,12.6,60.0,,
Pass,114147,26,Successful,13.3,59.9,26,54.2
Pass,95408,26,Successful,28.4,53.0,34.7,41.6
Pass,68659,26,Successful,35.7,37.7,47.4,19.5
Pass,84146,26,Successful,46.2,16.2,60.6,3.1
Pass,108226,26,Successful,58.9,2.8,43.5,3.7
Pass,318871,26,Successful,44.8,15.9,42.8,96.8
Pass,115726,26,Successful,41.7,94.5,37.7,70.2
Pass,95408,26,Successful,38.2,72.7,45.9,95.1
Pass,115726,26,Successful,54.6,92.3,53.9,85.3
Pass,33568,26,Successful,56.2,88.4,59.1,96.5
Pass,115726,26,Successful,58.5,95.6,54.1,92.9
Pass,33568,26,Successful,51.5,92.9,14.6,63.3
Pass,114147,26,Successful,15.0,50.7,26.3,16.4
Pass,318871,26,Unsuccessful,43.4,12.2,46.9,14.3
BallTouch,16161,161,Successful,53.4,83.7,,
BallRecovery,115917,161,Successful,43.2,88.6,,
Pass,115917,161,Successful,43.2,88.6,64.4,86.9
Aerial,136451,26,Unsuccessful,34.1,15.6,,
Aerial,108186,161,Successful,65.9,84.4,,
Pass,108186,161,Successful,66.1,86.3,72.7,86.1
BallTouch,337916,161,Unsuccessful,68.5,86.8,,
BallTouch,68659,26,Successful,21.6,14.7,,
Foul,337916,161,Unsuccessful,75.8,85.9,,
Foul,,26,Successful,24.2,14.1,,
Pass,318871,26,Successful,11.7,12.2,16.7,48.9
Pass,95408,26,Successful,16.2,50.9,27.1,52.4
Pass,33568,26,Successful,28.3,55.9,31.9,78.9
Pass,115726,26,Successful,48.1,86.3,58.2,96.9
Pass,262838,26,Successful,55.4,95.0,54.5,87.1
Pass,96182,26,Successful,54.3,87.1,51.3,93.5
Pass,262838,26,Successful,45.6,91.5,31,42.8
Pass,136451,26,Successful,34.2,36.0,43.2,14.6
Pass,318871,26,Successful,44.7,15.3,42,32.5
Pass,68659,26,Successful,42.4,30.0,41.1,18.8
Pass,318871,26,Successful,36.4,25.6,13.5,44.2
Pass,114147,26,Successful,16.3,44.8,37.3,68.7
Challenge,94042,161,Unsuccessful,57.8,24.0,,
TakeOn,262838,26,Successful,42.2,76.0,,
Pass,262838,26,Successful,61.4,88.3,67.5,93.2
Pass,115726,26,Successful,73.6,85.6,80.3,91.2
Pass,262838,26,Successful,74.7,80.8,69.5,67.8
Pass,68659,26,Successful,67.9,63.7,72.7,44.3
Pass,108226,26,Successful,72.8,50.6,75.2,71.2
Pass,262838,26,Successful,75.9,71.8,80.2,71.4
Pass,96182,26,Successful,80.2,71.4,78.5,88.6
Pass,115726,26,Unsuccessful,80.3,92.3,82.8,84.1
BallTouch,94042,161,Successful,16.9,15.3,,
BallRecovery,124106,161,Successful,16.7,22.8,,
Pass,124106,161,Successful,18.0,22.5,17.3,11.7
Pass,94042,161,Unsuccessful,17.3,11.7,35.6,28.3
BallRecovery,68659,26,Successful,63.7,62.9,,
Pass,68659,26,Successful,66.2,64.5,67.1,81.8
Pass,115726,26,Successful,68.8,83.0,74.6,93.9
Pass,96182,26,Unsuccessful,78.5,83.0,80.1,67
BallRecovery,16161,161,Successful,19.4,34.9,,
Pass,16161,161,Successful,19.4,34.9,25.5,36
Challenge,96182,26,Unsuccessful,72.2,63.3,,
TakeOn,337916,161,Successful,27.8,36.7,,
Foul,337916,161,Successful,34.0,38.6,,
Foul,68659,26,Unsuccessful,66.0,61.4,,
Pass,97710,161,Successful,26.6,58.8,29.3,36.3
Pass,124106,161,Successful,33.4,21.3,37.1,5.3
Pass,94042,161,Successful,37.1,5.3,27.4,24.1
Pass,124106,161,Successful,28.5,25.6,17.6,52.8
Pass,97710,161,Successful,18.5,52.8,24.3,31.3
Pass,124106,161,Successful,33.3,24.6,25.3,60.5
Pass,97710,161,Successful,25.9,61.8,30.5,83.3
Pass,236519,161,Successful,31.5,81.8,44.6,74.4
Pass,337916,161,Successful,44.6,74.4,56.4,96.8
BallTouch,115917,161,Unsuccessful,60.1,96.5,,
Pass,318871,26,Successful,30.3,0.0,32.4,8.9
Pass,33568,26,Unsuccessful,32.6,10.2,33.2,0
Pass,115917,161,Successful,68.6,100.0,72.5,90.2
Pass,337916,161,Successful,72.5,90.2,69.9,93.9
Pass,115917,161,Successful,72.4,93.2,80.2,97.7
Pass,108186,161,Successful,77.8,93.2,71.1,69.9
Pass,238244,161,Successful,76.3,74.8,76.2,94.2
Pass,16161,161,Successful,73.2,88.0,61.4,29.2
Pass,124106,161,Successful,62.5,27.3,70.8,3.5
Pass,94042,161,Successful,70.8,4.7,88.1,5.5
Pass,140088,161,Unsuccessful,90.8,5.3,92.1,41.2
Clearance,95408,26,Successful,6.6,61.5,26.1,76.6
Pass,238244,161,Successful,68.2,14.6,63.1,4.6
Pass,94042,161,Successful,63.3,6.2,68.5,5.2
Pass,238244,161,Successful,68.5,5.2,73.2,14.6
Pass,140088,161,Successful,72.9,18.2,68,23.9
Pass,238244,161,Unsuccessful,68.0,23.9,89.6,58.1
Clearance,318871,26,Successful,9.9,44.3,9.9,30.3
MissedShots,108186,161,Successful,86.0,61.2,,
Pass,114147,26,Successful,5.2,43.3,25.2,94.2
Pass,115726,26,Successful,27.5,97.8,49.4,92.4
Pass,262838,26,Successful,47.9,90.2,43.3,88
Pass,115726,26,Unsuccessful,45.3,87.1,58.9,69.9
Pass,97710,161,Successful,36.3,36.0,46.3,36.6
BallRecovery,16161,161,Successful,46.1,34.3,,
Pass,16161,161,Successful,46.1,34.3,43.1,20
Pass,238244,161,Successful,43.1,20.0,25.3,37.7
Pass,97710,161,Successful,25.3,37.7,3.4,64.9
Pass,23089,161,Successful,6.2,69.4,55.7,71.7
Foul,108186,161,Successful,57.0,72.0,,
Foul,136451,26,Unsuccessful,43.0,28.0,,
Pass,16161,161,Successful,55.7,71.7,53.7,53
Pass,238244,161,Successful,53.2,44.6,52.6,31.8
Pass,124106,161,Successful,52.6,31.8,46.2,54.2
Pass,97710,161,Successful,45.0,46.3,44.3,28.6
Pass,124106,161,Successful,43.9,30.1,20.9,66.6
Pass,23089,161,Unsuccessful,22.0,69.9,60.3,57.8
Pass,95408,26,Successful,40.1,40.1,53.9,60.8
BallTouch,262838,26,Unsuccessful,54.2,60.0,,
Pass,238244,161,Unsuccessful,43.4,49.0,74.4,90.3
BallRecovery,318871,26,Successful,33.9,12.2,,
Pass,318871,26,Successful,46.4,8.3,77.5,12.2
TakeOn,108226,26,Successful,86.6,8.1,,
Challenge,97710,161,Unsuccessful,13.4,91.9,,
Pass,108226,26,Successful,81.1,2.5,71.1,3.7
Pass,318871,26,Successful,71.1,3.8,74.3,13.8
Pass,84146,26,Successful,74.1,13.8,67.4,15.5
Pass,68659,26,Successful,66.2,27.3,67.4,81.2
Pass,115726,26,Successful,68.4,67.9,68.4,60.3
Pass,96182,26,Successful,68.4,60.3,60.5,58.7
Pass,68659,26,Successful,59.0,56.0,66.2,22.4
Pass,318871,26,Successful,68.7,19.2,70.8,8.3
Pass,108226,26,Unsuccessful,68.4,11.6,75.3,31.2
Pass,97710,161,Successful,21.1,66.0,30.1,71.5
BallRecovery,16161,161,Successful,30.6,72.0,,
Pass,16161,161,Unsuccessful,30.6,72.0,43.1,82.4
Pass,318871,26,Successful,54.5,15.5,64.3,18.2
BallRecovery,84146,26,Successful,64.8,17.0,,
Pass,84146,26,Successful,66.0,2.6,61.2,4.3
Pass,318871,26,Unsuccessful,61.1,4.4,72.8,16.2
Pass,236519,161,Successful,28.1,75.9,36.5,90.8
BallRecovery,115917,161,Successful,35.6,92.7,,
TakeOn,115917,161,Unsuccessful,44.0,94.4,,
Tackle,68659,26,Successful,56.0,5.6,,
Pass,115917,161,Successful,40.9,100.0,40.7,89.9
Pass,337916,161,Successful,40.7,89.9,40.2,93.8
BallTouch,115917,161,Unsuccessful,40.2,93.8,,
BallRecovery,68659,26,Successful,44.0,6.8,,
Pass,68659,26,Successful,40.4,19.1,37.4,59.1
Pass,115726,26,Successful,48.6,29.1,47.5,5.9
Pass,318871,26,Successful,54.1,5.6,71.2,80.9
Pass,262838,26,Successful,64.6,74.5,60.4,63.9
Pass,68659,26,Successful,60.8,63.3,60.5,72.6
Pass,262838,26,Successful,62.6,72.4,61.8,65.8
Pass,68659,26,Successful,62.3,68.8,64.3,93.2
Pass,115726,26,Successful,64.6,93.0,61.1,86
Pass,33568,26,Successful,60.2,89.0,62,97.2
Pass,115726,26,Successful,61.1,96.5,57.8,88.7
Pass,33568,26,Successful,56.6,88.3,38.2,82.3
Pass,95408,26,Successful,30.9,70.9,26.3,45.2
Pass,136451,26,Successful,27.2,39.4,36.5,11.9
Pass,318871,26,Successful,38.1,15.0,40.9,28.2
Pass,68659,26,Successful,41.5,27.6,51.2,14.6
Dispossessed,84146,26,Successful,47.4,13.2,,
Tackle,115917,161,Successful,52.6,86.8,,
BallTouch,337916,161,Successful,56.5,86.0,,
Pass,84146,26,Successful,42.8,22.8,37.8,39.4
Pass,136451,26,Successful,46.2,41.3,55.3,38.8
Pass,262838,26,Successful,55.3,38.8,48.8,43.4
Pass,136451,26,Successful,48.7,43.4,48.1,48.7
Pass,33568,26,Successful,48.1,48.7,49.5,40
Pass,84146,26,Successful,49.7,40.0,41,67.5
Pass,95408,26,Successful,41.5,67.9,53.5,76.3
Pass,96182,26,Successful,54.6,78.5,55.5,96
Pass,115726,26,Successful,56.5,95.0,60.4,86.3
Pass,96182,26,Successful,59.9,87.4,54.4,95
Pass,115726,26,Successful,54.2,92.0,41.6,71.8
Pass,95408,26,Successful,41.3,68.8,52.1,41.6
Pass,84146,26,Successful,46.3,45.2,44.8,56.7
Pass,68659,26,Successful,44.9,60.2,47.9,92.4
Pass,115726,26,Unsuccessful,53.0,88.6,56.2,65.7
BallRecovery,16161,161,Successful,40.7,38.8,,
Pass,16161,161,Successful,39.9,36.1,45.4,29.7
Pass,337916,161,Successful,46.4,31.8,43.9,38.2
Pass,16161,161,Successful,42.6,39.4,62.5,41.9
Pass,140088,161,Successful,63.2,41.0,80.1,17.7
Pass,94042,161,Unsuccessful,88.9,17.4,86.3,29.9
BallRecovery,68659,26,Successful,14.4,74.4,,
Pass,68659,26,Unsuccessful,45.4,71.7,88.5,44.5
KeeperPickup,23089,161,Successful,12.2,57.3,,
Pass,23089,161,Successful,12.2,57.3,24.6,74.5
Pass,236519,161,Successful,24.7,74.7,41.9,66.1
Pass,16161,161,Successful,46.2,69.9,43.7,84.8
Challenge,108226,26,Unsuccessful,36.1,24.4,,
TakeOn,236519,161,Successful,63.9,75.6,,
Pass,236519,161,Unsuccessful,65.1,74.2,66.6,74.2
BlockedPass,136451,26,Successful,27.4,25.3,,
BallTouch,236519,161,Successful,66.6,74.2,,
Save,95408,26,Successful,15.1,44.5,,
SavedShot,108186,161,Successful,82.3,52.4,,
BallTouch,115726,26,Successful,15.5,50.1,,
Pass,94042,161,Successful,82.0,7.6,68.7,14.7
Pass,238244,161,Successful,68.7,14.7,77.7,11.9
Pass,94042,161,Unsuccessful,79.8,12.3,87.1,67
Aerial,337916,161,Unsuccessful,87.6,62.7,,
Aerial,318871,26,Successful,12.4,37.3,,
Clearance,318871,26,Successful,12.0,41.6,14.5,13.5
Pass,115917,161,Unsuccessful,97.4,85.3,98,84.4
Clearance,84146,26,Successful,2.8,18.3,2.8,18.3
CornerAwarded,115917,161,Successful,99.6,81.4,,
CornerAwarded,84146,26,Unsuccessful,0.4,18.6,,
Pass,16161,161,Successful,99.5,99.5,90.4,97.5
Pass,337916,161,Unsuccessful,91.0,88.9,92.5,57.9
Clearance,96182,26,Successful,6.3,43.3,14.8,37.1
Clearance,68659,26,Successful,13.8,37.7,8.5,35.4
Clearance,115726,26,Successful,8.5,35.4,26.7,11.4
Pass,16161,161,Successful,63.1,84.4,36.8,76.4
Pass,97710,161,Successful,36.7,69.3,46.3,74.4
Pass,16161,161,Successful,44.5,74.4,34.5,37.6
Pass,238244,161,Unsuccessful,35.1,37.7,87.1,39.1
BallRecovery,114147,26,Successful,14.5,60.2,,
Pass,114147,26,Successful,11.9,61.1,24.1,96.2
Pass,115726,26,Successful,29.4,88.4,31.2,80.3
Pass,33568,26,Successful,31.3,81.1,29.8,92.6
Pass,115726,26,Successful,34.4,90.9,40.7,96
Pass,262838,26,Successful,40.7,96.0,33.3,94.8
Pass,115726,26,Successful,30.6,75.6,33.8,46.4
Pass,136451,26,Successful,46.0,41.3,44.5,20.6
Pass,318871,26,Successful,48.3,21.2,78.1,49.9
Pass,96182,26,Unsuccessful,78.1,49.9,100,65.7
Pass,23089,161,Successful,4.7,40.6,54.3,14.7
Aerial,33568,26,Unsuccessful,44.8,80.6,,
Aerial,94042,161,Successful,55.2,19.4,,
Pass,94042,161,Unsuccessful,51.6,12.6,59.2,17.4
Aerial,140088,161,Unsuccessful,58.9,21.3,,
Aerial,95408,26,Successful,41.1,78.7,,
Pass,95408,26,Successful,40.2,73.6,51.1,76.1
BallRecovery,262838,26,Successful,50.5,76.0,,
Pass,262838,26,Successful,49.4,77.1,47.2,79.3
TakeOn,33568,26,Unsuccessful,48.2,82.8,,
Tackle,238244,161,Successful,51.8,17.2,,
BallTouch,33568,26,Successful,52.5,73.9,,
BallRecovery,97710,161,Successful,21.4,34.9,,
Pass,97710,161,Successful,21.8,35.4,24.8,82.1
Pass,236519,161,Successful,26.8,82.6,43.7,75.1
Pass,337916,161,Successful,41.4,80.6,38,90.6
Pass,236519,161,Unsuccessful,42.1,92.7,70.3,100
Pass,318871,26,Unsuccessful,35.3,0.0,55.2,2.8
Pass,236519,161,Unsuccessful,41.1,93.6,43.8,81.1
Pass,96182,26,Successful,53.6,11.3,65.5,15
Challenge,124106,161,Unsuccessful,24.7,67.8,,
TakeOn,108226,26,Successful,75.3,32.2,,
Challenge,94042,161,Unsuccessful,19.7,56.7,,
TakeOn,108226,26,Successful,80.3,43.3,,
SavedShot,108226,26,Successful,86.5,55.3,,
Save,94042,161,Successful,10.8,43.3,,
KeeperPickup,23089,161,Successful,2.7,47.9,,
Pass,23089,161,Successful,11.5,50.3,44.9,12.2
Aerial,262838,26,Unsuccessful,57.3,85.2,,
Aerial,94042,161,Successful,42.7,14.8,,
Pass,94042,161,Successful,43.2,15.6,57.8,17.3
Pass,108186,161,Successful,54.9,6.2,43.1,5
Pass,124106,161,Successful,43.1,5.0,44.5,23.6
Pass,238244,161,Successful,44.6,23.9,26.5,24.7
Pass,97710,161,Successful,30.0,22.8,73.5,7.4
BallTouch,108186,161,Unsuccessful,73.2,5.9,,
Pass,115726,26,Successful,32.2,100.0,33.9,93.6
Pass,68659,26,Successful,33.8,93.8,31.4,98.1
Pass,115726,26,Successful,29.5,94.7,19.3,70.9
End,,26,Successful,0.0,0.0,,
End,,161,Successful,0.0,0.0,,
Start,,161,Successful,0.0,0.0,,
Start,,26,Successful,0.0,0.0,,
FormationChange,,26,Successful,0.0,0.0,,
Pass,337916,161,Successful,50.1,50.6,29.1,46.7
Pass,97710,161,Successful,30.6,46.7,35.3,28.2
Pass,124106,161,Successful,39.1,25.6,74.7,74.5
Aerial,318871,26,Unsuccessful,25.4,25.5,,
Aerial,108186,161,Successful,74.6,74.5,,
Pass,108186,161,Unsuccessful,74.7,74.5,69.4,100
Pass,318871,26,Unsuccessful,34.6,0.0,53.1,3.5
Pass,236519,161,Successful,45.5,96.9,56.5,81.2
Aerial,33568,26,Unsuccessful,43.9,21.1,,
Aerial,337916,161,Successful,56.1,78.9,,
Pass,337916,161,Successful,56.5,81.2,61.7,90.2
Pass,16161,161,Unsuccessful,61.7,90.2,64.4,90.5
Pass,318871,26,Successful,38.2,6.2,75.4,25.9
BallTouch,84146,26,Unsuccessful,79.6,25.6,,
BallRecovery,124106,161,Successful,7.3,82.9,,
Pass,124106,161,Successful,4.8,83.9,12.5,94.2
Pass,236519,161,Unsuccessful,10.4,96.8,46.8,90.9
Aerial,108186,161,Unsuccessful,47.3,87.1,,
Aerial,136451,26,Successful,52.7,12.9,,
Pass,136451,26,Successful,52.1,16.7,61.9,14.3
BallRecovery,262838,26,Successful,67.2,13.0,,
Pass,262838,26,Successful,64.2,11.4,59.1,7.3
Pass,318871,26,Successful,58.4,5.6,60.4,13.7
Pass,68659,26,Successful,58.0,16.1,58.1,6.7
Pass,318871,26,Successful,58.8,5.9,72.2,4.4
Pass,96182,26,Successful,74.8,20.7,73.6,53.9
Pass,33568,26,Successful,73.6,53.9,75.5,74.2
Pass,115726,26,Successful,75.9,69.7,74.3,65.5
Pass,33568,26,Successful,73.6,67.3,73.7,80.6
Pass,115726,26,Successful,72.4,81.8,80.6,71.7
Dispossessed,108226,26,Successful,77.4,73.6,,
Tackle,238244,161,Successful,22.6,26.4,,
BallRecovery,140088,161,Successful,28.4,17.3,,
BallTouch,140088,161,Unsuccessful,27.0,29.2,,
Error,140088,161,Successful,29.9,25.9,,
BallRecovery,108226,26,Successful,91.3,65.7,,
SavedShot,108226,26,Successful,89.9,67.4,,
Save,23089,161,Successful,1.9,48.1,,
CornerAwarded,23089,161,Unsuccessful,3.2,47.6,,
CornerAwarded,108226,26,Successful,96.8,52.4,,
Pass,318871,26,Successful,99.5,0.5,92.8,33.1
Aerial,108186,161,Unsuccessful,7.2,59.2,,
Aerial,68659,26,Successful,92.8,40.8,,
Pass,68659,26,Unsuccessful,93.5,37.7,96.4,52.4
Clearance,94042,161,Successful,3.5,45.2,21.2,51.8
BallRecovery,140088,161,Successful,19.7,50.3,,
Pass,140088,161,Unsuccessful,20.1,60.4,18.2,66
BallRecovery,68659,26,Successful,81.9,30.0,,
Pass,68659,26,Successful,81.9,30.0,77,34.3
Pass,84146,26,Unsuccessful,78.7,36.0,87.1,61.5
Clearance,115917,161,Successful,10.7,37.9,25.3,49.7
Challenge,95408,26,Unsuccessful,75.0,58.1,,
TakeOn,238244,161,Successful,25.0,41.9,,
BallRecovery,238244,161,Successful,30.1,38.2,,
Pass,238244,161,Successful,32.7,36.7,46.7,45.2
Pass,108186,161,Successful,46.7,45.2,44.8,24.1
Pass,115917,161,Successful,44.8,24.1,61.3,40.3
Pass,108186,161,Successful,68.5,45.7,76.5,73.5
SavedShot,337916,161,Successful,90.3,66.8,,
Save,136451,26,Successful,7.7,36.1,,
BallRecovery,318871,26,Successful,14.1,18.8,,
Pass,318871,26,Unsuccessful,29.5,2.3,63,12.9
BallRecovery,236519,161,Successful,30.2,92.3,,
Pass,236519,161,Successful,28.6,89.7,29.3,38.2
Pass,124106,161,Successful,30.4,36.4,40.4,12.9
Pass,94042,161,Successful,40.4,13.1,32.8,22.7
Pass,124106,161,Successful,31.1,25.8,24.3,57.2
Pass,97710,161,Successful,25.9,54.5,27.6,33.4
Pass,124106,161,Successful,28.8,33.9,32.3,54.5
Pass,16161,161,Successful,32.3,54.5,24.9,51.6
Pass,97710,161,Successful,25.4,46.6,57.5,5.2
Pass,94042,161,Successful,55.8,2.1,44.4,15.7
Pass,238244,161,Unsuccessful,45.3,14.3,81.3,0
Pass,115726,26,Successful,21.5,100.0,30.8,88.8
Pass,96182,26,Successful,25.9,93.6,18.7,96.5
Pass,115726,26,Unsuccessful,19.5,93.9,51.8,88.7
Pass,97710,161,Successful,48.6,12.4,69.7,23.4
BallRecovery,108186,161,Successful,68.5,27.9,,
Pass,108186,161,Successful,73.1,28.6,76.4,16.4
Pass,337916,161,Successful,80.5,13.7,87.3,9.2
Pass,94042,161,Successful,87.3,9.2,76.9,6.4
Pass,140088,161,Unsuccessful,86.8,9.7,88.4,35.8
Clearance,95408,26,Successful,12.2,65.7,25,74.5
Pass,238244,161,Successful,75.4,24.9,74.5,64
Pass,16161,161,Successful,74.5,64.0,87.7,63
Pass,115917,161,Successful,92.6,71.5,88.9,77.1
Pass,108186,161,Successful,78.5,75.0,60.4,84.1
Pass,236519,161,Successful,60.4,84.1,46.8,54.2
Pass,97710,161,Successful,46.7,46.4,62.2,17.3
Pass,238244,161,Successful,62.2,17.3,75.5,7.7
Pass,140088,161,Successful,93.4,23.4,92.3,68.8
Pass,108186,161,Successful,92.3,68.8,87.2,70.9
BallTouch,115917,161,Unsuccessful,86.2,69.3,,
Clearance,262838,26,Successful,15.1,26.5,21.6,33.7
Pass,16161,161,Successful,74.7,65.5,69.7,49.4
BallTouch,238244,161,Unsuccessful,66.8,50.4,,
BallRecovery,96182,26,Successful,38.8,39.7,,
Pass,96182,26,Successful,51.5,21.8,54.9,4.9
Pass,68659,26,Unsuccessful,56.0,5.2,73.2,6.4
BallRecovery,236519,161,Successful,22.7,88.4,,
Pass,236519,161,Successful,22.7,88.4,19.2,71.8
Pass,97710,161,Successful,19.2,71.8,28.7,85.1
Pass,238244,161,Successful,28.7,85.1,31.3,96.9
Pass,236519,161,Successful,36.7,94.5,46.7,77.2
Pass,337916,161,Successful,46.7,77.2,41.4,77.2
Pass,16161,161,Successful,44.3,79.9,39.9,95.9
Pass,236519,161,Unsuccessful,39.4,95.0,89.6,83.6
Interception,136451,26,Successful,11.2,11.0,,
BallRecovery,136451,26,Successful,10.1,8.3,,
Pass,136451,26,Successful,10.1,8.3,21.6,3.8
Pass,318871,26,Successful,30.6,4.3,41.6,1.7
Pass,262838,26,Successful,41.5,1.7,35.8,2.3
Pass,318871,26,Successful,36.6,3.4,39.4,8.8
Pass,68659,26,Successful,39.4,8.8,44,1.1
Pass,262838,26,Successful,52.2,4.1,47.4,10.7
Pass,68659,26,Successful,55.7,11.4,68.8,2.9
Dispossessed,262838,26,Successful,71.0,14.4,,
Tackle,236519,161,Unsuccessful,29.0,85.6,,
Challenge,236519,161,Unsuccessful,30.0,87.4,,
TakeOn,68659,26,Successful,70.0,12.6,,
Pass,68659,26,Unsuccessful,91.2,19.5,96.2,53.3
Clearance,94042,161,Successful,3.4,48.2,9.9,19.2
SavedShot,108226,26,Successful,88.2,67.0,,
Save,23089,161,Successful,2.5,47.6,,
KeeperPickup,23089,161,Successful,2.7,50.9,,
Pass,23089,161,Successful,13.0,48.2,34.5,44.6
Pass,108186,161,Successful,39.7,41.7,30.8,38.6
Pass,238244,161,Successful,36.8,38.5,42.8,31.2
Challenge,115726,26,Unsuccessful,41.4,73.0,,
TakeOn,108186,161,Successful,58.6,27.0,,
Pass,108186,161,Successful,67.8,35.5,90.9,19.4
Pass,140088,161,Successful,91.7,19.6,90.6,47.2
Goal,108186,161,Successful,90.6,46.0,,
Pass,108226,26,Successful,50.0,50.7,33.7,41.8
Pass,136451,26,Successful,33.1,41.5,32.9,61.1
Pass,95408,26,Successful,30.9,51.6,38,12.1
Pass,318871,26,Unsuccessful,60.2,16.1,82.7,52.4
Clearance,124106,161,Successful,17.4,50.1,26.5,67.6
Pass,16161,161,Successful,25.8,65.1,21.8,94.8
BallRecovery,115917,161,Successful,22.8,94.6,,
Pass,115917,161,Unsuccessful,24.9,95.0,58.8,96.4
Pass,136451,26,Successful,42.0,3.1,57,7.9
BallRecovery,68659,26,Successful,54.2,7.1,,
Pass,68659,26,Unsuccessful,54.2,7.1,91.2,23.1
BallRecovery,97710,161,Successful,7.9,75.1,,
Pass,97710,161,Successful,7.9,75.1,39.8,77.2
Pass,16161,161,Unsuccessful,39.8,77.2,59.2,71.1
BallRecovery,136451,26,Successful,49.3,30.7,,
Pass,136451,26,Successful,53.0,42.2,51.4,69.6
Pass,115726,26,Successful,50.1,69.4,35.8,55.1
Pass,95408,26,Successful,36.0,50.3,46,6.5
Pass,318871,26,Successful,57.1,11.7,61.3,81.4
Pass,115726,26,Successful,63.3,62.7,71.4,56.3
Pass,96182,26,Unsuccessful,71.4,56.3,74.9,53.4
Interception,236519,161,Successful,26.2,48.0,,
BallRecovery,337916,161,Successful,30.9,47.8,,
BallTouch,337916,161,Unsuccessful,52.2,6.7,,
Pass,84146,26,Successful,46.1,94.8,45.1,90.5
BallRecovery,115726,26,Successful,48.2,88.1,,
Pass,115726,26,Successful,62.6,88.0,64,95.1
Pass,96182,26,Successful,66.6,88.1,69.1,95
Pass,115726,26,Successful,70.8,91.2,59.9,63.9
Pass,68659,26,Successful,59.9,63.9,46.1,73.8
Pass,95408,26,Successful,44.7,66.3,45,32.1
Pass,136451,26,Successful,46.3,30.7,56.4,10.3
Pass,318871,26,Successful,56.8,9.5,61.2,10.9
Pass,108226,26,Successful,61.2,11.0,54.2,10.1
Pass,318871,26,Successful,55.0,11.1,55,22.8
Pass,68659,26,Successful,55.3,22.2,56.7,9.1
Pass,318871,26,Unsuccessful,58.6,10.6,68.9,43.7
Interception,238244,161,Successful,34.0,60.2,,
BallRecovery,124106,161,Successful,29.4,55.8,,
Pass,124106,161,Successful,29.4,55.8,35.8,70.5
Pass,337916,161,Successful,35.8,70.5,26.7,97.2
Pass,115917,161,Successful,26.7,97.2,12.9,95
Pass,236519,161,Unsuccessful,15.3,96.0,43.7,96
Pass,136451,26,Successful,52.2,3.1,64.3,13.4
BallRecovery,262838,26,Successful,65.9,13.5,,
Pass,262838,26,Successful,65.9,13.5,63.8,1.7
Pass,318871,26,Successful,64.3,1.7,69.8,3.7
Pass,108226,26,Successful,69.8,4.3,61.1,12.9
Pass,68659,26,Successful,76.1,9.8,70.8,2.3
Pass,108226,26,Successful,73.2,6.8,76.9,23
BallTouch,262838,26,Unsuccessful,77.1,23.1,,
BallRecovery,238244,161,Successful,24.0,65.5,,
Pass,238244,161,Successful,24.0,65.5,33.2,69.1
Pass,337916,161,Successful,33.6,56.7,26.1,47.3
Pass,124106,161,Successful,26.1,47.3,31.7,22.5
Pass,94042,161,Successful,31.7,22.5,38.3,29.8
Pass,337916,161,Successful,44.5,24.6,58.5,4.9
Pass,140088,161,Successful,93.6,9.3,91.5,64.5
Pass,108186,161,Successful,80.9,84.5,73.4,80.2
Pass,238244,161,Successful,73.4,80.2,64.1,91.1
Pass,115917,161,Successful,64.1,91.1,58.1,70.8
Pass,16161,161,Successful,58.9,69.3,45.1,46.9
Pass,97710,161,Successful,45.1,46.9,50.7,31.9
Pass,124106,161,Successful,51.2,31.5,58.3,5.5
Pass,337916,161,Successful,58.3,5.5,46.2,24.3
Pass,124106,161,Successful,45.8,26.4,45.6,64
Pass,236519,161,Successful,46.7,71.1,67.6,95.6
Pass,115917,161,Successful,71.3,94.7,62.9,95.3
Pass,238244,161,Successful,62.9,91.1,43.5,50.3
Pass,97710,161,Successful,39.3,45.1,45.4,26.1
Pass,124106,161,Successful,45.8,24.7,38.7,48.5
Pass,97710,161,Successful,38.2,46.0,41.2,26.4
Pass,124106,161,Successful,41.7,26.4,46.5,27.1
Pass,16161,161,Successful,46.4,27.1,43.3,19.1
Pass,124106,161,Successful,43.3,19.1,60.6,22.1
Pass,337916,161,Successful,60.6,22.1,53,27.4
Pass,16161,161,Successful,54.9,26.1,81.7,19.4
Foul,140088,161,Successful,82.6,19.0,,
Foul,115726,26,Unsuccessful,17.4,81.0,,
OffsideGiven,236519,161,Unsuccessful,90.6,51.1,,
Card,115726,26,Successful,0.0,0.0,,
OffsidePass,16161,161,Successful,85.6,19.2,90.6,51.1
OffsideProvoked,108226,26,Successful,10.0,66.0,,
Pass,114147,26,Successful,7.5,48.2,19.7,17.4
Pass,318871,26,Unsuccessful,32.3,5.8,77.1,1.7
BallRecovery,115917,161,Successful,23.5,97.1,,
Pass,115917,161,Successful,22.9,94.5,15.5,86.6
Pass,236519,161,Successful,14.5,84.7,25.4,67.9
Pass,238244,161,Successful,25.3,65.5,9.8,52.8
Pass,97710,161,Successful,8.6,42.1,15.2,14.9
Pass,124106,161,Successful,26.2,21.8,14.8,45.2
Pass,97710,161,Successful,14.8,45.2,26.8,73.3
Pass,236519,161,Unsuccessful,31.2,73.0,48.2,76
Pass,68659,26,Successful,52.9,21.0,60,9.7
BallRecovery,262838,26,Successful,60.6,10.3,,
Pass,262838,26,Successful,63.5,8.6,67.8,4
Pass,108226,26,Unsuccessful,62.7,29.2,91.5,43.4
KeeperPickup,23089,161,Successful,9.8,49.1,,
Pass,23089,161,Successful,9.8,49.1,24.8,18.9
Pass,94042,161,Successful,41.1,6.5,45,5
Pass,140088,161,Successful,45.0,5.0,37.4,21.8
Pass,238244,161,Successful,38.8,24.3,25.2,53.7
Pass,97710,161,Successful,25.2,53.7,32.4,75.7
Pass,236519,161,Successful,34.8,75.9,56.3,96.5
Pass,115917,161,Successful,58.3,96.2,42.1,96.3
Pass,236519,161,Successful,40.8,95.4,26.8,71.8
Pass,97710,161,Unsuccessful,29.1,66.3,86.6,34.8
KeeperPickup,114147,26,Successful,15.8,61.7,,
Pass,114147,26,Successful,15.1,62.0,22.8,60.5
Pass,95408,26,Successful,23.8,57.3,27.9,37.7
Pass,136451,26,Successful,29.8,34.3,39.5,9.4
Pass,318871,26,Successful,41.6,9.2,48.3,13.5
Pass,262838,26,Successful,48.3,13.5,44.2,5.6
Pass,318871,26,Successful,46.6,4.4,58.2,3.2
Pass,108226,26,Successful,57.6,2.9,51.4,3.7
Pass,318871,26,Successful,51.8,6.4,39.5,21
Pass,136451,26,Successful,39.2,24.0,34,58.2
Pass,95408,26,Successful,35.1,61.8,44.5,91.7
Pass,115726,26,Successful,51.3,89.3,56.2,81.2
Pass,33568,26,Successful,56.2,81.2,47,93.8
Pass,115726,26,Successful,47.0,91.5,38.6,69.7
Pass,95408,26,Successful,38.4,71.2,42.4,95
Pass,115726,26,Successful,52.3,91.1,54.2,77.3
Pass,84146,26,Successful,45.8,79.6,15.7,59.1
Pass,114147,26,Successful,15.6,47.5,36.5,10.6
Pass,318871,26,Successful,40.7,10.4,44.5,23.3
Pass,262838,26,Successful,44.3,24.0,32.8,27.4
Pass,136451,26,Successful,37.3,33.9,41.4,89.3
Pass,115726,26,Successful,51.9,86.5,39.3,64.8
Pass,95408,26,Successful,40.0,62.1,73.7,18.8
Pass,108226,26,Successful,74.1,17.4,71.6,12.2
Pass,318871,26,Unsuccessful,76.5,10.9,91.8,57.3
Clearance,124106,161,Successful,8.2,42.8,10.3,4.9
BallRecovery,94042,161,Successful,10.3,4.9,,
Pass,94042,161,Unsuccessful,10.3,4.9,36.3,35.7
Foul,140088,161,Unsuccessful,36.6,36.5,,
Foul,,26,Successful,63.4,63.5,,
Pass,318871,26,Successful,64.3,65.8,67,45.1
Pass,68659,26,Successful,70.3,36.9,79.1,21
Pass,108226,26,Successful,85.7,24.7,83.4,42.7
SavedShot,262838,26,Successful,82.5,43.9,,
Save,124106,161,Successful,8.5,53.1,,
SavedShot,96182,26,Successful,90.3,36.1,,
Save,23089,161,Successful,1.2,49.8,,
KeeperPickup,23089,161,Successful,0.9,47.9,,
Pass,23089,161,Successful,8.3,44.3,46.1,15.5
Aerial,115726,26,Unsuccessful,52.9,88.6,,
Aerial,94042,161,Successful,47.1,11.4,,
Pass,94042,161,Successful,46.1,15.5,62.2,7.3
Pass,140088,161,Successful,53.7,7.4,36.1,18.9
Pass,124106,161,Successful,37.4,20.4,23.6,35.5
Pass,97710,161,Successful,24.0,34.2,27.2,16.4
Pass,124106,161,Successful,27.4,16.2,22.2,37.7
Pass,97710,161,Successful,21.9,44.9,3.1,54.2
Pass,23089,161,Successful,3.1,54.2,37.3,10.9
Pass,94042,161,Unsuccessful,44.3,10.1,91.2,26.5
BallRecovery,114147,26,Successful,9.8,73.9,,
Pass,114147,26,Successful,11.9,72.3,24.1,42.8
Pass,136451,26,Successful,27.0,37.4,42,10
Pass,318871,26,Successful,54.6,17.0,46.6,29.5
Pass,68659,26,Successful,46.5,30.6,38.6,37
Pass,136451,26,Successful,37.5,41.3,37.2,69
Pass,95408,26,Successful,39.2,70.2,48.5,95.1
Pass,115726,26,Successful,49.5,95.0,55.1,83.3
Pass,33568,26,Successful,57.5,84.4,58.8,93.6
Pass,115726,26,Unsuccessful,62.5,90.3,77.9,85.6
Interception,124106,161,Successful,24.3,17.1,,
BallRecovery,124106,161,Successful,23.7,12.6,,
Pass,124106,161,Successful,23.9,11.1,28.3,5.6
Pass,94042,161,Successful,26.8,5.5,23.6,19.7
Pass,238244,161,Unsuccessful,23.6,19.7,24,19.5
BlockedPass,262838,26,Successful,75.3,85.3,,
Pass,115726,26,Unsuccessful,71.2,87.4,83.7,86.2
Pass,124106,161,Unsuccessful,16.9,15.6,17.2,14.9
Aerial,124106,161,Unsuccessful,16.0,13.9,,
Aerial,33568,26,Successful,84.0,86.1,,
Pass,33568,26,Unsuccessful,84.8,87.5,87.2,78.7
BallRecovery,238244,161,Successful,11.7,22.7,,
Pass,238244,161,Unsuccessful,11.7,22.7,33.7,22.5
BallRecovery,68659,26,Successful,66.8,80.9,,
Pass,68659,26,Successful,63.6,86.9,54.1,83.5
Pass,95408,26,Successful,53.0,72.7,47.4,53.7
Pass,136451,26,Successful,47.5,51.8,58.4,18.5
Pass,318871,26,Successful,61.7,19.1,64.6,25.5
Pass,108226,26,Successful,64.6,25.6,52.8,32.8
Pass,136451,26,Successful,51.2,35.5,49.7,43.9
Pass,68659,26,Successful,53.7,36.6,62.8,3.4
Pass,318871,26,Unsuccessful,63.0,2.3,64.2,4.4
BlockedPass,115917,161,Successful,34.9,95.9,,
Pass,318871,26,Unsuccessful,64.5,3.4,65,5.4
BallTouch,115917,161,Successful,32.6,95.8,,
Pass,108226,26,Successful,58.5,9.5,44.9,30.9
Pass,136451,26,Successful,51.9,46.9,39.6,60.8
Pass,95408,26,Successful,39.6,60.8,47,85.4
Pass,33568,26,Successful,47.1,83.8,44.8,67.6
Pass,95408,26,Successful,44.3,59.1,46.2,26.4
Pass,68659,26,Successful,47.4,24.3,60.7,4.4
Pass,108226,26,Successful,65.9,6.1,67.8,12.9
Pass,318871,26,Successful,68.9,20.7,62.3,27.3
Pass,68659,26,Successful,64.0,27.6,67.8,15.2
TakeOn,318871,26,Unsuccessful,79.6,17.4,,
Pass,236519,161,Unsuccessful,12.5,81.8,15.3,83.6
BallTouch,318871,26,Successful,82.6,18.6,,
KeeperPickup,23089,161,Successful,2.0,55.2,,
Pass,23089,161,Successful,7.8,49.3,22,21.5
Pass,124106,161,Successful,30.2,18.9,30,5.6
Pass,94042,161,Successful,30.0,5.6,12.2,47.3
Pass,97710,161,Successful,12.7,43.4,40.9,4
Dispossessed,94042,161,Successful,44.7,7.0,,
Tackle,33568,26,Unsuccessful,55.3,93.0,,
Pass,94042,161,Successful,45.9,21.0,43.7,29.8
Pass,238244,161,Successful,42.4,38.8,39.7,49.1
Pass,16161,161,Successful,40.3,51.3,46.3,75
Pass,236519,161,Unsuccessful,54.2,71.4,73.3,66.6
BallRecovery,136451,26,Successful,30.3,33.1,,
Pass,136451,26,Successful,32.5,28.5,40.6,24.3
Pass,262838,26,Successful,42.3,26.2,41.9,33.9
Pass,68659,26,Successful,45.6,41.6,55.3,75.9
Pass,115726,26,Successful,58.3,69.4,63.7,57.9
BallTouch,84146,26,Unsuccessful,63.8,56.7,,
BallRecovery,16161,161,Successful,36.1,53.1,,
Pass,16161,161,Unsuccessful,36.1,52.8,42.5,59.4
Interception,136451,26,Successful,56.0,34.5,,
BallTouch,262838,26,Unsuccessful,61.8,35.7,,
Pass,108186,161,Successful,43.6,72.9,55.1,82.3
Challenge,318871,26,Unsuccessful,22.6,5.2,,
TakeOn,337916,161,Successful,77.4,94.8,,
Pass,337916,161,Successful,90.0,87.8,74.4,86.3
Pass,108186,161,Successful,74.1,86.0,57.1,30.4
Pass,124106,161,Successful,57.4,28.9,67.9,9.4
Pass,94042,161,Successful,69.5,10.7,63.9,23.9
Pass,238244,161,Successful,63.9,22.2,54.4,18.6
Pass,124106,161,Successful,54.6,18.0,62.8,9.5
Pass,238244,161,Successful,64.1,8.6,46.4,17
Pass,124106,161,Successful,44.1,24.9,33.5,58.8
Pass,97710,161,Successful,34.1,59.0,40.1,76.1
Pass,236519,161,Successful,40.1,76.1,59.8,95.3
Pass,337916,161,Successful,65.5,83.6,68.8,74.4
Pass,108186,161,Successful,65.4,74.8,54,84.1
Pass,236519,161,Successful,54.5,84.4,34.2,71.2
Pass,97710,161,Successful,34.0,70.3,30.8,33.7
Pass,124106,161,Successful,31.0,33.1,43.6,15.8
Pass,238244,161,Successful,42.0,16.7,32.8,23.1
Pass,124106,161,Successful,34.8,24.7,65,93.8
Pass,115917,161,Successful,70.4,88.0,73.7,68.7
Pass,108186,161,Successful,74.9,65.7,81,26.2
SavedShot,140088,161,Successful,90.6,28.9,,
Save,114147,26,Successful,1.4,53.9,,
Clearance,262838,26,Successful,11.6,46.9,29.6,56
BallRecovery,96182,26,Successful,29.7,56.0,,
Pass,96182,26,Successful,29.7,56.0,25.3,55.5
Pass,33568,26,Successful,27.2,64.6,36,67.8
Tackle,236519,161,Successful,60.4,29.3,,
Dispossessed,96182,26,Successful,39.6,70.7,,
BallRecovery,124106,161,Successful,52.3,19.2,,
Pass,124106,161,Successful,44.0,23.1,7.9,34.9
Pass,23089,161,Successful,7.9,34.9,19.7,25.8
Pass,97710,161,Successful,20.2,24.3,35.1,5.2
Pass,238244,161,Successful,35.7,6.1,44,14.7
Pass,140088,161,Successful,45.3,19.8,41.3,35.8
Pass,16161,161,Successful,41.3,35.8,59.1,97.5
Pass,337916,161,Successful,73.4,89.4,54,81.1
Pass,236519,161,Successful,54.0,81.1,55.9,51.8
Pass,238244,161,Successful,60.2,44.6,76.1,8
Pass,94042,161,Successful,76.0,9.1,75.4,18.6
Pass,238244,161,Unsuccessful,79.1,14.9,91.3,51.8
Clearance,136451,26,Successful,9.4,39.4,8.3,16.1
Pass,337916,161,Unsuccessful,91.4,82.7,89.6,27.4
BallRecovery,84146,26,Successful,8.1,73.9,,
Pass,84146,26,Successful,18.0,89.4,5.6,73.9
Pass,114147,26,Successful,5.4,75.6,12.3,94.1
Pass,84146,26,Successful,12.6,93.2,14.6,65.1
Pass,95408,26,Successful,14.6,65.1,3.8,59.1
Pass,114147,26,Successful,3.9,59.1,28.6,89.6
Aerial,238244,161,Unsuccessful,71.6,13.9,,
Aerial,33568,26,Successful,28.4,86.1,,
Pass,33568,26,Unsuccessful,28.4,89.6,29.5,82.4
Dispossessed,16161,161,Successful,70.8,25.5,,
Tackle,96182,26,Unsuccessful,29.2,74.5,,
Dispossessed,16161,161,Successful,71.3,26.4,,
Tackle,96182,26,Successful,28.7,73.6,,
Pass,68659,26,Unsuccessful,39.3,64.6,61.2,33.6
Pass,236519,161,Successful,44.5,68.4,37.1,52.1
BallRecovery,97710,161,Successful,36.5,51.9,,
Pass,97710,161,Successful,36.7,50.4,42.6,35.8
Pass,238244,161,Successful,41.9,38.0,47.2,45.4
Pass,337916,161,Successful,47.2,45.4,39.3,30.6
Pass,238244,161,Successful,41.5,32.2,80.6,27
BallTouch,94042,161,Unsuccessful,77.4,24.0,,
Pass,84146,26,Successful,31.7,81.4,32.8,73.9
BallRecovery,33568,26,Successful,33.4,72.9,,
Pass,33568,26,Successful,33.4,72.9,24.7,81.5
Pass,115726,26,Successful,23.0,78.8,10.8,59.6
Pass,114147,26,Successful,12.5,56.6,27.2,23.1
Pass,318871,26,Successful,45.8,13.4,59.6,37.6
Pass,96182,26,Unsuccessful,59.6,37.6,60.9,37.3
BlockedPass,97710,161,Successful,39.3,62.1,,
Pass,84146,26,Unsuccessful,56.3,69.6,100,6.4
Pass,23089,161,Successful,3.1,47.3,44.1,6.2
Pass,94042,161,Successful,44.1,6.2,59.9,13.1
Pass,140088,161,Successful,57.0,24.3,47.1,28.9
Pass,238244,161,Successful,47.1,28.9,45.6,37.1
Pass,16161,161,Successful,45.6,37.1,27.5,36.6
Pass,97710,161,Unsuccessful,28.7,35.8,72,26.2
Aerial,108186,161,Unsuccessful,71.4,22.1,,
Aerial,95408,26,Successful,28.6,77.9,,
Pass,95408,26,Unsuccessful,29.3,82.0,29.6,83.2
Pass,108186,161,Successful,72.8,16.5,69.8,21.7
Pass,337916,161,Successful,69.0,9.8,63.1,5.5
Pass,94042,161,Successful,62.9,5.5,59.1,15
Pass,238244,161,Successful,62.8,16.5,70.8,3.8
Pass,337916,161,Successful,69.1,4.6,45.5,10.9
Pass,124106,161,Successful,45.5,10.9,33.5,50.6
Pass,97710,161,Successful,34.3,52.1,39.6,77.9
Pass,236519,161,Successful,39.5,76.9,32,55.1
Pass,97710,161,Successful,32.2,52.4,34.1,30.9
Pass,124106,161,Successful,40.0,13.2,59.1,15.8
Pass,140088,161,Successful,69.6,23.0,89,26.7
SavedShot,108186,161,Successful,96.4,35.5,,
Save,114147,26,Successful,1.5,58.0,,
Pass,337916,161,Unsuccessful,83.0,15.9,95.9,54.9
KeeperPickup,114147,26,Successful,4.5,43.7,,
Pass,114147,26,Successful,15.0,47.0,18.4,65.5
Pass,95408,26,Successful,18.9,69.7,26.1,40.6
Pass,68659,26,Successful,28.7,40.6,29.5,14.1
Pass,318871,26,Successful,29.1,13.4,34.9,23.5
Pass,68659,26,Successful,52.0,16.7,58.8,5.8
Pass,108226,26,Successful,57.7,3.6,44.4,8.7
Pass,318871,26,Successful,47.0,12.6,52.8,13.4
Pass,68659,26,Successful,52.8,13.4,46.8,14
Pass,318871,26,Unsuccessful,47.8,13.2,94.1,23.4
KeeperPickup,23089,161,Successful,3.9,73.2,,
Pass,23089,161,Successful,10.7,47.8,20.5,28.2
Pass,97710,161,Successful,20.5,28.2,26,11.6
Pass,124106,161,Successful,26.0,11.6,19.5,36.6
Pass,97710,161,Successful,19.5,36.6,25.4,82.1
Pass,236519,161,Successful,29.1,86.3,13.1,60.8
Pass,97710,161,Successful,13.2,55.1,44.8,4.4
Pass,94042,161,Successful,44.8,4.4,29.8,6.5
Pass,124106,161,Successful,23.7,27.0,27.2,77
Pass,236519,161,Unsuccessful,27.2,77.0,36.2,67.9
Error,236519,161,Successful,23.1,70.6,,
BallRecovery,68659,26,Successful,65.2,28.5,,
Pass,68659,26,Successful,65.2,28.5,79.9,34.5
Challenge,97710,161,Unsuccessful,14.9,49.7,,
TakeOn,108226,26,Successful,85.1,50.3,,
MissedShots,108226,26,Successful,87.8,57.3,,
SubstitutionOff,84146,26,Successful,0.0,0.0,,
SubstitutionOn,115916,26,Successful,0.0,0.0,,
FormationChange,,26,Successful,0.0,0.0,,
Pass,23089,161,Successful,4.4,43.0,41,20.3
Aerial,33568,26,Unsuccessful,56.8,84.2,,
Aerial,94042,161,Successful,43.2,15.8,,
Pass,94042,161,Unsuccessful,41.0,20.3,52.8,19.2
BallTouch,115916,26,Unsuccessful,53.7,85.1,,
BallTouch,140088,161,Unsuccessful,47.0,13.4,,
BallTouch,33568,26,Successful,47.7,79.6,,
BallRecovery,115916,26,Successful,48.1,79.9,,
Pass,115916,26,Successful,48.1,79.9,55.2,53.9
Pass,262838,26,Successful,58.1,36.7,55.4,42.5
Pass,68659,26,Successful,53.7,45.2,42.8,65.8
Pass,95408,26,Successful,44.3,69.6,56.4,93.9
Pass,115726,26,Unsuccessful,68.5,85.4,73.5,83.2
Interception,124106,161,Successful,26.3,20.7,,
BallRecovery,124106,161,Successful,26.4,14.7,,
Pass,124106,161,Successful,26.4,14.7,28.7,28
Foul,238244,161,Successful,27.4,24.4,,
Foul,96182,26,Unsuccessful,72.6,75.6,,
Pass,124106,161,Successful,28.3,25.6,18.2,37.1
Pass,97710,161,Successful,19.4,38.9,26.1,78.2
Pass,236519,161,Successful,32.6,81.5,45,95.6
Pass,337916,161,Successful,45.0,95.6,29.7,49.6
Pass,97710,161,Successful,33.3,46.4,42.6,12.9
Pass,94042,161,Successful,42.6,12.9,35.8,22.2
Pass,124106,161,Successful,37.3,22.7,31,43.4
Pass,97710,161,Unsuccessful,32.2,36.0,54.2,35.2
BallRecovery,115916,26,Successful,48.8,66.3,,
Pass,115916,26,Unsuccessful,53.4,67.9,75,57.8
BallTouch,97710,161,Successful,24.7,42.2,,
BallRecovery,23089,161,Successful,3.4,53.0,,
Pass,23089,161,Unsuccessful,3.8,52.6,54.8,46.2
Foul,108186,161,Unsuccessful,54.0,45.3,,
Foul,95408,26,Successful,46.0,54.7,,
Pass,95408,26,Successful,37.1,57.0,50.7,25
Pass,318871,26,Successful,52.8,21.9,58.1,4.6
Pass,262838,26,Successful,58.2,7.4,52.5,11.7
Pass,318871,26,Successful,55.5,17.9,54.6,30.4
Pass,115916,26,Successful,54.1,37.3,40.7,71.7
Pass,95408,26,Successful,41.5,63.7,51.8,25.2
Pass,68659,26,Successful,61.4,20.3,66.1,4.1
Pass,318871,26,Successful,69.4,3.1,94.6,98.1
Pass,115726,26,Successful,97.8,93.0,88.6,58.8
SavedShot,96182,26,Successful,91.9,57.7,,
Save,97710,161,Successful,8.0,43.5,,
BallRecovery,94042,161,Successful,3.6,31.6,,
Pass,94042,161,Unsuccessful,1.3,31.4,27.2,26.2
BallRecovery,115916,26,Successful,70.5,75.6,,
Pass,115916,26,Successful,72.4,81.1,80.5,93
Pass,115726,26,Successful,75.6,94.5,69.8,92.7
Pass,115916,26,Successful,66.8,92.0,51.9,86.2
Pass,95408,26,Successful,46.4,80.2,41.4,63.9
Pass,136451,26,Successful,47.5,70.2,60.1,91.2
Pass,115726,26,Unsuccessful,60.1,91.2,59.5,87.2
BlockedPass,94042,161,Successful,42.6,11.7,,
BallRecovery,94042,161,Successful,45.9,14.3,,
Pass,94042,161,Successful,45.9,14.3,59,14
Challenge,115916,26,Unsuccessful,26.2,81.7,,
TakeOn,337916,161,Successful,73.8,18.3,,
Dispossessed,337916,161,Successful,83.6,37.8,,
Tackle,95408,26,Successful,16.4,62.2,,
BallTouch,262838,26,Successful,16.5,62.9,,
BallTouch,337916,161,Unsuccessful,86.6,39.4,,
KeeperPickup,114147,26,Successful,3.9,61.2,,
Pass,114147,26,Successful,13.1,72.7,29.2,90.3
Pass,96182,26,Successful,38.5,80.2,36.4,60.8
Pass,115916,26,Successful,36.7,53.0,43.7,23.3
Pass,318871,26,Successful,54.5,23.9,53.5,37.6
Pass,115916,26,Successful,53.5,37.6,54.5,29.2
Pass,68659,26,Successful,52.7,30.6,43.6,37.6
Pass,136451,26,Successful,43.3,38.8,40.4,62.3
Pass,95408,26,Successful,40.7,64.5,54.6,75.6
Pass,96182,26,Successful,54.3,72.6,50.4,55.3
Pass,68659,26,Successful,50.9,52.1,54.9,6.2
Pass,318871,26,Successful,47.8,9.4,43.6,30.6
Pass,136451,26,Successful,45.1,30.4,51.4,22.2
Pass,318871,26,Successful,58.0,21.8,59.6,26.7
Pass,262838,26,Successful,61.0,24.4,62.5,14.9
Pass,318871,26,Unsuccessful,66.1,12.5,73.5,25.3
Pass,236519,161,Successful,26.2,71.8,44.1,46.9
BallRecovery,140088,161,Successful,44.1,46.9,,
Challenge,115916,26,Unsuccessful,52.1,55.8,,
TakeOn,140088,161,Successful,47.9,44.2,,
MissedShots,140088,161,Successful,75.5,40.0,,
Pass,114147,26,Successful,4.7,46.0,19.4,48.5
Pass,115916,26,Successful,28.2,55.7,31.2,80.2
Pass,115726,26,Successful,30.8,79.1,27.5,53.6
Pass,115916,26,Successful,26.3,44.8,40,9.4
Pass,318871,26,Successful,53.6,14.7,57.2,28.6
Pass,108226,26,Successful,56.9,28.8,40.4,30.9
Pass,136451,26,Successful,40.4,30.9,47.4,46.3
Pass,115916,26,Successful,48.7,47.3,53.6,66
Pass,96182,26,Successful,53.8,66.1,58.7,93.6
Pass,115726,26,Successful,56.8,90.6,42,68.1
Pass,95408,26,Successful,41.3,65.8,38.2,40.3
Pass,136451,26,Successful,39.3,38.5,55,21
Pass,318871,26,Unsuccessful,64.3,14.6,89.6,7.1
Interception,236519,161,Successful,11.5,90.3,,
CornerAwarded,236519,161,Unsuccessful,4.2,92.8,,
CornerAwarded,318871,26,Successful,95.8,7.2,,
Pass,318871,26,Successful,99.5,0.5,89.1,36.9
Pass,115916,26,Successful,89.6,35.8,91.9,13.7
Pass,318871,26,Unsuccessful,93.7,11.4,90.8,59
Aerial,95408,26,Unsuccessful,89.4,63.7,,
Aerial,236519,161,Successful,10.6,36.3,,
Clearance,236519,161,Successful,10.1,36.9,10.1,34.7
BallTouch,95408,26,Successful,89.9,64.7,,
BallRecovery,94042,161,Successful,19.9,4.1,,
Pass,94042,161,Successful,20.1,8.3,63.1,26
BallTouch,140088,161,Unsuccessful,72.8,30.3,,
BallRecovery,136451,26,Successful,26.6,82.1,,
Pass,136451,26,Successful,26.6,82.1,10.4,56.6
Pass,114147,26,Successful,15.2,52.7,26.2,69.3
Pass,95408,26,Successful,36.0,65.7,45.8,79
Pass,96182,26,Successful,55.7,82.3,53.2,85.3
Pass,68659,26,Successful,52.9,80.0,39.8,46.3
Pass,136451,26,Successful,41.2,41.0,56.4,6.4
Pass,318871,26,Successful,56.3,7.0,41.9,28.8
Pass,136451,26,Successful,40.9,31.0,37,57.9
Pass,95408,26,Successful,36.9,54.0,37.2,32.8
Pass,136451,26,Successful,36.4,41.6,18.7,55.1
Pass,114147,26,Successful,18.7,55.1,31.9,84.4
Pass,68659,26,Unsuccessful,53.1,80.9,79.7,42.8
Foul,236519,161,Successful,20.2,60.1,,
Foul,262838,26,Unsuccessful,79.8,39.9,,
SubstitutionOff,337916,161,Successful,0.0,0.0,,
SubstitutionOn,235755,161,Successful,0.0,0.0,,
FormationChange,,161,Successful,0.0,0.0,,
Pass,23089,161,Successful,23.7,60.0,69.7,6.7
OffsideGiven,115917,161,Unsuccessful,60.1,95.4,,
Pass,94042,161,Successful,69.7,6.7,67.7,14
Pass,140088,161,Successful,68.2,12.0,61.1,20.6
Pass,238244,161,Successful,61.1,20.6,57.7,36.7
Pass,16161,161,Unsuccessful,58.7,37.3,72.8,100
Pass,318871,26,Successful,26.2,0.0,36,18
Pass,33568,26,Successful,36.0,18.0,33.8,17.1
Pass,115916,26,Unsuccessful,35.1,20.4,53.5,33.7
BallRecovery,16161,161,Successful,47.0,66.3,,
Pass,16161,161,Successful,47.0,66.3,46,28.3
Pass,94042,161,Successful,65.2,19.5,71.9,25.2
Challenge,96182,26,Unsuccessful,28.6,84.4,,
TakeOn,140088,161,Successful,71.4,15.6,,
Pass,140088,161,Successful,71.3,15.3,63.4,18.3
Pass,238244,161,Successful,62.2,20.0,38,54.8
Pass,97710,161,Successful,38.0,52.5,42.3,34.5
OffsidePass,124106,161,Successful,44.3,31.2,60.1,95.4
OffsideProvoked,318871,26,Successful,35.2,30.5,,
Pass,318871,26,Unsuccessful,30.9,6.0,36.2,25.4
Interception,108186,161,Successful,65.7,66.0,,
Pass,108226,26,Successful,50.4,42.3,55,18
Pass,68659,26,Successful,54.5,6.8,47.4,9.5
Pass,318871,26,Successful,53.6,14.3,53.2,33.3
Pass,115916,26,Successful,52.9,42.7,46.4,72.6
Pass,95408,26,Successful,46.6,72.6,56.2,96
Pass,115726,26,Successful,57.4,95.6,58.5,76.1
Pass,115916,26,Unsuccessful,59.6,70.0,79.9,34.2
Pass,236519,161,Successful,22.2,63.6,33.6,73.9
BallRecovery,235755,161,Successful,34.8,75.1,,
Pass,235755,161,Unsuccessful,39.4,86.6,44,75.1
Interception,136451,26,Successful,60.5,20.9,,
Pass,115917,161,Successful,34.9,100.0,30.9,96
Pass,236519,161,Successful,32.7,95.7,64.4,63.7
BallTouch,140088,161,Unsuccessful,64.4,63.7,,
BallRecovery,95408,26,Successful,34.4,37.6,,
Pass,95408,26,Successful,34.9,36.0,38.1,3.4
Pass,318871,26,Unsuccessful,35.4,4.9,52.2,51.6
BallRecovery,124106,161,Successful,48.5,46.7,,
Pass,124106,161,Successful,46.5,55.5,37.2,40.1
Pass,97710,161,Successful,44.9,26.2,53.3,12.3
Pass,94042,161,Unsuccessful,55.8,10.4,60.4,51.1
Interception,68659,26,Successful,39.3,48.2,,
BallTouch,262838,26,Unsuccessful,41.4,33.7,,
Pass,115917,161,Successful,52.6,96.0,62.2,93.8
Pass,108186,161,Successful,64.6,89.3,78.8,93.6
TakeOn,235755,161,Unsuccessful,86.2,89.7,,
Tackle,136451,26,Unsuccessful,13.8,10.3,,
Foul,235755,161,Successful,89.4,87.4,,
Foul,136451,26,Unsuccessful,10.6,12.6,,
Pass,16161,161,Successful,90.1,88.1,96.6,55.2
Aerial,96182,26,Unsuccessful,4.1,45.4,,
Aerial,235755,161,Successful,95.9,54.6,,
MissedShots,235755,161,Successful,95.9,54.0,,
Foul,236519,161,Unsuccessful,95.6,57.5,,
Foul,114147,26,Successful,4.4,42.5,,
Pass,114147,26,Successful,8.3,30.4,10.3,58.8
Pass,95408,26,Successful,12.9,61.1,26.1,76.7
Pass,115916,26,Successful,29.2,77.6,39.2,86.3
Pass,33568,26,Successful,45.3,92.9,42.6,83
Pass,115916,26,Unsuccessful,50.8,82.0,52.2,73.9
BallRecovery,108186,161,Successful,48.2,27.9,,
Pass,108186,161,Successful,48.2,27.9,43,23.3
Pass,238244,161,Successful,41.8,21.8,35.4,20.7
Pass,124106,161,Unsuccessful,35.4,20.7,59.8,34
Pass,95408,26,Unsuccessful,39.5,64.2,42.5,44.9
Pass,235755,161,Unsuccessful,70.6,55.8,71.5,57.8
BlockedPass,318871,26,Successful,27.7,43.9,,
KeeperPickup,114147,26,Successful,10.5,45.8,,
Pass,114147,26,Successful,15.2,42.5,26.1,11.4
Pass,318871,26,Successful,43.2,3.5,39.8,22.2
Pass,115916,26,Successful,34.5,28.2,12.5,34.9
Pass,114147,26,Successful,14.6,40.3,19.2,59
Pass,95408,26,Successful,21.9,60.9,32.3,53
Pass,115916,26,Successful,32.3,53.0,28.8,30.6
Pass,136451,26,Successful,41.9,22.8,40.7,8
Pass,318871,26,Successful,44.4,13.2,38.4,27.6
Pass,136451,26,Unsuccessful,42.2,34.2,75,71.4
Pass,94042,161,Successful,22.2,28.3,29.9,28.2
Pass,238244,161,Unsuccessful,29.9,28.2,30.5,28.5
Pass,96182,26,Successful,73.1,72.6,70.6,68.1
Pass,33568,26,Successful,72.0,67.9,82.1,65.1
TakeOn,96182,26,Unsuccessful,84.3,62.8,,
Tackle,97710,161,Unsuccessful,15.7,37.2,,
SavedShot,96182,26,Successful,90.6,60.9,,
Save,23089,161,Successful,5.1,42.7,,
CornerAwarded,23089,161,Unsuccessful,4.0,34.8,,
CornerAwarded,96182,26,Successful,96.0,65.2,,
Pass,318871,26,Unsuccessful,99.5,99.5,95.3,56.3
Foul,23089,161,Successful,4.2,48.0,,
Foul,262838,26,Unsuccessful,95.8,52.0,,
Pass,23089,161,Successful,3.6,46.2,47.4,7.5
Pass,94042,161,Successful,46.6,5.2,62,20.5
Pass,108186,161,Unsuccessful,62.0,20.5,74.5,15.6
BallRecovery,95408,26,Successful,21.5,87.1,,
Pass,95408,26,Successful,21.5,87.1,13.5,57.8
Pass,114147,26,Successful,13.9,55.2,20.8,40.4
Pass,136451,26,Successful,21.8,35.5,27,12.2
Pass,318871,26,Unsuccessful,30.9,10.6,64.9,1.7
Clearance,236519,161,Successful,33.6,96.8,33.9,100
Pass,318871,26,Successful,66.5,0.0,85.5,29.7
Challenge,238244,161,Unsuccessful,19.0,63.0,,
TakeOn,108226,26,Successful,81.0,37.0,,
Dispossessed,108226,26,Successful,79.1,36.8,,
Tackle,124106,161,Unsuccessful,20.9,63.2,,
Pass,108226,26,Successful,79.8,36.9,78.2,35.7
Pass,68659,26,Successful,79.2,36.1,86.5,36.5
Goal,96182,26,Successful,87.5,45.4,,
SubstitutionOff,108226,26,Successful,0.0,0.0,,
SubstitutionOn,124688,26,Successful,0.0,0.0,,
Pass,235755,161,Successful,49.8,50.0,31,48.2
Pass,97710,161,Successful,29.0,47.2,43.7,12.9
Pass,94042,161,Successful,43.7,12.9,30.2,31.5
Pass,124106,161,Successful,30.2,31.5,29.1,63.7
Pass,97710,161,Successful,28.3,62.1,29.6,33.7
Pass,124106,161,Unsuccessful,32.3,33.9,61.9,72.1
BallTouch,318871,26,Unsuccessful,41.5,23.6,,
Pass,115917,161,Successful,59.6,72.6,64.4,68.7
Pass,108186,161,Successful,64.4,68.7,73.9,85
TakeOn,235755,161,Unsuccessful,90.1,82.1,,
BallRecovery,68659,26,Successful,14.1,22.8,,
Pass,68659,26,Unsuccessful,14.1,22.8,24.8,11.4
Challenge,262838,26,Unsuccessful,25.0,11.8,,
TakeOn,16161,161,Successful,75.0,88.2,,
BallRecovery,16161,161,Successful,78.6,95.4,,
Pass,16161,161,Successful,80.5,94.8,66.5,95.1
Pass,236519,161,Successful,68.7,95.9,40,71.7
Pass,97710,161,Successful,39.7,70.2,43.9,32.5
Pass,124106,161,Successful,43.4,28.3,53,4.9
Pass,94042,161,Unsuccessful,54.6,2.8,56.5,4.1
BlockedPass,96182,26,Successful,46.8,97.1,,
Pass,94042,161,Successful,57.4,0.0,62,8.3
Pass,16161,161,Successful,62.4,7.7,58.5,3.4
Pass,94042,161,Successful,52.7,7.7,42.8,8.8
Pass,124106,161,Successful,42.8,8.8,27.5,48.7
Pass,97710,161,Successful,29.1,46.0,33.2,28.9
Pass,124106,161,Successful,39.5,27.7,39.4,5.5
Pass,94042,161,Unsuccessful,40.1,5.5,69.5,0
SubstitutionOff,16161,161,Successful,0.0,0.0,,
SubstitutionOn,332867,161,Successful,0.0,0.0,,
Pass,115726,26,Successful,40.1,100.0,65.4,94.4
Pass,124688,26,Successful,65.6,94.4,61.7,88.3
Pass,33568,26,Unsuccessful,65.0,83.9,69.5,73.5
Interception,236519,161,Successful,30.9,31.0,,
BallRecovery,238244,161,Successful,35.0,35.4,,
Pass,238244,161,Successful,35.0,35.4,35.1,71.5
Pass,115917,161,Successful,42.9,73.5,32.3,70
Challenge,262838,26,Unsuccessful,65.3,31.8,,
TakeOn,236519,161,Successful,34.7,68.2,,
Pass,236519,161,Successful,34.7,55.8,43.3,7
Pass,94042,161,Successful,43.6,7.6,63.8,15
Foul,140088,161,Successful,55.5,19.4,,
Foul,115916,26,Unsuccessful,44.5,80.6,,
Pass,332867,161,Successful,54.7,20.7,39.6,44.5
Pass,97710,161,Successful,39.6,44.5,44.8,66.3
Pass,238244,161,Successful,46.0,66.6,61.3,73.5
Pass,108186,161,Successful,61.7,73.5,67.2,65.7
Pass,235755,161,Successful,67.2,65.7,71.3,92.9
Pass,115917,161,Successful,78.7,83.9,71.9,76.7
Pass,108186,161,Unsuccessful,71.9,76.7,85.1,63.9
Clearance,136451,26,Successful,15.7,39.8,26.1,43.6
Pass,262838,26,Unsuccessful,26.5,42.5,35.6,44.3
Pass,236519,161,Successful,63.0,53.7,56.8,33.9
Pass,124106,161,Successful,56.8,34.3,46.1,56.4
Pass,97710,161,Successful,45.7,51.0,45.6,73.8
Pass,236519,161,Unsuccessful,46.7,73.2,70.8,93.8
Interception,318871,26,Successful,25.0,6.1,,
BallRecovery,124688,26,Successful,32.8,1.1,,
TakeOn,124688,26,Unsuccessful,32.2,4.0,,
Tackle,235755,161,Successful,67.8,96.0,,
BallRecovery,235755,161,Successful,70.2,93.6,,
Pass,235755,161,Unsuccessful,70.2,93.6,72.7,86.2
BallRecovery,68659,26,Successful,30.3,12.9,,
Pass,68659,26,Successful,30.3,12.9,33.9,23.7
Pass,115916,26,Unsuccessful,34.8,23.7,39.1,8
Aerial,124688,26,Unsuccessful,39.2,9.7,,
Aerial,238244,161,Successful,60.8,90.3,,
Pass,238244,161,Unsuccessful,60.8,88.6,65.5,81.4
Pass,68659,26,Unsuccessful,37.5,12.9,52,0
Pass,236519,161,Successful,41.6,100.0,22.6,75.4
Pass,97710,161,Successful,23.6,68.2,25.3,35.8
Pass,124106,161,Successful,26.7,34.6,35.4,9.5
Pass,94042,161,Successful,34.5,10.0,36,35.8
Pass,332867,161,Successful,36.0,35.8,25.3,64
Pass,97710,161,Successful,25.3,64.0,33.8,76.9
Pass,236519,161,Unsuccessful,45.1,75.9,58.2,32.1
BallRecovery,96182,26,Successful,46.9,68.8,,
Pass,96182,26,Successful,61.4,62.7,63.7,52.1
Pass,33568,26,Successful,64.1,51.8,67.2,41.5
Pass,68659,26,Successful,69.8,37.9,76,21.8
Pass,262838,26,Successful,86.7,17.4,98.5,64.8
Pass,96182,26,Unsuccessful,98.5,64.8,97,63
BallRecovery,124106,161,Successful,3.1,33.1,,
Pass,124106,161,Successful,4.7,33.1,22.3,39.7
Pass,332867,161,Successful,23.9,39.7,35.1,50.6
BallTouch,140088,161,Unsuccessful,44.5,53.3,,
Challenge,140088,161,Unsuccessful,46.1,56.7,,
TakeOn,115726,26,Successful,53.9,43.3,,
BallRecovery,115726,26,Successful,56.8,37.6,,
Challenge,115917,161,Unsuccessful,38.6,63.4,,
TakeOn,115726,26,Successful,61.4,36.6,,
Pass,115726,26,Successful,76.1,36.1,75.7,16.2
Pass,262838,26,Successful,74.8,19.1,69,32.4
Pass,68659,26,Successful,69.0,28.3,78.6,4.3
Pass,262838,26,Successful,77.4,6.2,74.5,11.3
Pass,68659,26,Successful,74.5,11.3,73.1,5
Challenge,236519,161,Unsuccessful,28.5,89.0,,
TakeOn,262838,26,Successful,71.5,11.0,,
Pass,262838,26,Successful,70.9,10.1,65,25.6
Pass,318871,26,Successful,60.8,32.7,53,93.2
Pass,115726,26,Successful,53.9,91.5,41.5,79.7
Pass,95408,26,Successful,41.5,79.7,51,89.1
Pass,115726,26,Successful,55.3,91.7,63.2,92.9
Pass,96182,26,Successful,63.2,92.9,58.2,65.5
Pass,115916,26,Successful,60.5,70.3,62.2,84.1
Foul,140088,161,Unsuccessful,40.8,15.2,,
Foul,96182,26,Successful,59.2,84.8,,
Pass,115726,26,Successful,54.4,89.1,57.2,94.1
Pass,96182,26,Successful,57.2,94.1,53,91.8
Pass,115726,26,Successful,53.3,91.8,60.6,87.7
Pass,33568,26,Successful,60.6,87.7,64.7,98.4
Pass,96182,26,Successful,65.1,97.7,55.5,96
Pass,115726,26,Unsuccessful,57.0,96.2,60.1,96.2
BallTouch,94042,161,Successful,36.2,1.3,,
Pass,115726,26,Successful,64.1,100.0,61.9,90.5
Pass,96182,26,Successful,62.6,90.5,65.1,96.5
Pass,115726,26,Unsuccessful,65.3,96.5,80.3,100
Pass,94042,161,Unsuccessful,24.2,0.0,40.9,14.1
Interception,115916,26,Successful,60.4,87.8,,
BallRecovery,96182,26,Successful,63.7,89.6,,
Pass,96182,26,Successful,65.7,85.3,66.2,67.9
Pass,68659,26,Unsuccessful,66.2,67.9,68.9,69.1
BallTouch,238244,161,Successful,30.9,34.9,,
Pass,68659,26,Successful,62.7,60.8,34.4,61.4
Pass,136451,26,Successful,34.4,61.4,33.8,74.7
Pass,95408,26,Successful,33.8,74.7,12.5,59
Pass,114147,26,Successful,12.2,59.9,15.9,82.3
Pass,95408,26,Unsuccessful,16.6,75.6,63.4,32.8
Pass,236519,161,Successful,37.8,72.4,44.3,73
BallRecovery,115917,161,Successful,44.7,73.0,,
Pass,115917,161,Successful,44.7,73.0,47.7,64
Pass,238244,161,Unsuccessful,58.4,65.1,87.9,72.8
Smother,114147,26,Successful,12.1,24.9,,
KeeperPickup,114147,26,Successful,12.1,24.9,,
Pass,114147,26,Successful,12.1,35.9,17.8,15.9
Pass,318871,26,Successful,18.4,16.3,32.2,25.8
Pass,115916,26,Successful,28.1,21.9,22.9,6.4
Pass,318871,26,Unsuccessful,25.6,1.7,61.8,18.4
Pass,236519,161,Unsuccessful,39.0,85.3,47.8,95.7
Pass,262838,26,Successful,54.3,2.2,55.9,14
Pass,68659,26,Unsuccessful,55.9,14.3,61.1,30.7
BallRecovery,236519,161,Successful,42.6,69.3,,
Pass,236519,161,Successful,39.2,67.2,30.6,52.6
Pass,124106,161,Successful,26.9,55.9,21.6,69.9
Pass,97710,161,Successful,24.5,71.2,3.1,51.6
Pass,23089,161,Successful,3.1,51.6,8,25.2
Pass,124106,161,Successful,8.0,25.2,19.4,4.6
Pass,94042,161,Successful,19.3,3.7,6.7,13.5
Pass,124106,161,Successful,6.7,13.5,8.7,50.6
Pass,97710,161,Successful,9.9,48.1,61.7,5.9
Pass,140088,161,Successful,91.4,17.3,90.5,64
Challenge,318871,26,Unsuccessful,8.1,36.2,,
TakeOn,108186,161,Successful,91.9,63.8,,
Pass,108186,161,Successful,95.2,61.2,94.4,53.8
MissedShots,235755,161,Successful,94.4,54.4,,
Pass,114147,26,Successful,5.0,49.9,57.4,84.7
Aerial,332867,161,Unsuccessful,42.7,15.9,,
Aerial,124688,26,Successful,57.3,84.1,,
Pass,124688,26,Unsuccessful,54.0,81.6,56.3,71.3
Pass,124106,161,Successful,44.5,31.8,47.4,44
Pass,238244,161,Unsuccessful,47.4,44.0,57.2,52.7
Pass,318871,26,Unsuccessful,40.2,43.4,48.4,54
Pass,238244,161,Successful,53.9,45.2,57.4,47
BallRecovery,108186,161,Successful,55.6,48.4,,
Pass,108186,161,Unsuccessful,57.4,47.0,57.5,45.1
BlockedPass,115916,26,Successful,45.4,55.5,,
BallRecovery,262838,26,Successful,48.1,40.8,,
Pass,262838,26,Successful,48.3,46.1,44.4,42.4
Pass,68659,26,Unsuccessful,46.7,8.3,100,3.5
Pass,23089,161,Successful,5.1,54.6,14.4,69.5
Pass,97710,161,Unsuccessful,14.7,73.3,74.3,49.9
BallRecovery,95408,26,Successful,24.5,55.4,,
Pass,95408,26,Successful,24.5,55.4,64.4,41.8
Aerial,97710,161,Unsuccessful,35.8,59.8,,
Aerial,124688,26,Successful,64.2,40.2,,
Pass,124688,26,Unsuccessful,64.4,41.8,81.5,31.3
BallRecovery,23089,161,Successful,21.2,73.3,,
Pass,23089,161,Successful,28.3,77.2,69.1,40.6
Aerial,95408,26,Unsuccessful,30.6,62.4,,
Aerial,332867,161,Successful,69.4,37.6,,
Pass,332867,161,Successful,69.1,40.6,75.9,50.3
Aerial,136451,26,Unsuccessful,24.4,53.5,,
Aerial,108186,161,Successful,75.6,46.5,,
Pass,108186,161,Successful,73.3,46.7,70.3,46.4
Pass,332867,161,Unsuccessful,70.6,47.5,71.4,48.7
BlockedPass,68659,26,Successful,27.0,62.9,,
Pass,94042,161,Unsuccessful,82.5,0.0,88.6,30.7
Clearance,115916,26,Successful,9.8,68.4,23.8,72.1
Pass,124688,26,Unsuccessful,24.4,74.2,35.9,89
End,,161,Successful,0.0,0.0,,
End,,26,Successful,0.0,0.0,,
End,,26,Successful,0.0,0.0,,
End,,161,Successful,0.0,0.0,,
FormationSet,,26,Successful,0.0,0.0,,
FormationSet,,161,Successful,0.0,0.0,,
