Event,Minute,Second,Player,Team,Outcome,X,Y,endX,endY,passtype
Start,0,0,,63,Successful,0.0,0.0,,,OpenPlay
Start,0,0,,825,Successful,0.0,0.0,,,OpenPlay
Pass,0,1,291684,825,Successful,49.8,49.7,32.1,29.2,OpenPlay
Pass,0,3,363816,825,Unsuccessful,34.2,28.3,75.4,58.2,OpenPlay
Pass,0,6,77564,63,Unsuccessful,22.6,37.3,35.8,47,OpenPlay
Pass,0,7,67480,825,Unsuccessful,62.8,51.3,66.1,57.1,OpenPlay
Aerial,0,8,80764,63,Unsuccessful,33.7,46.2,,,OpenPlay
Aerial,0,8,108176,825,Successful,66.3,53.8,,,OpenPlay
Pass,0,9,108176,825,Unsuccessful,64.0,56.7,64.5,56.5,OpenPlay
BallTouch,0,10,80764,63,Successful,33.0,40.8,,,OpenPlay
Foul,0,12,91213,63,Successful,38.0,43.8,,,OpenPlay
Foul,0,12,67480,825,Unsuccessful,62.0,56.2,,,OpenPlay
Pass,0,53,135914,63,Successful,42.0,47.3,38.5,88,OpenPlay
Pass,0,57,344156,63,Unsuccessful,39.2,90.3,100,98.4,OpenPlay
Pass,1,24,243554,825,Unsuccessful,4.9,48.4,66.6,62.9,OpenPlay
Pass,1,28,238940,63,Successful,39.7,35.2,53.9,26.7,OpenPlay
BallRecovery,1,30,91213,63,Successful,55.4,22.5,,,OpenPlay
Pass,1,31,91213,63,Unsuccessful,56.3,17.9,54.1,23.6,OpenPlay
Interception,1,32,67480,825,Successful,42.9,64.1,,,OpenPlay
Pass,1,33,80764,63,Successful,54.4,23.4,60.5,36.6,OpenPlay
Pass,1,34,362431,63,Successful,60.5,36.6,47.9,35.4,OpenPlay
Pass,1,35,238940,63,Successful,47.9,35.4,52,56.3,OpenPlay
Pass,1,39,132962,63,Successful,59.8,63.1,63.7,45.5,OpenPlay
Pass,1,40,80764,63,Successful,63.8,45.8,58.3,53.6,OpenPlay
Pass,1,41,238940,63,Successful,58.0,52.2,58.1,21.1,OpenPlay
Pass,1,45,77564,63,Successful,58.0,18.8,63.1,5.6,OpenPlay
Pass,1,47,83078,63,Successful,63.3,4.9,46.6,9.8,OpenPlay
Pass,1,48,77564,63,Successful,43.8,10.6,35,42.7,OpenPlay
Pass,1,51,135914,63,Successful,35.0,42.7,39.1,81.7,OpenPlay
Pass,1,53,344156,63,Successful,39.5,81.8,34.8,52.4,OpenPlay
Pass,1,55,135914,63,Successful,35.6,51.5,41.6,25.6,OpenPlay
Pass,1,58,77564,63,Successful,44.5,25.0,62.4,51.2,OpenPlay
OffsideGiven,2,,91213,63,Unsuccessful,80.8,49.7,,,OpenPlay
Pass,2,0,362431,63,Successful,62.0,50.6,60.3,40.4,OpenPlay
Pass,2,2,238940,63,Successful,60.3,40.4,57,63.7,OpenPlay
Pass,2,5,132962,63,Successful,63.9,65.7,73.3,49.1,OpenPlay
OffsideProvoked,2,7,79755,825,Successful,18.5,56.1,,,OpenPlay
OffsidePass,2,7,80764,63,Successful,74.5,50.3,80.8,49.7,OpenPlay
Pass,2,28,363816,825,Successful,19.6,30.7,36,9.5,OpenPlay
Pass,2,29,40346,825,Successful,36.0,9.5,19.9,26.7,OpenPlay
Pass,2,30,363816,825,Successful,19.9,26.7,18.9,46.9,OpenPlay
Pass,2,31,104432,825,Unsuccessful,18.9,46.9,38.2,33,OpenPlay
BallRecovery,2,32,132962,63,Successful,62.4,75.6,,,OpenPlay
Pass,2,34,132962,63,Successful,66.4,70.3,75.4,50.1,OpenPlay
Pass,2,35,80764,63,Successful,75.8,50.1,81.2,56.7,OpenPlay
MissedShots,2,37,91213,63,Successful,80.9,55.7,,,OpenPlay
Pass,3,4,243554,825,Unsuccessful,4.5,49.6,64.8,49.6,OpenPlay
Aerial,3,5,323547,825,Unsuccessful,32.2,53.4,,,OpenPlay
Aerial,3,5,238940,63,Successful,67.8,46.6,,,OpenPlay
Pass,3,6,238940,63,Successful,35.9,43.6,52.6,34.8,OpenPlay
Pass,3,8,91213,63,Successful,52.6,34.8,53,44.8,OpenPlay
Pass,3,9,362431,63,Unsuccessful,53.0,44.8,64,38.8,OpenPlay
Pass,3,12,104432,825,Successful,31.7,66.7,36.1,88.6,OpenPlay
Pass,3,14,125376,825,Successful,37.2,90.9,64.3,66.4,OpenPlay
Pass,3,18,73494,825,Unsuccessful,69.2,60.0,79.2,68.7,OpenPlay
BallRecovery,3,19,77564,63,Successful,23.9,31.9,,,OpenPlay
Pass,3,20,77564,63,Successful,23.9,31.9,25.9,22.2,OpenPlay
Pass,3,21,83078,63,Successful,25.7,21.9,35.7,18.3,OpenPlay
Pass,3,22,80764,63,Successful,34.5,20.0,26.4,53.4,OpenPlay
Pass,3,26,344156,63,Successful,28.3,64.9,32,88.4,OpenPlay
Pass,3,29,112161,63,Successful,34.4,89.3,57.7,96.3,OpenPlay
Pass,3,33,132962,63,Successful,63.6,95.6,55.5,98,OpenPlay
Pass,3,36,112161,63,Successful,57.7,96.6,72.5,95.3,OpenPlay
Pass,3,38,362431,63,Successful,72.6,95.7,66.2,97.4,OpenPlay
Pass,3,40,112161,63,Successful,66.2,97.4,60,94.8,OpenPlay
Pass,3,42,132962,63,Successful,58.6,92.3,52.5,57.3,OpenPlay
Pass,3,45,80764,63,Successful,46.6,46.7,54.4,24,OpenPlay
Pass,3,48,77564,63,Successful,57.0,23.0,60.6,33,OpenPlay
Pass,3,49,80764,63,Successful,62.8,25.2,68.2,0.7,OpenPlay
Pass,3,53,83078,63,Successful,62.2,3.5,34,7.7,OpenPlay
Pass,3,59,77564,63,Unsuccessful,33.6,11.6,36.8,13.1,OpenPlay
OffsideGiven,4,,112161,63,Unsuccessful,83.8,87.8,,,OpenPlay
BallTouch,4,0,323547,825,Successful,58.8,78.8,,,OpenPlay
Pass,4,2,91213,63,Unsuccessful,60.6,25.9,65,40.7,OpenPlay
Pass,4,4,104432,825,Unsuccessful,33.3,56.9,48,42.1,OpenPlay
Pass,4,9,132962,63,Successful,45.8,69.3,45.4,54.8,OpenPlay
Pass,4,11,238940,63,Successful,45.4,54.8,45,29.8,OpenPlay
Pass,4,13,77564,63,Successful,46.5,26.2,55.5,5.5,OpenPlay
Pass,4,17,83078,63,Successful,54.6,4.7,43.1,19.5,OpenPlay
Pass,4,20,77564,63,Successful,42.5,20.6,42.3,81.2,OpenPlay
Pass,4,27,344156,63,Successful,52.9,84.7,56.1,97.4,OpenPlay
Pass,4,28,112161,63,Successful,56.1,97.4,60.6,91.8,OpenPlay
Pass,4,31,132962,63,Successful,62.7,71.7,60.3,58.1,OpenPlay
OffsideProvoked,4,32,79755,825,Successful,25.9,54.0,,,OpenPlay
OffsidePass,4,32,80764,63,Successful,60.4,58.7,83.8,87.8,OpenPlay
Pass,5,5,243554,825,Successful,21.2,24.3,63.9,23.6,OpenPlay
Aerial,5,9,238940,63,Unsuccessful,31.8,75.4,,,OpenPlay
Aerial,5,9,323547,825,Successful,68.2,24.6,,,OpenPlay
Pass,5,10,323547,825,Unsuccessful,66.4,24.4,79.3,53,OpenPlay
BallRecovery,5,11,77564,63,Successful,21.3,48.5,,,OpenPlay
Pass,5,12,77564,63,Unsuccessful,21.3,48.5,53.5,42.7,OpenPlay
Interception,5,17,104432,825,Successful,46.0,56.9,,,OpenPlay
Pass,5,18,238940,63,Unsuccessful,37.5,44.0,34.4,20.7,OpenPlay
Aerial,5,20,83078,63,Unsuccessful,33.7,15.7,,,OpenPlay
Aerial,5,20,125376,825,Successful,66.3,84.3,,,OpenPlay
BallTouch,5,21,125376,825,Successful,67.0,89.3,,,OpenPlay
Pass,5,23,77564,63,Unsuccessful,27.9,12.6,65.1,55.2,OpenPlay
Pass,5,26,363816,825,Unsuccessful,29.2,40.3,36.1,56.9,OpenPlay
Pass,5,28,91213,63,Successful,64.9,50.1,56.4,54.8,OpenPlay
Pass,5,30,132962,63,Successful,56.6,51.8,58.7,78.1,OpenPlay
Pass,5,34,112161,63,Successful,61.9,77.3,57.9,69.9,OpenPlay
Pass,5,37,132962,63,Unsuccessful,60.0,70.2,71.7,63.9,OpenPlay
Interception,5,38,104432,825,Successful,28.3,41.0,,,OpenPlay
BallTouch,5,39,91213,63,Successful,71.7,63.9,,,OpenPlay
BallRecovery,5,41,363816,825,Successful,23.5,27.4,,,OpenPlay
Pass,5,42,363816,825,Unsuccessful,23.5,27.4,55.2,44.6,OpenPlay
BallRecovery,5,44,135914,63,Successful,37.1,63.3,,,OpenPlay
Pass,5,45,135914,63,Successful,36.3,65.5,37.3,93.9,OpenPlay
Pass,5,50,344156,63,Successful,49.1,92.1,55.3,99.3,OpenPlay
Pass,5,51,112161,63,Successful,55.9,98.7,63.6,97.7,OpenPlay
Pass,5,53,362431,63,Unsuccessful,68.4,97.4,70.5,97.2,OpenPlay
Interception,5,54,363816,825,Successful,25.9,3.5,,,OpenPlay
Clearance,5,55,363816,825,Successful,25.1,2.6,26.1,1.9,OpenPlay
BallTouch,5,56,112161,63,Successful,74.7,97.2,,,OpenPlay
Pass,5,58,363816,825,Unsuccessful,26.4,1.9,63.5,35.7,OpenPlay
Pass,6,2,135914,63,Successful,37.6,66.7,39.5,33.7,OpenPlay
Pass,6,6,77564,63,Successful,41.4,30.1,35,54.3,OpenPlay
Pass,6,8,135914,63,Successful,34.9,56.0,39.1,81.4,OpenPlay
Pass,6,12,344156,63,Successful,43.7,88.9,36.6,71.2,OpenPlay
Pass,6,15,135914,63,Successful,37.4,67.0,51.3,23,OpenPlay
Pass,6,19,77564,63,Successful,56.3,20.4,64.7,16.4,OpenPlay
Pass,6,20,80764,63,Successful,64.7,16.4,54.6,16.7,OpenPlay
Pass,6,23,77564,63,Successful,54.9,17.0,59,1.9,OpenPlay
Pass,6,24,83078,63,Successful,58.1,3.4,52.7,14.3,OpenPlay
Pass,6,28,77564,63,Successful,52.6,16.4,59,25.3,OpenPlay
Pass,6,29,238940,63,Successful,59.0,25.3,51.7,17.7,OpenPlay
Pass,6,33,77564,63,Successful,53.8,16.2,54.7,4.1,OpenPlay
Pass,6,35,83078,63,Successful,54.1,5.6,45,18.5,OpenPlay
Pass,6,37,77564,63,Successful,45.0,18.5,47.1,40.4,OpenPlay
Pass,6,40,132962,63,Unsuccessful,51.0,51.3,97.1,100,OpenPlay
Pass,7,2,363816,825,Successful,9.0,0.0,8.8,7.6,ThrowIn
Pass,7,4,67480,825,Successful,8.8,7.6,48.3,33,OpenPlay
Aerial,7,6,135914,63,Unsuccessful,52.9,71.2,,,OpenPlay
Aerial,7,6,73494,825,Successful,47.1,28.8,,,OpenPlay
Pass,7,7,73494,825,Unsuccessful,48.3,33.0,58.3,48.2,OpenPlay
BallRecovery,7,8,77564,63,Successful,43.8,48.5,,,OpenPlay
Pass,7,13,77564,63,Successful,36.4,34.2,42.2,85.6,OpenPlay
SavedShot,7,16,344156,63,Successful,42.2,85.6,,,OpenPlay
Save,7,16,243554,825,Successful,1.1,48.2,,,OpenPlay
KeeperPickup,7,17,243554,825,Successful,1.5,46.9,,,OpenPlay
Pass,7,33,243554,825,Successful,6.4,47.5,22.6,67.6,OpenPlay
Pass,7,34,104432,825,Successful,22.6,67.6,25.1,88.1,OpenPlay
Pass,7,36,79755,825,Unsuccessful,25.1,88.1,74,82.3,OpenPlay
BallRecovery,7,38,77564,63,Successful,30.2,9.1,,,OpenPlay
Pass,7,39,77564,63,Successful,29.4,8.9,27.1,48.4,OpenPlay
Pass,7,42,135914,63,Successful,27.1,48.4,29.1,75.7,OpenPlay
Pass,7,45,344156,63,Successful,30.6,76.9,31.5,61.5,OpenPlay
Pass,7,48,238940,63,Successful,32.2,54.8,45.6,22.7,OpenPlay
Pass,7,51,80764,63,Unsuccessful,47.2,18.2,69.8,27,OpenPlay
Interception,7,53,79755,825,Successful,23.2,79.0,,,OpenPlay
Pass,7,55,91213,63,Unsuccessful,94.3,7.9,90.1,39.4,OpenPlay
BallRecovery,7,57,104432,825,Successful,7.3,67.5,,,OpenPlay
Pass,8,0,104432,825,Unsuccessful,5.2,78.4,46.1,97.7,OpenPlay
Foul,8,6,73494,825,Unsuccessful,47.6,97.8,,,OpenPlay
Foul,8,6,77564,63,Successful,52.4,2.2,,,OpenPlay
Pass,8,33,77564,63,Successful,51.0,2.2,37.3,47.9,OpenPlay
Pass,8,36,344156,63,Successful,42.4,55.5,52.3,48.9,OpenPlay
Pass,8,37,238940,63,Successful,52.1,50.3,45.1,67,OpenPlay
Pass,8,39,344156,63,Successful,45.0,68.1,52.5,96,OpenPlay
Pass,8,43,112161,63,Successful,53.8,95.7,44.4,85.1,OpenPlay
Pass,8,45,344156,63,Successful,42.9,84.1,37.1,61.4,OpenPlay
Pass,8,47,135914,63,Successful,36.5,59.3,39.7,29.4,OpenPlay
Pass,8,50,77564,63,Successful,41.8,23.3,58.9,16.2,OpenPlay
Pass,8,51,80764,63,Successful,58.9,16.2,40.7,19.2,OpenPlay
Pass,8,53,77564,63,Successful,40.5,19.2,29.8,52.1,OpenPlay
Pass,8,58,135914,63,Successful,31.9,43.4,33.3,22.4,OpenPlay
Pass,9,3,77564,63,Unsuccessful,41.9,22.7,77.7,67.6,OpenPlay
Aerial,9,5,112161,63,Unsuccessful,77.4,70.4,,,OpenPlay
Aerial,9,5,40346,825,Successful,22.6,29.6,,,OpenPlay
Clearance,9,6,40346,825,Successful,22.9,27.3,25,26.5,OpenPlay
BallTouch,9,7,112161,63,Successful,77.7,68.1,,,OpenPlay
TakeOn,9,9,362431,63,Unsuccessful,87.8,72.7,,,OpenPlay
Tackle,9,9,40346,825,Successful,12.2,27.3,,,OpenPlay
CornerAwarded,9,11,40346,825,Unsuccessful,12.2,27.3,,,OpenPlay
CornerAwarded,9,11,362431,63,Successful,87.8,72.7,,,OpenPlay
Pass,9,38,132962,63,Successful,99.5,99.5,92.2,48.2,CornerTaken
Aerial,9,40,363816,825,Unsuccessful,9.2,55.9,,,OpenPlay
Aerial,9,40,77564,63,Successful,90.8,44.1,,,OpenPlay
BallTouch,9,41,77564,63,Unsuccessful,92.5,48.2,,,OpenPlay
BallTouch,9,43,108176,825,Successful,17.8,71.8,,,OpenPlay
Pass,10,2,83078,63,Unsuccessful,83.0,0.0,95.4,50.4,ThrowIn
KeeperPickup,10,7,243554,825,Successful,5.6,46.4,,,OpenPlay
Pass,10,19,243554,825,Successful,12.7,53.9,23.2,75.4,OpenPlay
BallTouch,10,21,79755,825,Unsuccessful,25.1,75.2,,,OpenPlay
BallRecovery,10,22,80764,63,Successful,74.3,12.3,,,OpenPlay
Pass,10,23,80764,63,Unsuccessful,74.3,12.3,74.8,13.7,OpenPlay
BlockedPass,10,23,79755,825,Successful,25.1,87.2,,,OpenPlay
Pass,10,26,125376,825,Successful,23.6,96.6,58.1,88.1,OpenPlay
Aerial,10,27,77564,63,Unsuccessful,41.4,11.3,,,OpenPlay
Aerial,10,27,323547,825,Successful,58.6,88.7,,,OpenPlay
Foul,10,29,323547,825,Successful,58.7,88.1,,,OpenPlay
Foul,10,29,77564,63,Unsuccessful,41.3,11.9,,,OpenPlay
Pass,11,11,125376,825,Unsuccessful,59.5,84.1,77.7,33.3,OpenPlay
Clearance,11,13,135914,63,Successful,18.5,63.9,34.2,50.4,OpenPlay
Pass,11,15,67480,825,Successful,65.2,44.5,56.3,23.1,OpenPlay
Pass,11,18,363816,825,Successful,56.3,23.1,63.9,7.3,OpenPlay
Pass,11,19,40346,825,Successful,63.9,7.3,52.9,18,OpenPlay
Pass,11,21,363816,825,Successful,53.2,17.9,59.3,21.9,OpenPlay
Pass,11,24,67480,825,Successful,61.1,19.4,88.9,36.3,OpenPlay
Pass,11,25,323547,825,Unsuccessful,88.9,36.3,96.6,52.4,OpenPlay
KeeperPickup,11,26,76662,63,Successful,5.6,51.6,,,OpenPlay
Pass,11,35,76662,63,Successful,14.7,49.9,24,87.1,OpenPlay
Pass,11,37,344156,63,Successful,25.6,86.8,29.6,74.4,OpenPlay
Pass,11,43,238940,63,Successful,46.8,57.2,45.8,26.4,OpenPlay
Pass,11,49,77564,63,Successful,52.2,29.2,46.5,73.9,OpenPlay
Pass,11,55,344156,63,Unsuccessful,56.4,86.3,90.5,0,OpenPlay
Pass,12,27,79755,825,Unsuccessful,20.6,100.0,41.7,93.9,ThrowIn
Pass,12,30,77564,63,Unsuccessful,50.8,10.4,60.9,16.7,OpenPlay
Pass,12,32,67480,825,Unsuccessful,32.5,82.9,62.7,82,OpenPlay
Pass,12,33,135914,63,Successful,43.2,13.8,53.4,27.9,OpenPlay
BallRecovery,12,34,132962,63,Successful,53.4,27.9,,,OpenPlay
Pass,12,35,132962,63,Successful,53.4,27.9,35.8,49,OpenPlay
Pass,12,37,344156,63,Successful,33.4,53.9,9.8,53.4,OpenPlay
Pass,12,41,76662,63,Unsuccessful,8.5,47.2,55.8,26.5,OpenPlay
Pass,12,45,79755,825,Unsuccessful,41.5,73.8,65.4,60.9,OpenPlay
Pass,12,48,238940,63,Successful,39.3,44.8,46.2,61.2,OpenPlay
Pass,12,51,132962,63,Successful,53.8,67.3,52.1,57.8,OpenPlay
Pass,12,55,238940,63,Successful,58.9,60.2,63.8,66.1,OpenPlay
Pass,12,56,132962,63,Successful,67.5,69.9,66.3,94.1,OpenPlay
Pass,13,0,112161,63,Successful,70.5,90.5,74.5,96.8,OpenPlay
Pass,13,3,132962,63,Successful,73.5,91.7,66,69.4,OpenPlay
Pass,13,5,80764,63,Successful,63.5,68.4,48.3,54,OpenPlay
Pass,13,8,135914,63,Successful,48.6,54.5,57.5,87.2,OpenPlay
Pass,13,13,238940,63,Successful,63.2,85.1,68.3,89.4,OpenPlay
Pass,13,14,132962,63,Successful,68.3,89.4,61.6,89.1,OpenPlay
Pass,13,16,238940,63,Successful,62.3,87.5,63.6,73,OpenPlay
Pass,13,17,80764,63,Successful,64.1,71.4,67.6,60.5,OpenPlay
Pass,13,18,362431,63,Successful,67.6,60.5,65.5,36.1,OpenPlay
Pass,13,20,77564,63,Successful,68.9,31.9,83.6,10.3,OpenPlay
Pass,13,23,83078,63,Successful,85.0,10.7,95.5,32.4,OpenPlay
Pass,13,24,80764,63,Unsuccessful,94.0,30.3,94.2,33.2,OpenPlay
BallTouch,13,25,104432,825,Successful,4.4,66.2,,,OpenPlay
Clearance,13,26,363816,825,Successful,3.0,53.2,5.6,100,OpenPlay
Pass,13,52,83078,63,Successful,95.9,0.0,97.5,39.2,ThrowIn
Pass,13,55,135914,63,Unsuccessful,97.5,39.2,98,44,OpenPlay
Foul,13,59,243554,825,Successful,2.3,58.1,,,OpenPlay
Foul,13,59,112161,63,Unsuccessful,97.7,41.9,,,OpenPlay
Pass,14,25,243554,825,Unsuccessful,8.2,61.8,68.7,70,OpenPlay
Pass,14,27,238940,63,Unsuccessful,30.9,31.5,65.1,30.6,OpenPlay
Pass,14,31,79755,825,Successful,34.4,71.2,31.2,58.4,OpenPlay
BallTouch,14,36,104432,825,Successful,31.1,59.3,,,OpenPlay
Pass,15,9,83078,63,Successful,48.3,0.0,54.1,8.5,ThrowIn
BallTouch,15,10,362431,63,Successful,55.8,10.2,,,OpenPlay
KeeperPickup,15,14,243554,825,Successful,9.9,53.1,,,OpenPlay
Pass,15,15,243554,825,Successful,9.9,51.9,26.4,14.7,OpenPlay
Pass,15,16,363816,825,Successful,28.1,16.8,22.9,43.9,OpenPlay
Pass,15,18,104432,825,Successful,24.0,46.7,26.8,77.5,OpenPlay
Pass,15,20,79755,825,Successful,26.8,77.5,3.8,66.9,OpenPlay
Pass,15,25,243554,825,Unsuccessful,2.8,76.1,59.8,100,OpenPlay
Pass,15,39,83078,63,Successful,56.9,0.0,52.3,11.4,ThrowIn
Pass,15,40,238940,63,Successful,52.3,11.4,54.5,2.6,OpenPlay
Pass,15,42,83078,63,Unsuccessful,54.6,2.5,44.4,50.7,OpenPlay
BallRecovery,15,45,291684,825,Successful,58.0,38.9,,,OpenPlay
Pass,15,49,291684,825,Successful,67.4,28.2,62.2,30.4,OpenPlay
Pass,15,50,67480,825,Successful,62.2,30.4,64.4,24.3,OpenPlay
Pass,15,52,291684,825,Successful,64.4,24.3,53,33.3,OpenPlay
Pass,15,54,363816,825,Successful,55.6,32.5,56.4,22.1,OpenPlay
Pass,16,0,67480,825,Successful,68.7,19.2,68.5,27,OpenPlay
Pass,16,3,291684,825,Successful,74.5,11.7,81.5,5.2,OpenPlay
Pass,16,5,40346,825,Successful,80.5,5.6,70.1,25.8,OpenPlay
Pass,16,7,291684,825,Successful,70.0,26.5,58.4,43,OpenPlay
Pass,16,9,104432,825,Successful,58.8,43.7,64.6,70.8,OpenPlay
Pass,16,13,79755,825,Unsuccessful,64.8,72.8,81.5,85.9,OpenPlay
Pass,16,14,83078,63,Successful,18.5,15.5,23,11.7,OpenPlay
BallRecovery,16,15,80764,63,Successful,21.9,11.7,,,OpenPlay
Pass,16,16,80764,63,Unsuccessful,20.8,11.7,19.5,12.6,OpenPlay
BlockedPass,16,16,108176,825,Successful,69.0,82.7,,,OpenPlay
BallRecovery,16,17,125376,825,Successful,77.5,88.2,,,OpenPlay
BallTouch,16,18,125376,825,Unsuccessful,78.3,89.4,,,OpenPlay
Pass,16,34,83078,63,Unsuccessful,25.0,0.0,40.9,6.2,ThrowIn
Aerial,16,36,91213,63,Unsuccessful,42.6,8.3,,,OpenPlay
Aerial,16,36,79755,825,Successful,57.4,91.7,,,OpenPlay
Interception,16,37,79755,825,Successful,55.7,89.6,,,OpenPlay
Pass,16,38,238940,63,Unsuccessful,36.0,10.6,38.4,2.9,OpenPlay
BallTouch,16,41,125376,825,Successful,62.2,89.4,,,OpenPlay
BallRecovery,16,42,108176,825,Successful,54.1,93.6,,,OpenPlay
Pass,16,43,108176,825,Successful,53.5,93.6,36.2,82.1,OpenPlay
Pass,16,44,104432,825,Successful,36.0,78.8,36.5,36.7,OpenPlay
Pass,16,49,363816,825,Successful,50.7,26.4,55.8,14,OpenPlay
Pass,16,52,291684,825,Successful,56.4,13.7,52.6,26.4,OpenPlay
Pass,16,56,67480,825,Successful,61.0,21.5,72.3,5,OpenPlay
Pass,17,0,40346,825,Unsuccessful,71.0,7.4,77.7,16.2,OpenPlay
Interception,17,1,238940,63,Successful,23.6,82.7,,,OpenPlay
BallTouch,17,2,132962,63,Unsuccessful,16.2,82.6,,,OpenPlay
Pass,17,4,73494,825,Unsuccessful,89.2,15.5,97.6,100,OpenPlay
Pass,17,32,83078,63,Successful,8.0,0.0,27.5,5.3,ThrowIn
Aerial,17,34,79755,825,Unsuccessful,65.5,92.8,,,OpenPlay
Aerial,17,34,362431,63,Successful,34.5,7.2,,,OpenPlay
Pass,17,35,362431,63,Unsuccessful,27.6,5.5,36.9,7.9,OpenPlay
BallTouch,17,37,104432,825,Unsuccessful,55.0,92.5,,,OpenPlay
Pass,17,49,83078,63,Successful,56.5,0.0,55.2,14.6,ThrowIn
Pass,17,50,362431,63,Successful,55.2,14.6,55.1,2.8,OpenPlay
Pass,17,51,83078,63,Successful,55.1,2.8,67,21.9,OpenPlay
Aerial,17,52,104432,825,Unsuccessful,34.5,73.4,,,OpenPlay
Aerial,17,52,91213,63,Successful,65.5,26.6,,,OpenPlay
Pass,17,53,91213,63,Successful,67.0,21.9,57.7,32.7,OpenPlay
Pass,17,55,238940,63,Successful,56.1,34.5,47,61.4,OpenPlay
Pass,17,58,344156,63,Successful,47.0,64.5,54,75.4,OpenPlay
Pass,18,2,132962,63,Successful,55.1,69.1,63.8,65.5,OpenPlay
Pass,18,4,80764,63,Successful,63.8,65.5,62.6,75.3,OpenPlay
Pass,18,7,132962,63,Successful,70.6,84.2,77.9,96.9,OpenPlay
Pass,18,8,112161,63,Successful,77.9,96.9,56.6,93.3,OpenPlay
Pass,18,13,344156,63,Successful,55.9,86.2,61,93.8,OpenPlay
Pass,18,16,132962,63,Successful,60.0,93.3,45.1,64.9,OpenPlay
Pass,18,20,135914,63,Successful,46.6,57.3,50.6,28.6,OpenPlay
Pass,18,21,77564,63,Successful,50.6,28.6,44.2,54.8,OpenPlay
Pass,18,24,135914,63,Successful,43.6,54.8,47,86.3,OpenPlay
Pass,18,29,344156,63,Successful,53.6,87.8,45.1,62.7,OpenPlay
Pass,18,33,135914,63,Successful,46.7,57.3,52.8,29.7,OpenPlay
Pass,18,35,77564,63,Successful,54.0,27.9,59,4.7,OpenPlay
Pass,18,38,83078,63,Successful,56.7,8.5,43.2,13.2,OpenPlay
Pass,18,44,77564,63,Successful,41.8,11.0,48.5,3.7,OpenPlay
Pass,18,48,83078,63,Successful,35.8,15.8,22.4,33.6,OpenPlay
Pass,18,51,135914,63,Successful,22.4,33.6,29.3,75.3,OpenPlay
Pass,18,55,344156,63,Successful,34.7,86.8,47.7,98.1,OpenPlay
Pass,18,56,112161,63,Successful,48.1,98.3,52.5,93.3,OpenPlay
Pass,18,58,132962,63,Successful,52.5,93.3,51.1,98.9,OpenPlay
Pass,19,0,112161,63,Successful,47.7,97.2,42.2,88.4,OpenPlay
Pass,19,2,344156,63,Unsuccessful,42.8,90.9,100,90,OpenPlay
Pass,19,34,243554,825,Unsuccessful,4.5,49.9,69.7,77.9,OpenPlay
Aerial,19,36,323547,825,Unsuccessful,68.5,78.0,,,OpenPlay
Aerial,19,36,83078,63,Successful,31.5,22.0,,,OpenPlay
BallRecovery,19,38,83078,63,Successful,30.6,28.6,,,OpenPlay
Pass,19,39,83078,63,Successful,30.6,28.6,28.8,64.5,OpenPlay
Pass,19,43,344156,63,Successful,29.1,72.0,24.1,31.9,OpenPlay
Pass,19,45,77564,63,Successful,23.7,31.8,28.9,12.3,OpenPlay
Pass,19,49,83078,63,Successful,31.1,8.3,22.5,23,OpenPlay
Pass,19,51,77564,63,Successful,22.6,23.4,32.3,75.1,OpenPlay
Pass,19,56,135914,63,Successful,40.8,75.7,44.1,95.6,OpenPlay
Pass,19,58,344156,63,Successful,44.1,95.7,38.8,76.3,OpenPlay
Pass,20,2,135914,63,Successful,39.0,74.4,46.6,40.4,OpenPlay
Pass,20,4,80764,63,Successful,46.6,41.2,37.1,33,OpenPlay
Pass,20,6,77564,63,Successful,36.3,33.6,35.6,65.2,OpenPlay
Pass,20,10,135914,63,Successful,35.6,65.2,43.9,92.6,OpenPlay
Pass,20,12,344156,63,Successful,46.5,94.1,36.6,73.6,OpenPlay
Pass,20,17,135914,63,Successful,37.0,69.1,38.1,35.4,OpenPlay
Pass,20,21,77564,63,Successful,41.8,31.9,38,50.4,OpenPlay
Pass,20,23,135914,63,Successful,38.0,50.7,43.7,89.3,OpenPlay
Pass,20,26,344156,63,Successful,43.7,89.7,50.9,69.1,OpenPlay
Pass,20,29,132962,63,Successful,51.9,67.9,56.6,37.1,OpenPlay
Pass,20,32,80764,63,Successful,64.7,29.3,82.1,11.4,OpenPlay
BallTouch,20,37,83078,63,Unsuccessful,94.3,7.0,,,OpenPlay
Pass,21,4,243554,825,Unsuccessful,5.0,49.9,67.8,75.8,OpenPlay
Pass,21,9,83078,63,Successful,27.7,25.9,10.6,41.9,OpenPlay
KeeperPickup,21,11,76662,63,Successful,10.6,41.9,,,OpenPlay
Pass,21,12,76662,63,Successful,10.6,41.9,23.3,79,OpenPlay
Pass,21,16,344156,63,Successful,29.9,80.3,36.8,66.1,OpenPlay
Pass,21,21,238940,63,Successful,36.5,65.5,53.9,33,OpenPlay
Pass,21,23,80764,63,Successful,53.9,33.0,62.6,45.8,OpenPlay
Pass,21,26,362431,63,Successful,67.0,50.4,73.1,39.7,OpenPlay
Pass,21,28,80764,63,Unsuccessful,73.1,38.8,81.8,39.4,OpenPlay
Interception,21,29,104432,825,Successful,17.2,64.8,,,OpenPlay
BallRecovery,21,30,104432,825,Successful,18.8,67.2,,,OpenPlay
Pass,21,31,104432,825,Successful,19.2,67.6,33.7,71.4,OpenPlay
Challenge,21,34,91213,63,Unsuccessful,63.8,35.5,,,OpenPlay
TakeOn,21,34,108176,825,Successful,36.2,64.5,,,OpenPlay
BallTouch,21,35,108176,825,Unsuccessful,36.9,66.0,,,OpenPlay
BallRecovery,21,36,91213,63,Successful,62.3,38.5,,,OpenPlay
Pass,21,37,91213,63,Successful,62.3,38.5,56,29.5,OpenPlay
Pass,21,38,83078,63,Successful,55.7,29.5,54.2,35.4,OpenPlay
Pass,21,39,238940,63,Successful,55.0,35.4,59.9,28,OpenPlay
Pass,21,41,80764,63,Unsuccessful,60.8,26.5,92.3,42.2,OpenPlay
KeeperPickup,21,45,243554,825,Successful,8.5,62.3,,,OpenPlay
Pass,21,52,243554,825,Successful,8.3,51.9,34.9,7.3,OpenPlay
Pass,21,57,40346,825,Unsuccessful,58.0,5.6,83.7,4.9,OpenPlay
Clearance,21,59,344156,63,Successful,17.4,95.4,26.8,100,OpenPlay
Card,22,17,291684,825,Successful,0.0,0.0,,,OpenPlay
Pass,22,28,40346,825,Successful,85.4,0.0,87,10.6,ThrowIn
Pass,22,29,291684,825,Successful,87.2,10.6,88.1,4.3,OpenPlay
Pass,22,31,40346,825,Successful,87.8,4.6,84.3,8.5,OpenPlay
Pass,22,32,291684,825,Successful,85.9,10.3,89,44.3,OpenPlay
Dispossessed,22,34,73494,825,Successful,89.2,40.4,,,OpenPlay
Tackle,22,34,238940,63,Successful,10.8,59.6,,,OpenPlay
BallRecovery,22,36,91213,63,Successful,23.9,65.2,,,OpenPlay
Foul,22,38,67480,825,Unsuccessful,72.2,31.7,,,OpenPlay
Foul,22,38,91213,63,Successful,27.8,68.3,,,OpenPlay
Pass,22,57,135914,63,Successful,28.8,71.4,38.3,63.4,OpenPlay
Pass,22,59,238940,63,Successful,38.3,63.4,40.2,86.2,OpenPlay
Pass,23,0,344156,63,Successful,40.2,86.2,31.3,67.3,OpenPlay
Pass,23,5,135914,63,Successful,32.4,53.1,42.1,25.2,OpenPlay
Pass,23,8,77564,63,Successful,45.7,24.7,51.8,55.1,OpenPlay
Pass,23,10,132962,63,Successful,51.8,55.1,53.8,43.6,OpenPlay
Pass,23,11,238940,63,Successful,53.8,43.6,48.6,82.6,OpenPlay
Pass,23,16,344156,63,Successful,58.4,85.4,60.8,74.2,OpenPlay
Pass,23,19,132962,63,Successful,62.4,73.6,63.2,61.5,OpenPlay
Pass,23,21,238940,63,Successful,64.4,61.5,72.6,60.9,OpenPlay
Pass,23,22,91213,63,Successful,72.6,60.9,70.3,63,OpenPlay
BallTouch,23,23,362431,63,Unsuccessful,72.7,63.7,,,OpenPlay
Foul,23,24,67480,825,Successful,32.0,36.2,,,OpenPlay
Foul,23,24,362431,63,Unsuccessful,68.0,63.8,,,OpenPlay
Pass,23,41,104432,825,Successful,33.7,35.8,30.6,85,OpenPlay
Pass,23,42,79755,825,Successful,30.6,85.0,36.2,93.9,OpenPlay
Pass,23,43,125376,825,Unsuccessful,36.2,93.9,71.9,93.9,OpenPlay
Clearance,23,45,77564,63,Successful,27.3,9.4,31.7,0,OpenPlay
Pass,23,51,125376,825,Successful,67.0,100.0,73.6,91.2,ThrowIn
Pass,23,52,73494,825,Successful,73.6,91.2,67.4,95.3,OpenPlay
Pass,23,53,125376,825,Successful,67.8,94.5,65.1,89,OpenPlay
Pass,23,54,108176,825,Successful,65.1,89.0,67.8,93.5,OpenPlay
Pass,23,56,125376,825,Successful,68.2,93.3,51,92.3,OpenPlay
Pass,23,58,79755,825,Successful,46.3,92.1,37.6,69.1,OpenPlay
Pass,24,0,104432,825,Successful,36.5,67.0,48.4,22.7,OpenPlay
Pass,24,4,363816,825,Successful,52.2,16.8,61.5,5.3,OpenPlay
Pass,24,6,40346,825,Successful,61.2,5.2,59.1,12.6,OpenPlay
Pass,24,7,67480,825,Unsuccessful,59.1,12.6,68.3,26.8,OpenPlay
BallRecovery,24,8,238940,63,Successful,37.5,74.1,,,OpenPlay
Pass,24,9,238940,63,Successful,37.5,72.9,39.1,57.9,OpenPlay
Pass,24,12,80764,63,Successful,43.0,54.9,39.4,60.8,OpenPlay
Pass,24,14,238940,63,Successful,39.3,60.9,42.1,83.9,OpenPlay
Pass,24,16,344156,63,Successful,44.9,88.4,53.8,98.9,OpenPlay
Pass,24,20,112161,63,Successful,56.7,96.8,44.9,93,OpenPlay
Pass,24,22,344156,63,Successful,43.9,93.0,39.1,69.6,OpenPlay
Pass,24,26,135914,63,Successful,39.2,64.2,43,86.9,OpenPlay
Pass,24,31,344156,63,Unsuccessful,55.6,87.4,61.9,75.1,OpenPlay
Interception,24,32,67480,825,Successful,35.4,37.4,,,OpenPlay
Pass,24,33,67480,825,Unsuccessful,37.5,35.5,39.4,35.8,OpenPlay
BlockedPass,24,33,238940,63,Successful,58.2,73.3,,,OpenPlay
BallTouch,24,34,67480,825,Successful,39.4,35.8,,,OpenPlay
Challenge,24,35,363816,825,Unsuccessful,35.8,29.9,,,OpenPlay
TakeOn,24,35,132962,63,Successful,64.2,70.1,,,OpenPlay
BallTouch,24,36,132962,63,Unsuccessful,64.6,72.9,,,OpenPlay
Pass,24,37,104432,825,Unsuccessful,30.4,35.5,56.4,24.9,OpenPlay
Aerial,24,42,323547,825,Unsuccessful,55.6,21.3,,,OpenPlay
Aerial,24,42,344156,63,Successful,44.4,78.7,,,OpenPlay
BallTouch,24,43,344156,63,Successful,46.8,81.5,,,OpenPlay
Foul,24,45,323547,825,Unsuccessful,57.0,24.9,,,OpenPlay
Foul,24,45,238940,63,Successful,43.0,75.1,,,OpenPlay
Pass,25,27,135914,63,Successful,45.6,59.9,66.3,86.9,OpenPlay
Pass,25,29,132962,63,Unsuccessful,72.6,89.1,86.2,61.4,OpenPlay
Clearance,25,30,104432,825,Successful,13.1,36.3,35.6,31,OpenPlay
Pass,25,33,73494,825,Unsuccessful,34.8,29.2,41.5,13.5,OpenPlay
Pass,25,34,344156,63,Successful,60.4,93.8,65.7,96,OpenPlay
Dispossessed,25,36,132962,63,Successful,64.4,94.4,,,OpenPlay
Tackle,25,36,291684,825,Successful,35.6,5.6,,,OpenPlay
BallRecovery,25,38,40346,825,Successful,41.2,3.7,,,OpenPlay
Pass,25,39,40346,825,Unsuccessful,41.4,3.5,73.4,20.3,OpenPlay
Pass,25,41,135914,63,Successful,22.8,73.9,27.5,95.1,OpenPlay
BallRecovery,25,42,344156,63,Successful,26.2,95.3,,,OpenPlay
Pass,25,43,344156,63,Successful,26.2,95.3,19.7,68.1,OpenPlay
Pass,25,46,77564,63,Successful,21.7,63.9,31.2,67.5,OpenPlay
Pass,25,48,238940,63,Successful,34.5,65.4,52.2,54.8,OpenPlay
Challenge,25,50,67480,825,Unsuccessful,47.8,45.2,,,OpenPlay
TakeOn,25,50,362431,63,Successful,52.2,54.8,,,OpenPlay
Challenge,25,51,108176,825,Unsuccessful,43.6,42.3,,,OpenPlay
TakeOn,25,51,362431,63,Successful,56.4,57.7,,,OpenPlay
Pass,25,52,362431,63,Successful,53.8,69.1,58.3,90.8,OpenPlay
Pass,25,55,132962,63,Successful,60.4,92.4,68.1,96.5,OpenPlay
Pass,26,2,112161,63,Successful,63.8,72.0,66.2,53.4,OpenPlay
Pass,26,5,80764,63,Successful,67.4,46.6,91.4,30.6,OpenPlay
Pass,26,7,83078,63,Unsuccessful,91.6,31.2,92.2,47.4,OpenPlay
BallTouch,26,8,104432,825,Successful,6.2,48.2,,,OpenPlay
Clearance,26,9,79755,825,Successful,4.8,56.9,0,63.5,OpenPlay
CornerAwarded,26,10,79755,825,Unsuccessful,1.4,56.6,,,OpenPlay
CornerAwarded,26,10,83078,63,Successful,98.6,43.4,,,OpenPlay
SubstitutionOff,27,39,363816,825,Successful,0.0,0.0,,,OpenPlay
SubstitutionOn,27,39,248088,825,Successful,0.0,0.0,,,OpenPlay
Pass,27,57,80764,63,Unsuccessful,99.5,0.5,93.1,53.9,CornerTaken
Aerial,28,1,77564,63,Unsuccessful,93.2,54.8,,,OpenPlay
Aerial,28,1,79755,825,Successful,6.8,45.2,,,OpenPlay
Clearance,28,2,79755,825,Successful,6.4,44.3,18.4,55.3,OpenPlay
Clearance,28,4,108176,825,Successful,18.1,54.8,34.2,54.3,OpenPlay
Pass,28,5,238940,63,Unsuccessful,65.6,40.1,84.5,51.2,OpenPlay
Aerial,28,7,362431,63,Unsuccessful,85.2,53.2,,,OpenPlay
Aerial,28,7,79755,825,Successful,14.8,46.8,,,OpenPlay
Clearance,28,8,79755,825,Successful,14.0,44.9,25,28.3,OpenPlay
Pass,28,10,40346,825,Unsuccessful,24.2,28.3,67.4,10.9,OpenPlay
Pass,28,15,344156,63,Unsuccessful,27.8,91.7,47,98.3,OpenPlay
BallRecovery,28,18,40346,825,Successful,53.3,3.4,,,OpenPlay
Pass,28,20,40346,825,Successful,52.7,2.5,41,3.7,OpenPlay
Pass,28,21,248088,825,Unsuccessful,41.0,3.7,70.5,26.4,OpenPlay
Interception,28,22,135914,63,Successful,29.2,75.6,,,OpenPlay
BallRecovery,28,23,91213,63,Successful,41.1,73.2,,,OpenPlay
Pass,28,24,91213,63,Successful,41.1,73.2,33,66.6,OpenPlay
Pass,28,26,238940,63,Successful,34.5,62.7,37.6,47.2,OpenPlay
Pass,28,27,80764,63,Successful,37.6,47.2,38.5,55.2,OpenPlay
Pass,28,28,238940,63,Successful,38.5,55.2,53,16.8,OpenPlay
Pass,28,31,83078,63,Unsuccessful,53.1,16.8,55.1,16.8,OpenPlay
BlockedPass,28,31,79755,825,Successful,42.5,98.0,,,OpenPlay
Pass,28,43,83078,63,Successful,57.2,0.0,34.8,9.5,ThrowIn
Pass,28,47,77564,63,Successful,33.6,10.6,31.9,40.4,OpenPlay
Pass,28,49,135914,63,Successful,29.1,41.0,34,85.7,OpenPlay
Pass,28,52,344156,63,Successful,33.8,87.4,40.7,69.7,OpenPlay
Pass,28,53,112161,63,Successful,40.7,69.7,32.8,83.6,OpenPlay
Pass,28,55,344156,63,Successful,32.7,85.7,38.2,59,OpenPlay
Pass,28,59,238940,63,Successful,50.7,45.2,53.9,32.4,OpenPlay
OffsideGiven,29,,91213,63,Unsuccessful,73.5,57.3,,,OpenPlay
Pass,29,1,80764,63,Successful,61.1,29.5,80,4.9,OpenPlay
Pass,29,4,83078,63,Successful,78.2,5.2,79.9,12.6,OpenPlay
BallTouch,29,8,80764,63,Unsuccessful,80.8,11.4,,,OpenPlay
BallRecovery,29,9,125376,825,Successful,6.4,92.1,,,OpenPlay
Pass,29,10,125376,825,Unsuccessful,7.1,92.7,8.3,92.7,OpenPlay
BlockedPass,29,10,83078,63,Successful,91.0,7.0,,,OpenPlay
Pass,29,12,125376,825,Unsuccessful,8.1,90.2,12.2,89,OpenPlay
BallRecovery,29,13,83078,63,Successful,87.7,13.1,,,OpenPlay
Challenge,29,14,108176,825,Unsuccessful,12.1,85.8,,,OpenPlay
TakeOn,29,14,83078,63,Successful,87.9,14.2,,,OpenPlay
TakeOn,29,15,83078,63,Unsuccessful,87.2,15.6,,,OpenPlay
Tackle,29,15,79755,825,Successful,12.8,84.4,,,OpenPlay
BallRecovery,29,18,67480,825,Successful,19.7,77.5,,,OpenPlay
Pass,29,19,67480,825,Successful,19.7,77.1,17.7,93.1,OpenPlay
Pass,29,21,125376,825,Unsuccessful,18.5,93.8,70.1,95.4,OpenPlay
Pass,29,26,77564,63,Unsuccessful,23.9,8.1,37,8.1,OpenPlay
BallTouch,29,27,108176,825,Unsuccessful,60.4,91.7,,,OpenPlay
BallRecovery,29,29,83078,63,Successful,41.7,7.7,,,OpenPlay
Pass,29,30,83078,63,Successful,41.7,7.7,40.2,17.7,OpenPlay
OffsideProvoked,29,34,248088,825,Successful,27.5,52.6,,,OpenPlay
OffsidePass,29,34,238940,63,Successful,56.1,23.1,73.5,57.3,OpenPlay
Pass,31,29,248088,825,Successful,26.2,31.3,25.5,48.2,OpenPlay
Pass,31,31,104432,825,Successful,26.4,53.1,27,70.6,OpenPlay
Pass,31,32,79755,825,Successful,27.0,71.8,30.9,92.6,OpenPlay
Pass,31,34,125376,825,Successful,29.1,91.1,25.2,81,OpenPlay
FormationChange,31,37,,63,Successful,0.0,0.0,,,OpenPlay
Pass,31,37,79755,825,Unsuccessful,25.2,83.1,72.1,82,OpenPlay
Pass,31,39,77564,63,Unsuccessful,35.9,22.4,44,34.2,OpenPlay
BallTouch,31,41,291684,825,Unsuccessful,59.5,62.2,,,OpenPlay
BallRecovery,31,42,112161,63,Successful,38.5,39.8,,,OpenPlay
Pass,31,43,112161,63,Successful,37.1,41.6,34.1,66,OpenPlay
Pass,31,47,344156,63,Successful,34.3,69.3,30.6,59,OpenPlay
Pass,31,49,135914,63,Successful,29.6,55.5,28.9,28.9,OpenPlay
Pass,31,54,77564,63,Successful,36.4,26.5,45.1,20.4,OpenPlay
Pass,31,56,80764,63,Successful,41.5,22.4,43.7,33.3,OpenPlay
Pass,31,57,238940,63,Successful,43.7,33.3,48,8.2,OpenPlay
Pass,32,0,83078,63,Successful,52.3,4.4,89.5,40.9,OpenPlay
SavedShot,32,4,91213,63,Successful,89.2,44.7,,,OpenPlay
Save,32,4,243554,825,Successful,7.6,54.5,,,OpenPlay
KeeperPickup,32,6,243554,825,Successful,7.8,60.3,,,OpenPlay
Pass,32,11,243554,825,Successful,12.2,58.5,28.5,84.8,OpenPlay
Pass,32,12,79755,825,Successful,25.2,85.9,31.2,90.9,OpenPlay
Pass,32,14,108176,825,Successful,35.9,89.3,41.5,95,OpenPlay
Pass,32,15,125376,825,Unsuccessful,43.3,96.3,46.1,95.9,OpenPlay
BlockedPass,32,15,83078,63,Successful,55.1,4.3,,,OpenPlay
Pass,32,19,125376,825,Unsuccessful,63.0,100.0,84.6,63.3,ThrowIn
Pass,32,25,135914,63,Unsuccessful,14.8,49.1,67.5,63.1,OpenPlay
Pass,32,29,104432,825,Successful,30.2,34.2,67.5,9.7,OpenPlay
Pass,32,32,323547,825,Successful,68.0,9.5,58.4,4.4,OpenPlay
Pass,32,34,40346,825,Successful,61.5,5.6,52.7,24.3,OpenPlay
Pass,32,38,67480,825,Successful,58.0,24.0,59.3,30.6,OpenPlay
Pass,32,41,108176,825,Successful,66.1,30.0,74.6,25.5,OpenPlay
Pass,32,43,291684,825,Successful,80.8,26.4,85,24.7,OpenPlay
SavedShot,32,44,323547,825,Successful,85.0,24.7,,,OpenPlay
Save,32,44,76662,63,Successful,1.2,54.0,,,OpenPlay
KeeperPickup,32,45,76662,63,Successful,2.4,52.4,,,OpenPlay
Pass,33,5,76662,63,Unsuccessful,13.8,43.9,76.9,64.3,OpenPlay
Pass,33,11,248088,825,Successful,20.8,30.7,8.5,51.2,OpenPlay
KeeperPickup,33,13,243554,825,Successful,8.5,51.2,,,OpenPlay
Pass,33,15,243554,825,Successful,10.4,51.3,23.7,93.3,OpenPlay
Pass,33,20,125376,825,Successful,23.2,92.4,38.1,89,OpenPlay
Pass,33,22,323547,825,Successful,38.1,89.0,44.9,79.3,OpenPlay
Pass,33,24,73494,825,Successful,49.2,79.4,58.7,94.7,OpenPlay
Pass,33,27,323547,825,Unsuccessful,60.2,93.6,81.7,39.2,OpenPlay
BallRecovery,33,29,132962,63,Successful,18.4,60.9,,,OpenPlay
Pass,33,30,132962,63,Successful,18.4,61.2,4.6,47,OpenPlay
Foul,33,38,40346,825,Unsuccessful,95.2,53.5,,,OpenPlay
Foul,33,38,76662,63,Successful,4.8,46.5,,,OpenPlay
Card,33,46,40346,825,Successful,0.0,0.0,,,OpenPlay
Pass,34,43,135914,63,Successful,10.1,44.6,65.1,77.6,OpenPlay
Aerial,34,45,248088,825,Unsuccessful,34.2,22.2,,,OpenPlay
Aerial,34,45,112161,63,Successful,65.8,77.8,,,OpenPlay
Pass,34,46,112161,63,Unsuccessful,65.2,77.6,100,78.5,OpenPlay
OffsideGiven,35,,73494,825,Unsuccessful,66.7,56.4,,,OpenPlay
Pass,35,16,243554,825,Unsuccessful,5.0,47.8,56,69.5,OpenPlay
Interception,35,19,238940,63,Successful,45.9,32.2,,,OpenPlay
Pass,35,20,67480,825,Successful,46.1,66.0,65.5,68.8,OpenPlay
BallTouch,35,21,73494,825,Unsuccessful,64.6,68.8,,,OpenPlay
Pass,35,22,77564,63,Unsuccessful,39.2,31.8,64.2,6.2,OpenPlay
Pass,35,28,79755,825,Successful,29.9,95.7,7.4,56,OpenPlay
OffsidePass,35,31,243554,825,Successful,7.4,56.0,66.7,56.4,OpenPlay
OffsideProvoked,35,31,135914,63,Successful,33.4,53.9,,,OpenPlay
Pass,35,46,135914,63,Successful,30.6,50.4,33.5,75.3,OpenPlay
Pass,35,48,344156,63,Successful,33.5,75.3,26.5,59,OpenPlay
Pass,35,50,135914,63,Successful,26.5,59.0,9.7,53.7,OpenPlay
Pass,35,52,76662,63,Successful,9.7,53.7,14.8,9.5,OpenPlay
Pass,35,56,77564,63,Unsuccessful,17.9,6.8,55.7,17.6,OpenPlay
Pass,36,0,79755,825,Unsuccessful,36.5,75.4,71.6,69.4,OpenPlay
Pass,36,1,77564,63,Unsuccessful,29.3,29.7,35,45.4,OpenPlay
BallRecovery,36,2,291684,825,Successful,64.5,55.3,,,OpenPlay
Pass,36,3,291684,825,Successful,68.7,61.4,69.4,74.7,OpenPlay
Pass,36,6,108176,825,Successful,74.1,88.3,79.7,94.7,OpenPlay
Pass,36,7,125376,825,Successful,79.7,94.7,70.5,92.9,OpenPlay
Pass,36,9,108176,825,Successful,70.8,91.8,72.3,82.7,OpenPlay
Pass,36,12,67480,825,Successful,77.4,85.3,83.3,95.4,OpenPlay
Pass,36,13,125376,825,Unsuccessful,83.8,95.4,87.7,66,OpenPlay
Clearance,36,15,77564,63,Successful,12.3,36.0,42.8,15.6,OpenPlay
Pass,36,19,79755,825,Successful,59.1,82.7,66.1,73.8,OpenPlay
Pass,36,28,67480,825,Successful,50.9,73.0,44.3,55.4,OpenPlay
Pass,36,30,104432,825,Successful,44.3,52.2,47.1,25.8,OpenPlay
Pass,36,32,248088,825,Successful,45.9,26.5,40.9,39.7,OpenPlay
Pass,36,35,104432,825,Successful,41.5,38.5,65.3,33.3,OpenPlay
Dispossessed,36,38,291684,825,Successful,63.4,28.9,,,OpenPlay
Tackle,36,38,132962,63,Successful,36.6,71.1,,,OpenPlay
BallRecovery,36,39,112161,63,Successful,34.8,71.2,,,OpenPlay
Pass,36,40,112161,63,Successful,34.8,71.2,34.1,62,OpenPlay
Pass,36,43,238940,63,Successful,51.9,45.2,75.4,83.3,OpenPlay
Pass,36,50,362431,63,Unsuccessful,92.1,82.0,93,77.9,OpenPlay
BallTouch,36,51,40346,825,Successful,8.6,24.0,,,OpenPlay
BallRecovery,36,52,67480,825,Successful,10.5,33.0,,,OpenPlay
Pass,36,53,67480,825,Successful,11.4,33.0,18.2,49.9,OpenPlay
Pass,36,55,108176,825,Successful,18.2,48.4,39.7,5.5,OpenPlay
Foul,36,59,40346,825,Unsuccessful,37.2,6.2,,,OpenPlay
Foul,36,59,,63,Successful,62.8,93.8,,,OpenPlay
Pass,37,25,132962,63,Successful,62.6,95.3,48.6,96,OpenPlay
Pass,37,28,344156,63,Successful,48.5,96.3,37,74.8,OpenPlay
Pass,37,30,135914,63,Successful,37.6,71.7,41.5,31.2,OpenPlay
Pass,37,33,77564,63,Successful,43.7,29.1,36.7,55.7,OpenPlay
Pass,37,37,135914,63,Successful,37.7,54.8,41.6,84.8,OpenPlay
Pass,37,40,344156,63,Successful,42.9,87.5,53.3,98.6,OpenPlay
Pass,37,42,132962,63,Successful,53.3,98.6,56.1,87.1,OpenPlay
Pass,37,48,112161,63,Unsuccessful,43.9,74.4,59.4,73,OpenPlay
Interception,37,50,67480,825,Successful,39.1,26.5,,,OpenPlay
BallRecovery,37,51,40346,825,Successful,36.3,15.2,,,OpenPlay
Pass,37,52,40346,825,Unsuccessful,37.0,15.2,68.2,14.4,OpenPlay
Pass,37,54,344156,63,Successful,38.3,87.8,30.3,75.1,OpenPlay
BallRecovery,37,56,135914,63,Successful,30.9,73.6,,,OpenPlay
Pass,37,58,135914,63,Successful,29.3,69.6,34.7,87.2,OpenPlay
Pass,38,3,344156,63,Successful,40.6,88.3,35.4,72.1,OpenPlay
Pass,38,6,135914,63,Successful,36.4,69.7,38.5,34.8,OpenPlay
Pass,38,9,77564,63,Successful,41.4,30.7,46.6,7.3,OpenPlay
Pass,38,11,83078,63,Successful,46.6,7.4,30.2,30,OpenPlay
Pass,38,14,77564,63,Successful,29.8,30.4,28.7,57.2,OpenPlay
Pass,38,19,135914,63,Successful,29.9,59.1,33.2,90.2,OpenPlay
Pass,38,21,344156,63,Successful,34.6,90.6,40.9,75.3,OpenPlay
Pass,38,23,112161,63,Successful,41.0,75.0,37.7,89.3,OpenPlay
Pass,38,27,344156,63,Successful,40.8,92.3,48.4,95,OpenPlay
Pass,38,31,362431,63,Successful,46.6,93.0,40.9,90.5,OpenPlay
Pass,38,34,344156,63,Successful,41.8,89.7,68.5,3.7,OpenPlay
Pass,38,37,83078,63,Unsuccessful,67.8,3.6,71.2,25.8,OpenPlay
Interception,38,39,79755,825,Successful,28.1,75.6,,,OpenPlay
BallRecovery,38,40,79755,825,Successful,29.5,82.1,,,OpenPlay
Pass,38,42,79755,825,Unsuccessful,41.0,90.7,60.1,100,OpenPlay
Pass,38,50,83078,63,Successful,43.3,0.0,42.4,10.1,ThrowIn
Pass,38,51,238940,63,Successful,42.4,10.1,41.2,2.2,OpenPlay
Pass,38,52,83078,63,Successful,41.2,2.2,31.3,17.6,OpenPlay
Pass,38,55,77564,63,Successful,33.0,25.3,34.5,86.2,OpenPlay
Pass,39,0,344156,63,Successful,39.4,89.7,48.3,97.8,OpenPlay
Pass,39,1,132962,63,Successful,48.3,97.8,42.8,91.8,OpenPlay
Pass,39,4,344156,63,Successful,43.1,90.2,46,96.6,OpenPlay
Pass,39,7,132962,63,Unsuccessful,46.8,97.2,70.7,77,OpenPlay
Pass,39,10,104432,825,Successful,26.5,28.8,35.3,20.9,OpenPlay
BallTouch,39,13,291684,825,Unsuccessful,35.3,20.9,,,OpenPlay
Pass,39,14,132962,63,Successful,53.6,84.2,55.1,74.5,OpenPlay
Pass,39,15,238940,63,Successful,56.4,72.7,67.2,70.5,OpenPlay
Pass,39,16,80764,63,Successful,68.0,70.0,75.9,70,OpenPlay
BallTouch,39,18,91213,63,Unsuccessful,75.9,70.0,,,OpenPlay
Pass,39,20,40346,825,Successful,25.7,27.9,30.5,37.9,OpenPlay
BallRecovery,39,21,108176,825,Successful,30.8,33.4,,,OpenPlay
Pass,39,22,108176,825,Successful,30.9,34.5,29.2,29.1,OpenPlay
Pass,39,23,67480,825,Successful,29.2,28.8,33.6,9.7,OpenPlay
Pass,39,24,40346,825,Successful,33.6,9.7,44.5,17.1,OpenPlay
Pass,39,26,291684,825,Unsuccessful,53.5,16.7,53.6,18.2,OpenPlay
BlockedPass,39,26,238940,63,Successful,43.7,81.4,,,OpenPlay
Pass,39,38,40346,825,Successful,58.4,0.0,46.2,23,ThrowIn
Pass,39,39,67480,825,Successful,46.6,25.6,45.5,71.2,OpenPlay
Pass,39,41,79755,825,Successful,45.7,71.4,53.2,94.7,OpenPlay
Pass,39,43,125376,825,Successful,53.8,94.7,71.6,95.9,OpenPlay
Pass,39,48,323547,825,Successful,75.9,95.4,92.2,88.4,OpenPlay
Pass,39,49,125376,825,Unsuccessful,92.3,88.4,97.5,0,OpenPlay
Pass,40,16,344156,63,Successful,3.3,100.0,20.1,95.2,ThrowIn
Aerial,40,17,248088,825,Unsuccessful,73.0,7.1,,,OpenPlay
Aerial,40,17,91213,63,Successful,27.0,92.9,,,OpenPlay
Pass,40,18,91213,63,Successful,24.2,95.6,30.6,91.5,OpenPlay
BallTouch,40,19,362431,63,Unsuccessful,23.1,94.7,,,OpenPlay
Pass,40,21,67480,825,Unsuccessful,64.7,9.7,87.8,15.2,OpenPlay
Pass,40,22,344156,63,Unsuccessful,15.9,89.0,50.6,83.3,OpenPlay
Pass,40,25,79755,825,Successful,48.9,15.9,63.6,19.7,OpenPlay
Foul,40,31,108176,825,Unsuccessful,64.1,18.4,,,OpenPlay
Foul,40,31,112161,63,Successful,35.9,81.6,,,OpenPlay
Pass,41,3,344156,63,Successful,34.3,84.5,31.9,71.2,OpenPlay
Pass,41,6,135914,63,Unsuccessful,32.8,66.9,54.3,51.2,OpenPlay
Interception,41,8,79755,825,Successful,44.2,47.8,,,OpenPlay
Pass,41,9,112161,63,Successful,56.9,74.4,52.1,96.8,OpenPlay
Pass,41,11,132962,63,Successful,52.1,96.8,58,89.4,OpenPlay
Pass,41,12,112161,63,Successful,58.0,89.4,44.1,98.9,OpenPlay
Pass,41,16,344156,63,Successful,40.7,96.0,27.6,75.2,OpenPlay
Pass,41,18,135914,63,Successful,26.1,75.6,22,33.4,OpenPlay
Pass,41,25,77564,63,Successful,45.4,26.5,62.3,33,OpenPlay
Pass,41,26,80764,63,Successful,62.3,33.0,62.7,26.5,OpenPlay
Pass,41,28,362431,63,Successful,65.7,27.3,76.9,32.2,OpenPlay
Pass,41,30,80764,63,Successful,77.0,32.2,74.5,34.3,OpenPlay
Pass,41,31,112161,63,Unsuccessful,74.5,34.3,75.9,34.2,OpenPlay
Interception,41,32,79755,825,Successful,28.6,56.9,,,OpenPlay
BallTouch,41,32,248088,825,Successful,30.2,56.3,,,OpenPlay
Pass,41,33,79755,825,Unsuccessful,22.1,63.9,32.2,59,OpenPlay
Pass,41,34,238940,63,Successful,69.0,39.8,76.7,33.4,OpenPlay
BallTouch,41,35,80764,63,Unsuccessful,76.7,34.3,,,OpenPlay
Pass,41,38,67480,825,Successful,29.5,64.2,25.1,81.4,OpenPlay
BallRecovery,41,39,125376,825,Successful,25.2,85.7,,,OpenPlay
Pass,41,40,125376,825,Successful,25.1,85.7,44.6,95,OpenPlay
Foul,41,42,323547,825,Successful,44.4,93.4,,,OpenPlay
Foul,41,42,77564,63,Unsuccessful,55.6,6.6,,,OpenPlay
Pass,42,1,125376,825,Successful,44.1,96.0,47.5,89.3,OpenPlay
BallTouch,42,2,108176,825,Successful,47.5,89.3,,,OpenPlay
BallRecovery,42,3,83078,63,Successful,43.1,4.7,,,OpenPlay
Pass,42,5,83078,63,Successful,50.4,5.2,88.8,94.5,OpenPlay
BallTouch,42,11,362431,63,Unsuccessful,89.6,95.0,,,OpenPlay
Pass,42,36,243554,825,Unsuccessful,4.5,47.6,64.8,51.8,OpenPlay
Pass,42,39,238940,63,Unsuccessful,35.9,40.9,45,69.7,OpenPlay
Pass,42,42,40346,825,Unsuccessful,55.9,28.2,72.6,30.9,OpenPlay
BallRecovery,42,43,344156,63,Successful,34.4,72.7,,,OpenPlay
Pass,42,44,344156,63,Unsuccessful,34.4,72.7,68.3,40,OpenPlay
BallTouch,42,46,79755,825,Unsuccessful,29.8,65.5,,,OpenPlay
Pass,42,50,91213,63,Successful,74.5,10.4,65.7,8.2,OpenPlay
Pass,42,52,83078,63,Successful,65.3,8.2,57.6,29.8,OpenPlay
Pass,42,55,238940,63,Successful,57.6,29.8,63.5,25.8,OpenPlay
Pass,42,56,112161,63,Successful,63.5,25.8,59.3,31,OpenPlay
Pass,42,57,238940,63,Successful,59.3,31.0,70,40.6,OpenPlay
Pass,42,58,362431,63,Successful,70.0,40.6,66.4,37,OpenPlay
Pass,42,59,112161,63,Successful,64.3,47.0,65.4,67.2,OpenPlay
Pass,43,3,132962,63,Successful,67.3,66.4,68.7,43.7,OpenPlay
Pass,43,4,238940,63,Successful,68.7,43.7,72.9,22.4,OpenPlay
BallTouch,43,6,83078,63,Successful,74.5,21.9,,,OpenPlay
Challenge,43,8,108176,825,Unsuccessful,32.8,71.1,,,OpenPlay
TakeOn,43,8,80764,63,Successful,67.2,28.9,,,OpenPlay
Pass,43,10,80764,63,Successful,68.3,35.2,66.5,61.2,OpenPlay
Pass,43,14,112161,63,Successful,67.2,62.0,71,91.1,OpenPlay
Pass,43,15,132962,63,Unsuccessful,72.1,92.3,75,85.3,OpenPlay
Interception,43,18,248088,825,Successful,27.2,26.8,,,OpenPlay
BallRecovery,43,19,291684,825,Successful,37.2,17.1,,,OpenPlay
Pass,43,21,291684,825,Successful,37.3,14.1,32.1,34.9,OpenPlay
Pass,43,22,67480,825,Successful,32.1,34.9,44.8,51.3,OpenPlay
Pass,43,26,108176,825,Successful,49.1,42.9,61.3,32.5,OpenPlay
Dispossessed,43,28,73494,825,Successful,62.2,29.3,,,OpenPlay
Tackle,43,28,344156,63,Unsuccessful,37.8,70.7,,,OpenPlay
Pass,43,30,291684,825,Successful,64.3,13.4,72,4.7,OpenPlay
Pass,43,33,40346,825,Successful,72.0,4.7,66.4,21.5,OpenPlay
Pass,43,36,108176,825,Successful,69.5,24.9,91.3,37,OpenPlay
Dispossessed,43,39,73494,825,Successful,96.4,34.4,,,OpenPlay
Tackle,43,39,135914,63,Successful,3.6,65.6,,,OpenPlay
CornerAwarded,43,40,73494,825,Successful,96.4,34.4,,,OpenPlay
CornerAwarded,43,40,135914,63,Unsuccessful,3.6,65.6,,,OpenPlay
Pass,44,12,291684,825,Unsuccessful,99.5,0.5,91.6,54.3,CornerTaken
Aerial,44,15,73494,825,Unsuccessful,92.2,52.8,,,OpenPlay
Aerial,44,15,344156,63,Successful,7.8,47.2,,,OpenPlay
Clearance,44,16,344156,63,Successful,7.2,48.7,13.5,25.3,OpenPlay
Clearance,44,20,112161,63,Successful,9.0,14.5,7.8,15.3,OpenPlay
Pass,44,20,125376,825,Unsuccessful,90.0,87.6,90.6,84.3,OpenPlay
CornerAwarded,44,21,125376,825,Successful,93.6,83.2,,,OpenPlay
CornerAwarded,44,21,112161,63,Unsuccessful,6.4,16.8,,,OpenPlay
Pass,44,43,125376,825,Unsuccessful,99.6,99.7,94.4,65.8,CornerTaken
Aerial,44,44,79755,825,Unsuccessful,94.6,64.7,,,OpenPlay
Aerial,44,44,77564,63,Successful,5.4,35.3,,,OpenPlay
Clearance,44,45,77564,63,Successful,5.4,35.5,20.9,33.1,OpenPlay
Aerial,44,46,362431,63,Unsuccessful,25.4,34.6,,,OpenPlay
Aerial,44,46,108176,825,Successful,74.6,65.4,,,OpenPlay
Pass,44,47,108176,825,Unsuccessful,76.8,67.0,77.2,66.8,OpenPlay
BallTouch,44,48,362431,63,Successful,21.4,33.2,,,OpenPlay
BallRecovery,44,49,91213,63,Successful,21.8,36.1,,,OpenPlay
Pass,44,50,91213,63,Unsuccessful,21.8,36.1,37.6,23.7,OpenPlay
Pass,44,52,67480,825,Successful,61.8,73.0,79.8,90.9,OpenPlay
Foul,44,55,79755,825,Unsuccessful,77.9,91.4,,,OpenPlay
Foul,44,55,83078,63,Successful,22.1,8.6,,,OpenPlay
Pass,45,22,77564,63,Unsuccessful,33.3,15.5,86.4,56,OpenPlay
Foul,45,29,248088,825,Successful,11.4,42.0,,,OpenPlay
Foul,45,29,112161,63,Unsuccessful,88.6,58.0,,,OpenPlay
Pass,46,0,243554,825,Unsuccessful,14.1,45.0,67.5,12.8,OpenPlay
Pass,46,4,344156,63,Unsuccessful,32.5,86.6,47.7,76.6,OpenPlay
BallTouch,46,6,67480,825,Unsuccessful,51.7,28.5,,,OpenPlay
BallRecovery,46,8,91213,63,Successful,52.2,68.2,,,OpenPlay
Pass,46,9,91213,63,Successful,52.2,68.2,52.2,57.2,OpenPlay
BallTouch,46,11,80764,63,Unsuccessful,70.9,64.7,,,OpenPlay
BallRecovery,46,14,248088,825,Successful,35.4,28.0,,,OpenPlay
Pass,46,15,248088,825,Successful,40.8,27.1,53.8,3.7,OpenPlay
Pass,46,18,40346,825,Successful,53.8,3.7,65,2.3,OpenPlay
Pass,46,21,323547,825,Successful,58.0,4.3,63.7,92.3,OpenPlay
Pass,46,25,125376,825,Successful,61.5,90.6,45.1,68.2,OpenPlay
Pass,46,27,79755,825,Successful,55.5,76.3,55,92.4,OpenPlay
Foul,46,35,125376,825,Successful,41.8,96.4,,,OpenPlay
Foul,46,35,83078,63,Unsuccessful,58.2,3.6,,,OpenPlay
Pass,46,42,125376,825,Successful,45.6,95.7,58.9,50,OpenPlay
Pass,46,46,67480,825,Successful,57.6,46.0,62,13.5,OpenPlay
Pass,46,48,248088,825,Successful,63.4,13.2,68.7,11.9,OpenPlay
Pass,46,49,323547,825,Successful,68.7,11.9,59.5,11,OpenPlay
Pass,46,52,248088,825,Successful,59.3,8.0,87.5,15.3,OpenPlay
Pass,46,57,40346,825,Unsuccessful,94.1,22.8,94.5,25.2,OpenPlay
BlockedPass,46,57,135914,63,Successful,10.3,75.6,,,OpenPlay
CornerAwarded,46,58,40346,825,Successful,94.2,26.0,,,OpenPlay
CornerAwarded,46,58,135914,63,Unsuccessful,5.8,74.0,,,OpenPlay
Pass,47,39,291684,825,Unsuccessful,99.5,0.5,93.7,45.4,CornerTaken
Clearance,47,41,91213,63,Successful,7.2,54.6,30.3,53.4,OpenPlay
Pass,47,43,67480,825,Successful,65.4,40.0,60.2,60.9,OpenPlay
End,47,44,,825,Successful,0.0,0.0,,,OpenPlay
End,47,44,,63,Successful,0.0,0.0,,,OpenPlay
FormationChange,45,0,,825,Successful,0.0,0.0,,,OpenPlay
Start,45,0,,825,Successful,0.0,0.0,,,OpenPlay
Start,45,0,,63,Successful,0.0,0.0,,,OpenPlay
FormationChange,45,0,,63,Successful,0.0,0.0,,,OpenPlay
Pass,45,1,91213,63,Successful,50.0,50.5,39.9,61.4,OpenPlay
Pass,45,3,238940,63,Successful,40.6,63.3,36.5,85.1,OpenPlay
Pass,45,5,344156,63,Successful,38.0,84.7,67.8,55.3,OpenPlay
Aerial,45,6,67480,825,Unsuccessful,33.3,44.6,,,OpenPlay
Aerial,45,6,91213,63,Successful,66.7,55.4,,,OpenPlay
Pass,45,7,91213,63,Successful,67.9,52.4,63.4,77.2,OpenPlay
Pass,45,9,112161,63,Unsuccessful,63.4,77.2,70.8,78.7,OpenPlay
Pass,45,10,40346,825,Successful,35.1,19.1,41.4,24.9,OpenPlay
BallRecovery,45,11,291684,825,Successful,41.4,24.9,,,OpenPlay
Pass,45,12,291684,825,Successful,41.6,24.6,94.5,15.2,OpenPlay
Dispossessed,45,19,323547,825,Successful,96.8,15.0,,,OpenPlay
Tackle,45,19,135914,63,Successful,3.2,85.0,,,OpenPlay
CornerAwarded,45,20,323547,825,Successful,96.9,15.0,,,OpenPlay
CornerAwarded,45,20,135914,63,Unsuccessful,3.1,85.0,,,OpenPlay
Pass,45,49,40346,825,Unsuccessful,99.6,0.3,94.6,35.9,CornerTaken
Clearance,45,51,132962,63,Successful,5.1,64.7,27.6,81,OpenPlay
Pass,45,54,67480,825,Successful,68.8,16.7,78.6,4.9,OpenPlay
Pass,45,55,40346,825,Successful,75.5,4.6,81.8,13,OpenPlay
BallTouch,45,58,291684,825,Unsuccessful,81.1,11.2,,,OpenPlay
ShieldBallOpp,45,59,91213,63,Successful,0.0,0.0,,,OpenPlay
Pass,46,30,76662,63,Unsuccessful,4.2,51.8,63.1,100,OpenPlay
Pass,46,41,248088,825,Successful,27.8,0.0,26.7,4.4,ThrowIn
Pass,46,42,67480,825,Unsuccessful,26.7,4.4,59.6,6.1,OpenPlay
Interception,46,44,344156,63,Successful,38.9,93.8,,,OpenPlay
BallTouch,46,45,112161,63,Successful,43.8,93.3,,,OpenPlay
Pass,47,1,248088,825,Unsuccessful,60.0,0.0,82.5,9.7,ThrowIn
Interception,47,3,135914,63,Successful,17.8,90.5,,,OpenPlay
BallTouch,47,7,291684,825,Unsuccessful,95.8,6.2,,,OpenPlay
Pass,47,29,76662,63,Successful,4.8,46.9,56.3,89.1,OpenPlay
Aerial,47,33,40346,825,Unsuccessful,43.8,9.0,,,OpenPlay
Aerial,47,33,112161,63,Successful,56.2,91.0,,,OpenPlay
Pass,47,34,112161,63,Successful,56.3,89.1,64.4,76.9,OpenPlay
Foul,47,36,104432,825,Unsuccessful,34.6,25.8,,,OpenPlay
Foul,47,36,91213,63,Successful,65.4,74.2,,,OpenPlay
Pass,48,5,80764,63,Successful,64.0,71.2,67.4,88.9,OpenPlay
Pass,48,7,132962,63,Successful,67.8,91.5,75.2,97.7,OpenPlay
Pass,48,8,112161,63,Successful,75.2,97.7,65.6,94.5,OpenPlay
Pass,48,9,132962,63,Unsuccessful,65.7,94.4,54.1,59.3,OpenPlay
BallRecovery,48,13,73494,825,Successful,59.2,38.5,,,OpenPlay
Pass,48,16,73494,825,Unsuccessful,68.5,27.4,89.9,0,OpenPlay
Pass,48,35,344156,63,Unsuccessful,15.5,100.0,29.3,93.3,ThrowIn
BallRecovery,48,36,40346,825,Successful,63.0,2.8,,,OpenPlay
Pass,48,37,40346,825,Successful,62.7,8.8,67.3,18,OpenPlay
Pass,48,38,73494,825,Successful,67.3,18.0,79.3,10,OpenPlay
BallTouch,48,39,323547,825,Unsuccessful,78.2,12.4,,,OpenPlay
BallRecovery,48,40,344156,63,Successful,18.8,91.1,,,OpenPlay
Pass,48,41,344156,63,Unsuccessful,19.5,89.8,57.4,76.1,OpenPlay
Pass,48,43,104432,825,Unsuccessful,39.1,18.9,64.8,21.5,OpenPlay
Aerial,48,44,291684,825,Unsuccessful,65.4,20.2,,,OpenPlay
Aerial,48,44,132962,63,Successful,34.6,79.8,,,OpenPlay
Pass,48,45,132962,63,Unsuccessful,33.9,81.1,47.8,74.1,OpenPlay
Pass,48,47,67480,825,Successful,56.5,28.2,70,37.6,OpenPlay
Aerial,48,48,238940,63,Unsuccessful,29.2,62.6,,,OpenPlay
Aerial,48,48,73494,825,Successful,70.8,37.4,,,OpenPlay
Pass,48,49,73494,825,Unsuccessful,70.9,36.1,78.3,32.1,OpenPlay
Pass,48,50,135914,63,Successful,21.9,69.1,7.8,54.3,OpenPlay
Pass,48,52,76662,63,Successful,7.8,54.3,18.8,82.3,OpenPlay
Pass,48,54,344156,63,Successful,18.8,82.3,39.5,65.4,OpenPlay
Pass,48,57,80764,63,Unsuccessful,40.0,66.3,56.8,86.6,OpenPlay
Interception,49,0,248088,825,Successful,39.5,5.9,,,OpenPlay
Pass,49,2,132962,63,Unsuccessful,46.8,94.4,93.3,81.2,OpenPlay
BallRecovery,49,6,104432,825,Successful,5.1,15.0,,,OpenPlay
Pass,49,7,104432,825,Unsuccessful,2.8,14.7,3.6,14.7,OpenPlay
BlockedPass,49,7,91213,63,Successful,98.7,84.7,,,OpenPlay
BallRecovery,49,8,91213,63,Successful,95.9,83.8,,,OpenPlay
Challenge,49,9,104432,825,Unsuccessful,4.4,12.1,,,OpenPlay
TakeOn,49,9,91213,63,Successful,95.6,87.9,,,OpenPlay
Pass,49,10,91213,63,Unsuccessful,98.3,68.2,91.7,55.9,OpenPlay
Interception,49,13,79755,825,Successful,10.4,36.3,,,OpenPlay
BallRecovery,49,15,248088,825,Successful,19.3,10.3,,,OpenPlay
Pass,49,16,248088,825,Successful,19.3,10.3,34.2,11.6,OpenPlay
BallTouch,49,19,291684,825,Unsuccessful,34.9,11.6,,,OpenPlay
Pass,49,20,77564,63,Successful,59.8,61.7,59,71.1,OpenPlay
BallRecovery,49,21,238940,63,Successful,58.1,70.2,,,OpenPlay
Pass,49,22,238940,63,Successful,57.9,69.4,54.9,28,OpenPlay
Pass,49,25,83078,63,Successful,58.7,26.5,67.4,32.1,OpenPlay
Pass,49,26,80764,63,Successful,67.4,32.1,58.6,23.3,OpenPlay
Pass,49,27,83078,63,Successful,58.6,23.3,99.6,17.9,OpenPlay
Error,49,34,104432,825,Successful,0.6,79.7,,,OpenPlay
Pass,49,36,80764,63,Successful,95.5,25.8,90.2,54,OpenPlay
MissedShots,49,37,362431,63,Successful,90.2,54.0,,,OpenPlay
Pass,50,15,243554,825,Unsuccessful,4.8,50.9,63.2,38.8,OpenPlay
Pass,50,18,238940,63,Unsuccessful,33.9,58.1,46.4,59.8,OpenPlay
Pass,50,20,67480,825,Unsuccessful,53.6,42.8,66.7,50.1,OpenPlay
Aerial,50,21,108176,825,Unsuccessful,67.6,46.7,,,OpenPlay
Aerial,50,21,238940,63,Successful,32.4,53.3,,,OpenPlay
Pass,50,22,238940,63,Unsuccessful,31.6,56.7,32.9,65.4,OpenPlay
Aerial,50,23,132962,63,Unsuccessful,33.1,60.4,,,OpenPlay
Aerial,50,23,291684,825,Successful,66.9,39.6,,,OpenPlay
Pass,50,24,291684,825,Unsuccessful,66.7,42.2,75.2,39.7,OpenPlay
Pass,50,26,344156,63,Unsuccessful,24.7,69.3,59.3,8.8,OpenPlay
Pass,50,32,125376,825,Unsuccessful,41.1,95.1,77.9,53.9,OpenPlay
Clearance,50,34,135914,63,Successful,21.6,40.2,24.1,60,OpenPlay
Pass,50,37,40346,825,Successful,77.5,27.9,79.1,34.5,OpenPlay
Pass,50,38,73494,825,Successful,79.1,34.5,91.6,28.6,OpenPlay
Pass,50,41,40346,825,Successful,93.2,27.1,84.8,91.8,OpenPlay
Pass,50,44,125376,825,Successful,85.2,92.0,86.4,75.3,OpenPlay
TakeOn,50,47,323547,825,Unsuccessful,88.6,75.0,,,OpenPlay
Dispossessed,50,48,83078,63,Successful,9.1,27.4,,,OpenPlay
Tackle,50,48,323547,825,Successful,90.9,72.6,,,OpenPlay
Pass,51,21,76662,63,Successful,4.2,46.0,22.4,12.3,OpenPlay
Pass,51,24,77564,63,Successful,41.7,11.2,30.9,56.9,OpenPlay
Pass,51,30,344156,63,Successful,47.9,62.0,66.8,46,OpenPlay
Pass,51,32,91213,63,Unsuccessful,66.8,46.0,61.8,58.2,OpenPlay
BallRecovery,51,33,291684,825,Successful,36.3,38.5,,,OpenPlay
Pass,51,34,291684,825,Successful,36.3,38.5,47.9,49.9,OpenPlay
Pass,51,36,73494,825,Successful,54.9,44.3,72.1,23.9,OpenPlay
Foul,51,42,323547,825,Successful,75.5,26.4,,,OpenPlay
Foul,51,42,344156,63,Unsuccessful,24.5,73.6,,,OpenPlay
Card,51,43,344156,63,Successful,0.0,0.0,,,OpenPlay
SavedShot,52,38,125376,825,Successful,75.9,26.8,,,OpenPlay
Save,52,38,76662,63,Successful,1.0,52.3,,,OpenPlay
CornerAwarded,52,46,125376,825,Successful,81.6,32.2,,,OpenPlay
CornerAwarded,52,46,76662,63,Unsuccessful,18.4,67.8,,,OpenPlay
Pass,53,5,40346,825,Successful,99.5,0.5,91.3,9.2,CornerTaken
Pass,53,7,291684,825,Successful,91.3,9.2,76.5,8.6,OpenPlay
Pass,53,8,67480,825,Successful,76.5,8.6,87.2,6.1,OpenPlay
Pass,53,9,40346,825,Successful,87.2,6.1,94.8,24,OpenPlay
Pass,53,10,291684,825,Unsuccessful,94.8,24.0,95.1,26.2,OpenPlay
BlockedPass,53,10,83078,63,Successful,5.9,74.4,,,OpenPlay
BallTouch,53,12,132962,63,Unsuccessful,9.1,84.8,,,OpenPlay
Pass,53,14,40346,825,Successful,98.9,12.8,92,48.9,OpenPlay
Aerial,53,16,77564,63,Unsuccessful,8.7,51.6,,,OpenPlay
Aerial,53,16,104432,825,Successful,91.3,48.4,,,OpenPlay
MissedShots,53,16,104432,825,Successful,91.6,48.9,,,OpenPlay
Clearance,53,18,135914,63,Successful,1.4,18.5,36.9,10,OpenPlay
Pass,53,23,125376,825,Successful,61.5,87.8,64.1,93.2,OpenPlay
Pass,53,26,108176,825,Successful,64.9,93.9,72.7,97.8,OpenPlay
Pass,53,28,125376,825,Successful,73.5,97.4,77.3,82.4,OpenPlay
Pass,53,30,323547,825,Successful,77.3,82.4,69.8,86.5,OpenPlay
Pass,53,32,108176,825,Successful,68.9,86.2,93.8,22.1,OpenPlay
Aerial,53,35,344156,63,Unsuccessful,8.0,78.4,,,OpenPlay
Aerial,53,35,40346,825,Successful,92.0,21.6,,,OpenPlay
Pass,53,36,40346,825,Successful,93.2,23.3,93.6,32.4,OpenPlay
Pass,53,39,79755,825,Unsuccessful,97.3,33.1,97.7,35.5,OpenPlay
BlockedPass,53,39,112161,63,Successful,3.9,65.1,,,OpenPlay
Pass,54,3,40346,825,Unsuccessful,90.5,0.0,90.7,44.8,ThrowIn
Clearance,54,4,135914,63,Successful,8.7,52.8,25.9,47.3,OpenPlay
MissedShots,54,7,125376,825,Successful,72.4,52.4,,,OpenPlay
Aerial,54,8,323547,825,Unsuccessful,85.5,55.0,,,OpenPlay
Aerial,54,8,77564,63,Successful,14.5,45.0,,,OpenPlay
Clearance,54,9,77564,63,Successful,14.5,45.6,24.8,42.5,OpenPlay
Pass,54,10,238940,63,Unsuccessful,21.9,39.8,21.2,28.3,OpenPlay
BallTouch,54,12,125376,825,Unsuccessful,89.9,70.2,,,OpenPlay
Clearance,54,13,77564,63,Successful,11.8,33.2,5,14.5,OpenPlay
Dispossessed,54,18,125376,825,Successful,96.4,87.9,,,OpenPlay
Tackle,54,18,77564,63,Successful,3.6,12.1,,,OpenPlay
BallTouch,54,19,80764,63,Successful,2.9,11.9,,,OpenPlay
Dispossessed,54,20,125376,825,Successful,94.4,88.8,,,OpenPlay
Tackle,54,20,77564,63,Successful,5.6,11.2,,,OpenPlay
Pass,54,21,80764,63,Unsuccessful,7.7,3.1,8.5,3.8,OpenPlay
BallTouch,54,22,108176,825,Successful,88.0,94.2,,,OpenPlay
MissedShots,54,25,67480,825,Successful,75.6,60.2,,,OpenPlay
Pass,54,26,73494,825,Successful,86.2,77.7,89.5,84.2,OpenPlay
Challenge,54,28,80764,63,Unsuccessful,11.0,15.2,,,OpenPlay
TakeOn,54,28,108176,825,Successful,89.0,84.8,,,OpenPlay
Pass,54,30,108176,825,Unsuccessful,98.8,81.8,95.9,58.5,OpenPlay
Clearance,54,32,77564,63,Successful,3.5,43.4,2.1,22.7,OpenPlay
Clearance,54,34,83078,63,Successful,2.1,21.5,16.4,14,OpenPlay
BallRecovery,54,35,80764,63,Successful,17.9,14.0,,,OpenPlay
Pass,54,36,80764,63,Unsuccessful,17.9,14.0,50.6,33,OpenPlay
Pass,54,40,104432,825,Unsuccessful,47.9,67.0,59.3,100,OpenPlay
Pass,54,59,83078,63,Successful,35.3,0.0,22.8,37.4,ThrowIn
Pass,55,1,135914,63,Successful,22.3,42.4,29.1,75.6,OpenPlay
Pass,55,2,344156,63,Successful,29.3,76.0,43,62.4,OpenPlay
Pass,55,5,238940,63,Successful,44.3,66.4,52.3,84.3,OpenPlay
Pass,55,7,132962,63,Successful,53.2,83.9,38.9,56.1,OpenPlay
Pass,55,11,135914,63,Successful,44.6,49.0,76.7,94.8,OpenPlay
Pass,55,16,112161,63,Successful,73.3,96.3,64.9,95.1,OpenPlay
Pass,55,18,132962,63,Successful,64.9,94.1,63.3,72.3,OpenPlay
Pass,55,19,238940,63,Successful,63.3,70.6,72.2,47.3,OpenPlay
BallTouch,55,21,80764,63,Unsuccessful,72.2,47.3,,,OpenPlay
Pass,55,23,125376,825,Successful,20.9,75.9,31.6,57.5,OpenPlay
BallRecovery,55,24,67480,825,Successful,31.6,57.5,,,OpenPlay
Pass,55,25,67480,825,Successful,31.6,57.5,34.7,64.6,OpenPlay
TakeOn,55,29,108176,825,Unsuccessful,56.1,74.8,,,OpenPlay
BallRecovery,55,31,83078,63,Successful,40.6,19.8,,,OpenPlay
Pass,55,32,83078,63,Successful,40.6,19.8,29,36.6,OpenPlay
Pass,55,37,135914,63,Successful,44.2,48.1,56.4,43.4,OpenPlay
Pass,55,39,80764,63,Successful,56.7,43.4,55.4,55.5,OpenPlay
Pass,55,40,132962,63,Successful,55.4,55.5,58.7,15.2,OpenPlay
Pass,55,42,83078,63,Successful,59.1,15.0,78.5,12,OpenPlay
Pass,55,49,91213,63,Unsuccessful,97.2,9.2,94.2,47.5,OpenPlay
Clearance,55,52,40346,825,Successful,6.3,49.1,0.3,54.6,OpenPlay
BallTouch,55,53,80764,63,Unsuccessful,94.4,30.3,,,OpenPlay
Clearance,55,55,104432,825,Successful,7.8,64.3,37.3,100,OpenPlay
Pass,56,8,83078,63,Successful,60.5,0.0,46.7,9.7,ThrowIn
Pass,56,14,77564,63,Successful,46.7,9.7,58.5,4.1,OpenPlay
Pass,56,15,83078,63,Successful,59.1,4.6,63.4,11.7,OpenPlay
Pass,56,16,80764,63,Successful,63.4,11.7,57.2,5.5,OpenPlay
Pass,56,19,83078,63,Unsuccessful,57.2,5.5,86.4,41.2,OpenPlay
Clearance,56,21,248088,825,Successful,13.0,49.1,30.6,52.4,OpenPlay
BallRecovery,56,22,67480,825,Successful,25.0,52.5,,,OpenPlay
BallTouch,56,23,67480,825,Unsuccessful,25.0,52.5,,,OpenPlay
BallRecovery,56,24,132962,63,Successful,70.6,57.3,,,OpenPlay
Pass,56,25,132962,63,Successful,70.6,57.3,73.5,52.7,OpenPlay
Pass,56,28,91213,63,Successful,78.7,37.7,75.3,13.7,OpenPlay
Pass,56,31,83078,63,Successful,75.5,12.5,70.2,31.5,OpenPlay
Pass,56,33,238940,63,Successful,70.2,32.8,70,62.6,OpenPlay
Pass,56,36,132962,63,Successful,69.4,66.3,71.6,60.3,OpenPlay
Pass,56,37,362431,63,Successful,71.6,60.3,65.7,52.5,OpenPlay
Pass,56,40,238940,63,Successful,66.0,52.2,80.5,11.4,OpenPlay
Pass,56,43,83078,63,Unsuccessful,82.2,11.6,79.9,23.3,OpenPlay
Interception,56,46,79755,825,Successful,19.5,77.3,,,OpenPlay
Pass,56,50,135914,63,Successful,23.6,23.7,2.9,44,OpenPlay
Pass,56,52,76662,63,Successful,2.9,44.0,21.8,35.4,OpenPlay
Pass,56,54,77564,63,Successful,22.5,34.8,14.6,17.9,OpenPlay
Dispossessed,57,2,135914,63,Successful,12.8,18.2,,,OpenPlay
Tackle,57,2,323547,825,Successful,87.2,81.8,,,OpenPlay
BallTouch,57,3,323547,825,Successful,84.8,74.5,,,OpenPlay
BallRecovery,57,4,108176,825,Successful,89.1,73.5,,,OpenPlay
Pass,57,5,108176,825,Unsuccessful,89.3,73.5,88.2,65.5,OpenPlay
Dispossessed,57,7,238940,63,Successful,10.7,39.8,,,OpenPlay
Tackle,57,7,323547,825,Successful,89.3,60.2,,,OpenPlay
Error,57,8,238940,63,Successful,11.4,49.6,,,OpenPlay
Pass,57,9,73494,825,Successful,87.2,54.0,88.3,44.1,OpenPlay
SavedShot,57,10,291684,825,Successful,88.0,41.2,,,OpenPlay
Save,57,10,76662,63,Successful,1.5,51.4,,,OpenPlay
Clearance,57,12,135914,63,Successful,2.8,54.6,12.7,100,OpenPlay
Pass,57,50,40346,825,Unsuccessful,80.6,0.0,86.3,37.5,ThrowIn
Aerial,57,52,108176,825,Unsuccessful,86.3,37.3,,,OpenPlay
Aerial,57,52,238940,63,Successful,13.7,62.7,,,OpenPlay
Clearance,57,53,238940,63,Successful,13.7,60.2,8,90.3,OpenPlay
Pass,57,57,40346,825,Successful,89.9,7.1,86.1,20.9,OpenPlay
Pass,57,58,291684,825,Successful,86.1,20.0,90.9,9.1,OpenPlay
Pass,58,0,248088,825,Successful,89.0,7.7,87.6,46.6,OpenPlay
BallTouch,58,4,73494,825,Successful,87.9,44.5,,,OpenPlay
MissedShots,58,5,291684,825,Successful,87.3,34.7,,,OpenPlay
Clearance,58,6,77564,63,Successful,7.9,45.2,14.1,59.9,OpenPlay
Pass,58,7,291684,825,Successful,87.4,41.0,78.3,42.1,OpenPlay
Pass,58,9,108176,825,Successful,76.3,37.1,82.5,9.1,OpenPlay
Pass,58,12,248088,825,Unsuccessful,80.2,8.9,82.4,15.6,OpenPlay
Clearance,58,12,132962,63,Successful,15.2,84.7,15.2,84.7,OpenPlay
Pass,58,14,238940,63,Unsuccessful,20.4,72.1,31.5,67.8,OpenPlay
Foul,58,18,67480,825,Successful,65.4,30.8,,,OpenPlay
Foul,58,18,91213,63,Unsuccessful,34.6,69.2,,,OpenPlay
Pass,58,47,67480,825,Successful,63.4,30.6,70.4,10.1,OpenPlay
BallTouch,58,48,40346,825,Successful,70.0,9.8,,,OpenPlay
BallRecovery,58,49,362431,63,Successful,28.1,63.9,,,OpenPlay
Pass,58,50,362431,63,Successful,27.7,64.3,24.4,90.6,OpenPlay
Pass,58,53,132962,63,Successful,43.4,96.8,54.2,81.2,OpenPlay
TakeOn,58,56,362431,63,Unsuccessful,65.0,89.6,,,OpenPlay
Tackle,58,56,40346,825,Successful,35.0,10.4,,,OpenPlay
BallRecovery,58,59,67480,825,Successful,39.5,5.2,,,OpenPlay
Pass,59,1,67480,825,Successful,57.1,9.2,78.3,3.5,OpenPlay
Pass,59,4,248088,825,Successful,75.9,4.0,81.6,6.2,OpenPlay
BallTouch,59,7,291684,825,Unsuccessful,83.1,7.1,,,OpenPlay
SubstitutionOn,59,25,91430,63,Successful,0.0,0.0,,,OpenPlay
SubstitutionOff,59,25,344156,63,Successful,0.0,0.0,,,OpenPlay
FormationChange,59,28,,63,Successful,0.0,0.0,,,OpenPlay
Pass,59,51,112161,63,Successful,16.9,100.0,35.6,93.6,ThrowIn
Aerial,59,52,248088,825,Unsuccessful,62.2,4.8,,,OpenPlay
Aerial,59,52,91213,63,Successful,37.8,95.2,,,OpenPlay
Pass,59,53,91213,63,Unsuccessful,35.7,93.6,44.3,95,OpenPlay
Aerial,59,54,91430,63,Unsuccessful,45.2,95.9,,,OpenPlay
Aerial,59,54,104432,825,Successful,54.8,4.1,,,OpenPlay
Pass,59,55,104432,825,Unsuccessful,53.7,3.4,57.8,0,OpenPlay
Pass,60,14,112161,63,Unsuccessful,47.3,100.0,65.9,95.1,ThrowIn
Aerial,60,17,91213,63,Unsuccessful,66.8,95.4,,,OpenPlay
Aerial,60,17,248088,825,Successful,33.2,4.6,,,OpenPlay
Clearance,60,18,248088,825,Successful,32.3,4.8,42,16.7,OpenPlay
Pass,60,20,238940,63,Unsuccessful,63.2,88.3,82.4,89.1,OpenPlay
Clearance,60,23,104432,825,Successful,18.7,8.2,48.2,4.3,OpenPlay
Pass,60,26,112161,63,Unsuccessful,55.0,94.4,70.3,79.4,OpenPlay
Pass,60,28,248088,825,Unsuccessful,27.4,11.9,65.8,37.6,OpenPlay
Pass,60,31,77564,63,Unsuccessful,36.4,64.2,66,62.9,OpenPlay
Aerial,60,32,91430,63,Unsuccessful,66.8,63.1,,,OpenPlay
Aerial,60,32,104432,825,Successful,33.2,36.9,,,OpenPlay
Pass,60,33,104432,825,Unsuccessful,32.5,36.7,34.2,36.9,OpenPlay
BallTouch,60,34,91430,63,Successful,66.0,62.9,,,OpenPlay
Pass,60,37,91213,63,Successful,55.7,75.0,46.2,85.7,OpenPlay
Pass,60,39,112161,63,Successful,46.2,85.7,46,72.7,OpenPlay
Pass,60,41,238940,63,Successful,52.1,67.0,56.2,36.7,OpenPlay
Pass,60,44,80764,63,Successful,59.3,33.0,76.8,10,OpenPlay
Dispossessed,60,54,83078,63,Successful,98.8,5.0,,,OpenPlay
Tackle,60,54,125376,825,Successful,1.2,95.0,,,OpenPlay
CornerAwarded,60,55,125376,825,Unsuccessful,1.2,95.0,,,OpenPlay
CornerAwarded,60,55,83078,63,Successful,98.8,5.0,,,OpenPlay
Pass,61,46,80764,63,Unsuccessful,99.5,0.5,93,42.7,CornerTaken
Aerial,61,49,112161,63,Unsuccessful,91.6,39.8,,,OpenPlay
Aerial,61,49,125376,825,Successful,8.4,60.2,,,OpenPlay
Clearance,61,50,125376,825,Successful,6.3,61.2,27.5,64.1,OpenPlay
BallTouch,61,52,238940,63,Unsuccessful,73.4,43.7,,,OpenPlay
BallRecovery,61,53,108176,825,Successful,38.1,57.0,,,OpenPlay
BallTouch,61,54,108176,825,Successful,38.2,57.8,,,OpenPlay
Foul,61,56,73494,825,Successful,31.0,53.8,,,OpenPlay
Foul,61,56,238940,63,Unsuccessful,69.0,46.2,,,OpenPlay
Card,61,59,238940,63,Successful,0.0,0.0,,,OpenPlay
Pass,62,19,104432,825,Successful,35.7,53.7,71.1,7.9,OpenPlay
Dispossessed,62,22,40346,825,Successful,83.0,5.8,,,OpenPlay
Tackle,62,22,132962,63,Successful,17.0,94.2,,,OpenPlay
BallRecovery,62,23,112161,63,Successful,5.3,84.2,,,OpenPlay
Pass,62,24,112161,63,Successful,5.3,84.2,3.8,92.4,OpenPlay
Pass,62,25,132962,63,Successful,3.8,92.6,10.9,89.3,OpenPlay
Pass,62,28,112161,63,Unsuccessful,17.2,94.8,41.2,83.6,OpenPlay
Pass,62,30,104432,825,Successful,53.5,25.6,60.8,27.7,OpenPlay
BallRecovery,62,31,67480,825,Successful,60.8,27.7,,,OpenPlay
Pass,62,32,67480,825,Successful,60.8,27.7,43.3,68.5,OpenPlay
Pass,62,37,79755,825,Unsuccessful,42.6,72.9,75,41,OpenPlay
Pass,62,39,112161,63,Successful,25.2,58.2,32,8.6,OpenPlay
BallRecovery,62,41,83078,63,Successful,32.0,8.6,,,OpenPlay
Pass,62,42,83078,63,Successful,32.0,8.6,33.2,15.8,OpenPlay
Pass,62,43,80764,63,Successful,33.2,15.8,45.6,15.2,OpenPlay
BallTouch,62,45,362431,63,Unsuccessful,45.6,15.2,,,OpenPlay
BallTouch,62,46,79755,825,Unsuccessful,61.9,68.7,,,OpenPlay
Dispossessed,62,47,80764,63,Successful,41.4,26.4,,,OpenPlay
Tackle,62,47,79755,825,Successful,58.6,73.6,,,OpenPlay
BallRecovery,62,48,79755,825,Successful,53.6,71.4,,,OpenPlay
Pass,62,50,79755,825,Successful,47.7,84.4,57.1,90.9,OpenPlay
Challenge,62,53,80764,63,Unsuccessful,46.6,6.3,,,OpenPlay
TakeOn,62,53,125376,825,Successful,53.4,93.7,,,OpenPlay
Pass,62,54,125376,825,Successful,44.7,94.4,25.5,51.3,OpenPlay
Pass,62,59,248088,825,Successful,25.5,51.3,9.6,59,OpenPlay
Pass,63,2,243554,825,Unsuccessful,9.6,59.0,66.8,70,OpenPlay
Pass,63,5,77564,63,Successful,27.8,35.1,25.7,47,OpenPlay
BallTouch,63,8,135914,63,Successful,25.7,47.0,,,OpenPlay
SavedShot,63,9,323547,825,Successful,75.6,45.8,,,OpenPlay
Save,63,9,135914,63,Successful,21.5,52.0,,,OpenPlay
Pass,63,19,125376,825,Successful,93.0,88.4,90.4,69,OpenPlay
Pass,63,21,291684,825,Successful,90.4,69.0,88.5,71.2,OpenPlay
Pass,63,23,108176,825,Successful,89.8,73.0,96.9,73.3,OpenPlay
Pass,63,24,125376,825,Unsuccessful,96.9,73.3,97.1,70.8,OpenPlay
BlockedPass,63,24,83078,63,Successful,4.1,29.5,,,OpenPlay
CornerAwarded,63,26,125376,825,Successful,96.5,70.6,,,OpenPlay
CornerAwarded,63,26,83078,63,Unsuccessful,3.5,29.4,,,OpenPlay
Pass,63,58,291684,825,Unsuccessful,99.5,99.5,95.8,62,CornerTaken
Aerial,63,59,79755,825,Unsuccessful,95.7,62.2,,,OpenPlay
Aerial,63,59,77564,63,Successful,4.3,37.8,,,OpenPlay
OffsideGiven,64,,91430,63,Unsuccessful,68.4,69.0,,,OpenPlay
Clearance,64,0,77564,63,Successful,4.4,37.7,27.2,29.5,OpenPlay
Pass,64,2,125376,825,Successful,65.6,71.2,60.4,44.8,OpenPlay
Pass,64,3,104432,825,Successful,60.4,44.8,73.7,11.9,OpenPlay
Pass,64,7,40346,825,Successful,72.7,13.1,87.7,59.4,OpenPlay
Aerial,64,8,77564,63,Unsuccessful,13.9,42.1,,,OpenPlay
Aerial,64,8,79755,825,Successful,86.1,57.9,,,OpenPlay
MissedShots,64,9,79755,825,Successful,85.0,55.0,,,OpenPlay
Pass,64,29,76662,63,Successful,5.1,56.7,19.4,86.1,OpenPlay
Pass,64,32,112161,63,Successful,20.9,89.4,61,65.5,OpenPlay
Aerial,64,33,104432,825,Unsuccessful,38.0,41.8,,,OpenPlay
Aerial,64,33,91213,63,Successful,62.0,58.2,,,OpenPlay
OffsideProvoked,64,34,248088,825,Successful,28.6,44.2,,,OpenPlay
OffsidePass,64,34,91213,63,Successful,60.4,61.0,68.4,69,OpenPlay
OffsideGiven,65,,40346,825,Unsuccessful,97.0,44.9,,,OpenPlay
Pass,65,10,104432,825,Successful,33.5,47.3,70.5,94.4,OpenPlay
Pass,65,13,125376,825,Successful,70.5,94.4,72,77,OpenPlay
Pass,65,16,73494,825,Successful,72.9,86.6,74.5,96,OpenPlay
Pass,65,18,125376,825,Successful,72.1,96.2,67.5,87.4,OpenPlay
Pass,65,20,108176,825,Successful,69.9,84.8,90.2,60.3,OpenPlay
OffsidePass,65,25,291684,825,Successful,90.2,60.3,97,44.9,OpenPlay
OffsideProvoked,65,25,112161,63,Successful,8.7,54.8,,,OpenPlay
Pass,65,58,76662,63,Unsuccessful,4.9,52.2,53.8,69.9,OpenPlay
Aerial,66,1,91430,63,Unsuccessful,57.2,71.2,,,OpenPlay
Aerial,66,1,248088,825,Successful,42.8,28.8,,,OpenPlay
Pass,66,2,248088,825,Unsuccessful,39.7,34.0,30.3,35.8,OpenPlay
Aerial,66,3,104432,825,Unsuccessful,42.8,27.7,,,OpenPlay
Aerial,66,3,91213,63,Successful,57.2,72.3,,,OpenPlay
Pass,66,4,91213,63,Unsuccessful,63.0,70.0,64,62.3,OpenPlay
Pass,66,5,67480,825,Unsuccessful,28.7,33.4,61.7,39.5,OpenPlay
Aerial,66,7,323547,825,Unsuccessful,55.6,28.4,,,OpenPlay
Aerial,66,7,112161,63,Successful,44.4,71.6,,,OpenPlay
Pass,66,8,112161,63,Successful,43.2,72.9,46.8,53,OpenPlay
Pass,66,11,238940,63,Successful,48.3,26.7,39.6,13.5,OpenPlay
BallTouch,66,14,83078,63,Successful,38.6,12.9,,,OpenPlay
Pass,67,44,125376,825,Successful,50.9,100.0,53.7,85.9,ThrowIn
BallTouch,67,45,108176,825,Successful,56.6,85.9,,,OpenPlay
BallRecovery,67,51,76662,63,Successful,9.7,41.0,,,OpenPlay
Pass,67,52,76662,63,Successful,9.7,41.0,22.2,24.4,OpenPlay
Pass,67,54,77564,63,Successful,27.2,25.5,26,44.3,OpenPlay
Pass,67,57,135914,63,Successful,26.8,48.1,29.3,26.1,OpenPlay
Pass,67,59,77564,63,Successful,29.4,25.9,42.3,7.6,OpenPlay
Pass,68,2,80764,63,Successful,40.5,8.2,22,29.4,OpenPlay
Pass,68,3,77564,63,Successful,21.8,29.5,24.9,55.1,OpenPlay
Pass,68,10,135914,63,Successful,30.2,60.2,29.7,86.9,OpenPlay
Pass,68,17,112161,63,Successful,41.8,96.0,29.1,73.3,OpenPlay
Pass,68,20,135914,63,Successful,29.6,72.6,31.8,36.3,OpenPlay
Pass,68,22,77564,63,Successful,33.4,32.7,41.9,14.7,OpenPlay
Pass,68,24,80764,63,Successful,41.0,14.7,33.5,28.2,OpenPlay
Pass,68,26,77564,63,Successful,39.1,33.9,43.8,85.4,OpenPlay
Pass,68,32,91430,63,Successful,42.3,75.7,50.6,26.5,OpenPlay
Pass,68,38,132962,63,Successful,58.1,24.7,64.6,5.2,OpenPlay
Pass,68,41,83078,63,Successful,64.6,5.2,62.6,10.4,OpenPlay
Pass,68,44,80764,63,Successful,63.1,6.1,61.5,18,OpenPlay
Pass,68,46,132962,63,Unsuccessful,62.0,23.1,89.1,69.4,OpenPlay
Clearance,68,49,40346,825,Successful,10.0,25.9,38.3,16.2,OpenPlay
BallRecovery,68,51,291684,825,Successful,38.3,16.2,,,OpenPlay
Pass,68,52,291684,825,Unsuccessful,36.0,18.4,48.4,29.1,OpenPlay
BallRecovery,68,55,135914,63,Successful,59.8,64.0,,,OpenPlay
Pass,68,56,135914,63,Successful,60.2,63.7,53.6,54.9,OpenPlay
Pass,68,57,132962,63,Successful,54.4,53.1,54.3,33.6,OpenPlay
Pass,69,1,80764,63,Successful,55.3,25.9,62.2,35.5,OpenPlay
Challenge,69,6,108176,825,Unsuccessful,33.0,65.6,,,OpenPlay
TakeOn,69,6,132962,63,Successful,67.0,34.4,,,OpenPlay
Pass,69,7,132962,63,Successful,64.7,42.4,66.1,59.7,OpenPlay
Pass,69,11,238940,63,Successful,68.0,62.6,69.8,29.5,OpenPlay
Pass,69,13,80764,63,Successful,72.9,27.9,75.9,5.3,OpenPlay
Dispossessed,69,18,83078,63,Successful,82.4,6.1,,,OpenPlay
Tackle,69,18,125376,825,Unsuccessful,17.6,93.9,,,OpenPlay
SubstitutionOff,69,43,238940,63,Successful,0.0,0.0,,,OpenPlay
SubstitutionOn,69,43,254582,63,Successful,0.0,0.0,,,OpenPlay
Pass,69,52,83078,63,Successful,70.9,0.0,97.7,23.3,ThrowIn
Pass,69,58,91213,63,Successful,96.9,15.5,93,1.9,OpenPlay
Pass,70,1,83078,63,Successful,90.8,2.8,90.9,8.3,OpenPlay
Pass,70,3,80764,63,Unsuccessful,94.5,10.4,97.4,45.7,OpenPlay
KeeperPickup,70,6,243554,825,Successful,3.5,50.0,,,OpenPlay
Pass,70,21,243554,825,Unsuccessful,15.2,55.7,97.8,71.8,OpenPlay
KeeperPickup,70,27,76662,63,Successful,4.1,27.3,,,OpenPlay
Pass,70,32,76662,63,Successful,8.7,29.1,27.1,5.2,OpenPlay
Pass,70,40,83078,63,Successful,47.5,4.0,67.2,4,OpenPlay
Pass,70,46,362431,63,Successful,86.5,24.6,88.6,31.8,OpenPlay
Goal,70,47,91430,63,Successful,89.3,40.4,,,OpenPlay
Pass,72,8,323547,825,Successful,49.8,50.7,31.7,37.4,OpenPlay
Pass,72,9,248088,825,Unsuccessful,31.7,37.4,76,80.2,OpenPlay
Pass,72,10,83078,63,Successful,24.4,20.7,11.2,43,OpenPlay
KeeperPickup,72,13,76662,63,Successful,11.1,44.2,,,OpenPlay
Pass,72,17,76662,63,Successful,12.2,42.4,27.2,5.3,OpenPlay
Pass,72,21,83078,63,Successful,38.1,6.4,49.8,3.1,OpenPlay
Foul,72,24,125376,825,Unsuccessful,49.8,97.0,,,OpenPlay
Foul,72,24,362431,63,Successful,50.2,3.0,,,OpenPlay
Card,72,54,125376,825,Successful,0.0,0.0,,,OpenPlay
Pass,73,15,83078,63,Successful,51.0,1.7,38.5,24.6,OpenPlay
Pass,73,19,77564,63,Successful,38.5,24.3,46.9,5,OpenPlay
Pass,73,21,83078,63,Successful,52.5,4.6,87.5,25.5,OpenPlay
Pass,73,27,91213,63,Unsuccessful,97.9,25.0,97.6,28.5,OpenPlay
BlockedPass,73,27,79755,825,Successful,1.0,66.1,,,OpenPlay
CornerAwarded,73,28,79755,825,Unsuccessful,1.7,68.8,,,OpenPlay
CornerAwarded,73,28,91213,63,Successful,98.3,31.2,,,OpenPlay
Pass,73,58,80764,63,Unsuccessful,99.5,0.5,90.4,60.5,CornerTaken
Foul,74,2,248088,825,Successful,9.4,40.4,,,OpenPlay
Foul,74,2,91213,63,Unsuccessful,90.6,59.6,,,OpenPlay
Pass,74,22,243554,825,Successful,14.1,41.5,34.2,74.1,OpenPlay
Pass,74,26,79755,825,Successful,41.0,71.7,70.3,5.6,OpenPlay
Pass,74,29,40346,825,Unsuccessful,70.3,5.6,75.8,11.3,OpenPlay
BallRecovery,74,30,112161,63,Successful,23.7,82.9,,,OpenPlay
Pass,74,31,112161,63,Successful,23.7,82.9,33.5,74.8,OpenPlay
Pass,74,33,132962,63,Successful,32.1,63.3,53.4,52.5,OpenPlay
Dispossessed,74,38,80764,63,Successful,66.0,63.4,,,OpenPlay
Tackle,74,38,67480,825,Successful,34.0,36.6,,,OpenPlay
Pass,74,40,67480,825,Successful,37.5,30.0,42.2,21.8,OpenPlay
BallRecovery,74,41,291684,825,Successful,45.0,22.7,,,OpenPlay
Pass,74,42,291684,825,Successful,45.0,22.7,36.7,11.6,OpenPlay
Pass,74,43,40346,825,Successful,36.7,11.6,58.5,14.3,OpenPlay
Pass,74,44,291684,825,Unsuccessful,63.3,13.5,76.2,32.8,OpenPlay
BallRecovery,74,45,135914,63,Successful,30.0,77.3,,,OpenPlay
Pass,74,46,135914,63,Successful,30.0,77.3,39.9,86.3,OpenPlay
Pass,74,50,91430,63,Successful,56.2,89.7,52.2,80,OpenPlay
Challenge,74,52,291684,825,Unsuccessful,47.2,12.2,,,OpenPlay
TakeOn,74,52,80764,63,Successful,52.8,87.8,,,OpenPlay
Pass,74,53,80764,63,Successful,47.3,87.7,40.5,75.1,OpenPlay
Pass,74,56,254582,63,Successful,39.8,73.5,39,12,OpenPlay
Pass,74,59,83078,63,Successful,40.4,11.1,45.1,25.3,OpenPlay
Pass,75,2,132962,63,Successful,44.7,24.4,43.6,35.7,OpenPlay
Pass,75,4,254582,63,Successful,43.6,36.0,38.3,60.3,OpenPlay
Pass,75,7,135914,63,Successful,39.8,62.9,54.6,66.3,OpenPlay
Pass,75,11,91430,63,Successful,64.3,77.3,67.3,96,OpenPlay
Pass,75,12,112161,63,Successful,67.3,96.0,47.5,91.7,OpenPlay
Pass,75,14,80764,63,Successful,48.0,91.4,63.3,68.4,OpenPlay
Pass,75,15,91213,63,Successful,63.3,68.4,44.4,69.9,OpenPlay
Pass,75,17,135914,63,Unsuccessful,44.4,69.9,78.3,100,OpenPlay
SubstitutionOff,76,55,104432,825,Successful,0.0,0.0,,,OpenPlay
SubstitutionOn,76,55,279698,825,Successful,0.0,0.0,,,OpenPlay
SubstitutionOff,77,7,291684,825,Successful,0.0,0.0,,,OpenPlay
SubstitutionOn,77,7,365107,825,Successful,0.0,0.0,,,OpenPlay
FormationChange,77,8,,825,Successful,0.0,0.0,,,OpenPlay
Pass,77,22,40346,825,Successful,29.7,0.0,26.1,45.4,ThrowIn
Pass,77,25,79755,825,Successful,28.3,55.8,38.2,92.3,OpenPlay
Pass,77,30,125376,825,Successful,39.5,91.7,44.3,69.3,OpenPlay
Pass,77,34,108176,825,Successful,40.7,84.5,37,92.7,OpenPlay
Pass,77,35,125376,825,Successful,37.0,92.7,24,67,OpenPlay
Pass,77,37,79755,825,Successful,24.7,66.9,27.9,35.8,OpenPlay
Pass,77,40,248088,825,Successful,28.0,32.7,32.3,9.5,OpenPlay
Pass,77,43,40346,825,Successful,34.2,11.9,28.1,27.1,OpenPlay
Pass,77,49,248088,825,Successful,45.9,26.4,65.3,95.6,OpenPlay
Pass,77,51,125376,825,Successful,65.3,95.6,55,81.7,OpenPlay
Pass,77,56,108176,825,Successful,61.9,85.3,92,93.6,OpenPlay
Pass,78,1,125376,825,Successful,94.3,93.0,86.4,25.2,OpenPlay
Pass,78,5,365107,825,Unsuccessful,85.9,25.0,87.6,29.7,OpenPlay
BallRecovery,78,5,91430,63,Successful,3.4,89.4,,,OpenPlay
Pass,78,7,91430,63,Unsuccessful,4.2,92.1,6.2,92.3,OpenPlay
BlockedPass,78,7,365107,825,Successful,97.9,7.1,,,OpenPlay
Pass,78,29,76662,63,Successful,4.2,54.9,56.7,68.1,OpenPlay
Aerial,78,32,248088,825,Unsuccessful,41.3,28.8,,,OpenPlay
Aerial,78,32,91213,63,Successful,58.7,71.2,,,OpenPlay
Pass,78,33,91213,63,Successful,56.7,68.4,64.9,53.6,OpenPlay
Pass,78,36,362431,63,Unsuccessful,67.5,50.0,68.3,48.8,OpenPlay
BlockedPass,78,36,79755,825,Successful,34.9,58.4,,,OpenPlay
BallRecovery,78,39,67480,825,Successful,38.3,51.5,,,OpenPlay
Pass,78,41,67480,825,Successful,38.3,51.5,43.3,75,OpenPlay
TakeOn,78,42,279698,825,Unsuccessful,45.5,82.4,,,OpenPlay
Tackle,78,42,83078,63,Unsuccessful,54.5,17.6,,,OpenPlay
BallTouch,78,43,279698,825,Successful,45.6,82.1,,,OpenPlay
Pass,79,1,83078,63,Successful,54.1,0.0,67.1,6.2,ThrowIn
Aerial,79,3,79755,825,Unsuccessful,32.2,84.6,,,OpenPlay
Aerial,79,3,91213,63,Successful,67.8,15.4,,,OpenPlay
Pass,79,4,91213,63,Unsuccessful,67.1,6.2,60.6,2.8,OpenPlay
Pass,79,6,67480,825,Successful,38.7,88.9,58.1,93.2,OpenPlay
Pass,79,7,323547,825,Successful,57.6,92.9,57.6,76.6,OpenPlay
BallRecovery,79,8,73494,825,Successful,57.6,75.6,,,OpenPlay
Pass,79,9,73494,825,Unsuccessful,57.6,75.6,75.9,44.2,OpenPlay
BallRecovery,79,10,112161,63,Successful,24.4,51.5,,,OpenPlay
Pass,79,12,112161,63,Successful,23.7,51.0,40.6,65.2,OpenPlay
BallTouch,79,14,91430,63,Unsuccessful,40.6,65.2,,,OpenPlay
BallRecovery,79,16,248088,825,Successful,52.3,41.5,,,OpenPlay
Pass,79,17,248088,825,Successful,52.3,41.5,58,66.4,OpenPlay
Pass,79,18,67480,825,Successful,58.0,66.4,62.9,80.5,OpenPlay
Pass,79,20,279698,825,Successful,66.0,77.6,70.5,95.9,OpenPlay
Pass,79,22,125376,825,Successful,70.7,95.6,92.5,89.3,OpenPlay
TakeOn,79,26,279698,825,Unsuccessful,92.1,89.0,,,OpenPlay
Tackle,79,26,80764,63,Successful,7.9,11.0,,,OpenPlay
BallRecovery,79,27,80764,63,Successful,2.8,4.1,,,OpenPlay
Pass,79,28,80764,63,Successful,3.0,3.8,4.6,10.6,OpenPlay
Pass,79,31,83078,63,Unsuccessful,5.4,13.5,45.6,30.1,OpenPlay
Pass,79,35,79755,825,Successful,52.1,63.4,72.9,74.8,OpenPlay
BallRecovery,79,37,125376,825,Successful,72.7,72.6,,,OpenPlay
Foul,79,39,125376,825,Successful,70.2,72.0,,,OpenPlay
Foul,79,39,254582,63,Unsuccessful,29.8,28.0,,,OpenPlay
Card,79,45,254582,63,Successful,0.0,0.0,,,OpenPlay
OffsideGiven,80,,79755,825,Unsuccessful,91.7,43.0,,,OpenPlay
OffsidePass,80,27,125376,825,Successful,72.4,75.6,91.7,43,OpenPlay
OffsideProvoked,80,27,77564,63,Successful,15.0,58.3,,,OpenPlay
Pass,80,54,76662,63,Unsuccessful,14.3,51.5,63.6,65.8,OpenPlay
Pass,80,59,248088,825,Successful,29.3,30.3,42.2,30.7,OpenPlay
BallRecovery,81,0,108176,825,Successful,41.6,31.0,,,OpenPlay
Pass,81,2,108176,825,Unsuccessful,43.0,35.7,51.7,54,OpenPlay
Interception,81,3,83078,63,Successful,48.1,51.0,,,OpenPlay
BallRecovery,81,4,83078,63,Successful,55.3,45.2,,,OpenPlay
Pass,81,5,83078,63,Successful,56.1,45.1,67.3,48.1,OpenPlay
Pass,81,7,362431,63,Successful,67.7,46.4,64.2,44.8,OpenPlay
Pass,81,9,80764,63,Unsuccessful,67.0,46.1,78.9,100,OpenPlay
Pass,81,19,40346,825,Successful,23.0,0.0,15.9,14.7,ThrowIn
Pass,81,20,248088,825,Successful,18.4,14.7,22.1,59.1,OpenPlay
Pass,81,24,79755,825,Successful,22.3,63.1,32.8,89.7,OpenPlay
Pass,81,27,125376,825,Successful,37.0,91.8,58.1,69.7,OpenPlay
Pass,81,30,279698,825,Successful,57.7,77.3,62.3,93.5,OpenPlay
Pass,81,33,125376,825,Successful,62.3,93.5,92.5,90.9,OpenPlay
Pass,81,36,73494,825,Unsuccessful,94.3,90.2,91.7,63.4,OpenPlay
Pass,81,37,77564,63,Successful,6.2,29.4,7.1,18.6,OpenPlay
BallRecovery,81,39,83078,63,Successful,7.1,18.6,,,OpenPlay
Pass,81,40,83078,63,Unsuccessful,7.1,18.6,53.7,42.2,OpenPlay
Pass,81,42,248088,825,Successful,46.1,56.3,46.4,27.1,OpenPlay
BallRecovery,81,46,40346,825,Successful,46.4,27.1,,,OpenPlay
Pass,81,48,40346,825,Successful,56.3,27.4,70.6,7.1,OpenPlay
Pass,81,50,365107,825,Successful,70.1,7.1,91,7.1,OpenPlay
Pass,81,54,108176,825,Unsuccessful,87.3,5.6,90.3,49.1,OpenPlay
Clearance,81,55,77564,63,Successful,9.1,52.8,22.6,73.2,OpenPlay
BallTouch,81,58,132962,63,Unsuccessful,24.1,72.1,,,OpenPlay
Pass,81,59,365107,825,Unsuccessful,72.7,27.0,72.5,36.1,OpenPlay
BallRecovery,82,0,80764,63,Successful,25.1,60.3,,,OpenPlay
Pass,82,1,80764,63,Successful,25.1,60.3,35.6,57.9,OpenPlay
Dispossessed,82,3,91213,63,Successful,40.2,52.6,,,OpenPlay
Tackle,82,3,248088,825,Successful,59.8,47.4,,,OpenPlay
BallRecovery,82,4,79755,825,Successful,52.0,50.5,,,OpenPlay
Pass,82,6,79755,825,Successful,52.7,52.8,55.7,42.5,OpenPlay
Pass,82,7,67480,825,Successful,58.0,37.3,64,32.1,OpenPlay
Pass,82,8,108176,825,Successful,64.0,32.1,60,36.3,OpenPlay
Pass,82,11,67480,825,Successful,61.6,38.6,63,67.3,OpenPlay
TakeOn,82,14,279698,825,Successful,67.0,61.8,,,OpenPlay
Challenge,82,14,80764,63,Unsuccessful,33.0,38.2,,,OpenPlay
Pass,82,16,279698,825,Successful,65.5,53.9,69,31.6,OpenPlay
SavedShot,82,18,108176,825,Successful,72.2,34.7,,,OpenPlay
Save,82,18,76662,63,Successful,1.4,50.1,,,OpenPlay
KeeperPickup,82,19,76662,63,Successful,2.6,50.7,,,OpenPlay
Pass,82,40,76662,63,Unsuccessful,13.1,59.1,68.1,54.5,OpenPlay
Aerial,82,43,91213,63,Unsuccessful,68.0,50.6,,,OpenPlay
Aerial,82,43,79755,825,Successful,32.0,49.4,,,OpenPlay
Interception,82,44,79755,825,Successful,32.0,53.4,,,OpenPlay
Pass,82,45,132962,63,Successful,48.7,59.0,54.6,51.8,OpenPlay
Pass,82,46,80764,63,Successful,54.3,52.2,46.4,52.4,OpenPlay
Pass,82,47,254582,63,Successful,46.4,49.9,40.9,82.9,OpenPlay
Pass,82,49,112161,63,Successful,40.9,82.9,61,71.2,OpenPlay
Pass,82,50,132962,63,Successful,61.1,73.5,59.4,86.8,OpenPlay
Pass,82,53,91430,63,Successful,62.6,91.7,56.5,74.1,OpenPlay
Pass,82,55,254582,63,Successful,56.5,74.1,65.7,60.2,OpenPlay
Pass,82,56,80764,63,Successful,67.1,59.4,85.9,63.6,OpenPlay
Challenge,82,59,79755,825,Unsuccessful,7.9,39.0,,,OpenPlay
TakeOn,82,59,91213,63,Successful,92.1,61.0,,,OpenPlay
SavedShot,83,0,91213,63,Successful,92.3,62.0,,,OpenPlay
Save,83,0,243554,825,Successful,4.7,42.0,,,OpenPlay
Clearance,83,4,248088,825,Successful,14.4,43.7,38.5,22.2,OpenPlay
Pass,83,5,112161,63,Unsuccessful,71.4,84.1,100,92.7,OpenPlay
Pass,83,31,243554,825,Unsuccessful,3.4,39.8,68.9,36.1,OpenPlay
Pass,83,32,323547,825,Unsuccessful,56.5,28.6,75.7,29.1,OpenPlay
Pass,83,33,135914,63,Unsuccessful,28.3,70.5,49.5,75.9,OpenPlay
Pass,83,35,40346,825,Successful,53.7,27.9,93,2.5,OpenPlay
Pass,83,41,365107,825,Unsuccessful,98.7,11.6,92,40.7,OpenPlay
Clearance,83,42,135914,63,Successful,9.3,57.5,24.5,82,OpenPlay
BallTouch,83,48,91430,63,Successful,25.5,81.7,,,OpenPlay
Pass,83,49,40346,825,Unsuccessful,71.7,11.0,72.9,10.4,OpenPlay
BlockedPass,83,49,112161,63,Successful,26.3,87.4,,,OpenPlay
BallTouch,83,51,67480,825,Unsuccessful,63.6,5.0,,,OpenPlay
Pass,84,15,112161,63,Successful,37.6,100.0,58.2,93.8,ThrowIn
BallTouch,84,17,91213,63,Unsuccessful,58.2,93.8,,,OpenPlay
BallRecovery,84,18,365107,825,Successful,37.0,3.1,,,OpenPlay
Pass,84,19,365107,825,Successful,37.0,3.1,44.5,5,OpenPlay
Pass,84,20,108176,825,Unsuccessful,43.2,5.5,50.3,0.1,OpenPlay
Dispossessed,84,21,91213,63,Successful,46.2,98.0,,,OpenPlay
Tackle,84,21,365107,825,Unsuccessful,53.8,2.0,,,OpenPlay
Dispossessed,84,22,91213,63,Successful,46.8,96.1,,,OpenPlay
Tackle,84,22,365107,825,Unsuccessful,53.2,3.9,,,OpenPlay
Pass,84,23,91213,63,Successful,45.9,97.4,44.5,96.3,OpenPlay
BallTouch,84,24,80764,63,Successful,44.5,96.3,,,OpenPlay
BallTouch,84,25,365107,825,Successful,53.6,2.0,,,OpenPlay
Dispossessed,84,26,91213,63,Successful,45.4,95.3,,,OpenPlay
Tackle,84,26,108176,825,Unsuccessful,54.6,4.7,,,OpenPlay
Dispossessed,84,27,108176,825,Successful,52.4,5.4,,,OpenPlay
Tackle,84,27,91213,63,Unsuccessful,47.6,94.6,,,OpenPlay
BallTouch,84,28,108176,825,Successful,51.9,7.7,,,OpenPlay
BallRecovery,84,29,112161,63,Successful,42.6,80.8,,,OpenPlay
Foul,84,30,108176,825,Unsuccessful,58.4,26.2,,,OpenPlay
Foul,84,30,112161,63,Successful,41.6,73.8,,,OpenPlay
Pass,84,54,112161,63,Successful,45.1,94.1,46.9,83.6,OpenPlay
Pass,84,55,254582,63,Successful,46.9,83.6,43.6,96.2,OpenPlay
Pass,84,56,112161,63,Unsuccessful,43.6,96.2,46.2,96.2,OpenPlay
BlockedPass,84,56,365107,825,Successful,53.9,4.9,,,OpenPlay
Pass,85,0,112161,63,Successful,47.1,100.0,62.2,85.3,ThrowIn
Dispossessed,85,2,132962,63,Successful,64.9,80.7,,,OpenPlay
Tackle,85,2,40346,825,Successful,35.1,19.3,,,OpenPlay
BallRecovery,85,4,108176,825,Successful,37.4,26.1,,,OpenPlay
Pass,85,5,108176,825,Successful,38.3,27.9,36.5,30,OpenPlay
Pass,85,6,67480,825,Successful,35.7,27.9,75.3,7.4,OpenPlay
TakeOn,85,11,323547,825,Unsuccessful,66.5,3.8,,,OpenPlay
Tackle,85,11,91430,63,Successful,33.5,96.2,,,OpenPlay
Card,85,19,91430,63,Successful,0.0,0.0,,,OpenPlay
Pass,85,38,323547,825,Successful,68.0,0.0,55.5,49.6,ThrowIn
Pass,85,40,79755,825,Successful,55.5,49.6,53.7,23,OpenPlay
Pass,85,42,248088,825,Successful,60.5,25.3,60.8,5,OpenPlay
Pass,85,44,40346,825,Unsuccessful,60.8,5.0,73,8.2,OpenPlay
Interception,85,45,91430,63,Successful,31.9,92.6,,,OpenPlay
BallRecovery,85,46,91213,63,Successful,39.6,91.1,,,OpenPlay
Pass,85,47,91213,63,Unsuccessful,39.3,92.6,46.4,96.9,OpenPlay
Interception,85,49,40346,825,Successful,58.3,9.2,,,OpenPlay
Pass,85,50,248088,825,Successful,52.0,10.6,56.5,23.6,OpenPlay
BallRecovery,85,51,67480,825,Successful,56.5,26.8,,,OpenPlay
Pass,85,52,67480,825,Successful,56.5,26.8,25.9,61.2,OpenPlay
Pass,85,55,243554,825,Successful,25.5,59.1,33.6,58.2,OpenPlay
Pass,85,56,79755,825,Successful,32.8,59.6,13.6,56.6,OpenPlay
Pass,85,59,243554,825,Successful,13.2,56.6,22,29.2,OpenPlay
Pass,86,2,248088,825,Successful,26.4,25.6,41.3,6.4,OpenPlay
Pass,86,3,40346,825,Successful,40.2,6.2,27.3,26.7,OpenPlay
Pass,86,8,248088,825,Successful,31.4,29.1,33.2,74.2,OpenPlay
Pass,86,12,79755,825,Successful,33.6,72.4,15.9,44.6,OpenPlay
Pass,86,16,243554,825,Successful,15.8,44.6,24.6,33.6,OpenPlay
Pass,86,19,248088,825,Successful,27.6,32.4,36.8,7.9,OpenPlay
Pass,86,22,40346,825,Successful,36.0,8.3,31.9,35.4,OpenPlay
Pass,86,24,248088,825,Successful,32.7,45.8,38.9,76,OpenPlay
Pass,86,29,79755,825,Successful,39.7,74.8,45.1,66.9,OpenPlay
Pass,86,33,67480,825,Unsuccessful,53.0,59.3,75.8,38.8,OpenPlay
BallRecovery,86,34,112161,63,Successful,21.4,63.9,,,OpenPlay
Pass,86,39,112161,63,Unsuccessful,24.1,91.8,64.7,71.1,OpenPlay
BallRecovery,86,42,248088,825,Successful,32.8,28.6,,,OpenPlay
Pass,86,43,248088,825,Successful,31.4,30.3,37.5,60.2,OpenPlay
Pass,86,47,79755,825,Successful,38.1,65.1,48.7,96,OpenPlay
Pass,86,50,125376,825,Unsuccessful,52.9,88.7,63.6,52.1,OpenPlay
BallRecovery,86,52,132962,63,Successful,38.9,45.4,,,OpenPlay
Pass,86,53,132962,63,Successful,38.9,45.4,53,28.2,OpenPlay
Pass,86,55,80764,63,Successful,53.7,28.2,69,36.1,OpenPlay
Pass,86,56,91213,63,Unsuccessful,72.4,38.6,72.9,56.1,OpenPlay
BallRecovery,86,58,40346,825,Successful,27.5,37.1,,,OpenPlay
Pass,86,59,40346,825,Successful,27.5,37.1,3.5,46.7,OpenPlay
Pass,87,1,243554,825,Successful,3.5,46.7,15.2,9.7,OpenPlay
Pass,87,5,40346,825,Successful,20.8,9.5,37.8,25.8,OpenPlay
Pass,87,10,108176,825,Successful,48.6,20.7,67.6,29.8,OpenPlay
Challenge,87,12,91430,63,Unsuccessful,34.0,76.0,,,OpenPlay
TakeOn,87,12,323547,825,Successful,66.0,24.0,,,OpenPlay
Pass,87,14,323547,825,Successful,70.2,15.3,79.2,6.1,OpenPlay
Pass,87,15,365107,825,Successful,78.7,5.9,70.3,9.5,OpenPlay
Pass,87,20,108176,825,Successful,63.4,14.3,50.7,34,OpenPlay
Pass,87,22,248088,825,Successful,50.7,34.0,56.8,70.3,OpenPlay
Pass,87,23,79755,825,Successful,56.8,70.3,75.3,76.4,OpenPlay
Dispossessed,87,29,279698,825,Successful,93.8,70.9,,,OpenPlay
Tackle,87,29,77564,63,Successful,6.2,29.1,,,OpenPlay
CornerAwarded,87,30,279698,825,Successful,93.8,70.9,,,OpenPlay
CornerAwarded,87,30,77564,63,Unsuccessful,6.2,29.1,,,OpenPlay
Pass,87,52,125376,825,Unsuccessful,99.5,99.5,91.9,43.4,CornerTaken
Aerial,87,55,323547,825,Unsuccessful,92.4,44.6,,,OpenPlay
Aerial,87,55,135914,63,Successful,7.6,55.4,,,OpenPlay
Clearance,87,56,135914,63,Successful,7.0,54.2,16.6,100,OpenPlay
Pass,88,15,40346,825,Successful,74.6,0.0,70.9,11.6,ThrowIn
Pass,88,18,108176,825,Unsuccessful,72.5,7.1,100,76.9,OpenPlay
SubstitutionOff,88,59,132962,63,Successful,0.0,0.0,,,OpenPlay
SubstitutionOn,88,59,102173,63,Successful,0.0,0.0,,,OpenPlay
FormationChange,89,8,,63,Successful,0.0,0.0,,,OpenPlay
Pass,89,10,76662,63,Successful,3.6,56.4,66,71.4,OpenPlay
BallTouch,89,14,91213,63,Unsuccessful,66.0,71.7,,,OpenPlay
BallRecovery,89,16,108176,825,Successful,36.2,17.9,,,OpenPlay
Pass,89,18,108176,825,Unsuccessful,37.0,3.8,53.8,13.7,OpenPlay
Interception,89,19,135914,63,Successful,38.9,82.7,,,OpenPlay
BallTouch,89,20,323547,825,Successful,53.3,14.9,,,OpenPlay
BallRecovery,89,21,135914,63,Successful,37.6,81.2,,,OpenPlay
Foul,89,23,323547,825,Unsuccessful,60.6,19.8,,,OpenPlay
Foul,89,23,135914,63,Successful,39.4,80.2,,,OpenPlay
Card,89,38,323547,825,Successful,0.0,0.0,,,OpenPlay
Pass,89,58,135914,63,Successful,37.2,78.7,90.1,96,OpenPlay
Pass,90,1,112161,63,Unsuccessful,90.1,96.0,92,80,OpenPlay
BallRecovery,90,3,248088,825,Successful,8.4,16.1,,,OpenPlay
Pass,90,4,248088,825,Unsuccessful,8.1,15.0,35.2,47.3,OpenPlay
Pass,90,7,254582,63,Successful,70.8,64.9,76.2,67.2,OpenPlay
BallRecovery,90,8,362431,63,Successful,76.3,67.5,,,OpenPlay
BallTouch,90,10,362431,63,Successful,76.3,71.2,,,OpenPlay
Pass,90,11,112161,63,Successful,76.3,73.6,87.8,89,OpenPlay
BallTouch,90,14,91430,63,Unsuccessful,88.2,91.7,,,OpenPlay
BallRecovery,90,15,40346,825,Successful,8.5,14.1,,,OpenPlay
BallTouch,90,16,40346,825,Unsuccessful,10.3,17.7,,,OpenPlay
Dispossessed,90,17,362431,63,Successful,89.6,84.8,,,OpenPlay
Tackle,90,17,40346,825,Successful,10.4,15.2,,,OpenPlay
Foul,90,21,248088,825,Successful,15.5,24.5,,,OpenPlay
Foul,90,21,362431,63,Unsuccessful,84.5,75.5,,,OpenPlay
Card,90,25,80764,63,Successful,0.0,0.0,,,OpenPlay
Pass,90,33,248088,825,Unsuccessful,25.9,35.5,100,25.5,OpenPlay
Pass,90,59,76662,63,Successful,4.6,56.9,63.6,69.3,OpenPlay
Foul,91,6,,825,Successful,33.8,23.4,,,OpenPlay
Foul,91,6,91213,63,Unsuccessful,66.2,76.6,,,OpenPlay
Pass,91,16,40346,825,Unsuccessful,34.6,15.3,78.6,73.9,OpenPlay
Aerial,91,20,79755,825,Unsuccessful,79.4,73.3,,,OpenPlay
Aerial,91,20,77564,63,Successful,20.6,26.7,,,OpenPlay
Clearance,91,21,77564,63,Successful,19.8,27.3,29.6,24.6,OpenPlay
Pass,91,28,279698,825,Successful,69.7,79.6,69.8,62.6,OpenPlay
Pass,91,31,108176,825,Successful,67.9,61.5,72.2,24.7,OpenPlay
Pass,91,34,40346,825,Successful,72.2,24.7,80.2,5.8,OpenPlay
Pass,91,40,365107,825,Unsuccessful,96.6,12.5,96.8,14.7,OpenPlay
Clearance,91,40,91430,63,Successful,3.6,89.4,3.6,89.4,OpenPlay
CornerAwarded,91,48,365107,825,Successful,96.6,12.6,,,OpenPlay
CornerAwarded,91,48,91430,63,Unsuccessful,3.4,87.4,,,OpenPlay
Pass,92,4,108176,825,Successful,99.5,0.5,81.6,57,CornerTaken
Pass,92,10,125376,825,Successful,72.8,60.0,67.9,74.7,OpenPlay
Pass,92,12,279698,825,Unsuccessful,68.4,75.0,83.5,52.8,OpenPlay
Clearance,92,14,112161,63,Successful,15.6,49.4,57.5,45.5,OpenPlay
Pass,92,19,67480,825,Successful,44.1,56.0,21.9,55.4,OpenPlay
Pass,92,25,243554,825,Unsuccessful,29.6,62.3,76.8,27.4,OpenPlay
Pass,92,29,112161,63,Unsuccessful,21.2,73.0,31.5,87.8,OpenPlay
Pass,92,33,40346,825,Successful,62.4,8.0,50.2,28.6,OpenPlay
Pass,92,36,67480,825,Unsuccessful,52.0,30.3,83.3,56.3,OpenPlay
Aerial,92,38,79755,825,Unsuccessful,84.1,57.8,,,OpenPlay
Aerial,92,38,102173,63,Successful,15.9,42.2,,,OpenPlay
Clearance,92,39,102173,63,Successful,15.1,40.7,27.4,42.1,OpenPlay
Pass,92,42,80764,63,Successful,30.3,42.8,33.2,35.5,OpenPlay
BallRecovery,92,43,91430,63,Successful,33.5,33.6,,,OpenPlay
Pass,92,44,91430,63,Unsuccessful,33.5,33.6,35,36.9,OpenPlay
BallTouch,92,45,248088,825,Successful,65.5,73.5,,,OpenPlay
BallRecovery,92,46,365107,825,Successful,63.6,91.2,,,OpenPlay
Pass,92,47,365107,825,Successful,64.6,88.7,65.6,73.5,OpenPlay
Pass,92,49,279698,825,Successful,65.3,73.8,62.5,84.4,OpenPlay
Pass,92,53,248088,825,Successful,66.8,84.1,58.5,73.6,OpenPlay
Pass,92,56,67480,825,Unsuccessful,58.5,73.6,92.8,41.5,OpenPlay
Clearance,92,58,135914,63,Successful,12.8,59.7,0,79.3,OpenPlay
CornerAwarded,92,59,67480,825,Successful,97.2,31.1,,,OpenPlay
CornerAwarded,92,59,135914,63,Unsuccessful,2.8,68.9,,,OpenPlay
Pass,93,20,108176,825,Unsuccessful,99.5,0.5,88.3,50.9,CornerTaken
Aerial,93,23,73494,825,Unsuccessful,90.4,44.7,,,OpenPlay
Aerial,93,23,102173,63,Successful,9.6,55.3,,,OpenPlay
Clearance,93,24,102173,63,Successful,10.1,53.0,1.2,50.1,OpenPlay
Save,93,25,76662,63,Successful,1.2,50.1,,,OpenPlay
KeeperPickup,93,26,76662,63,Successful,1.2,50.1,,,OpenPlay
Pass,93,42,76662,63,Unsuccessful,14.3,44.6,70.3,28.2,OpenPlay
Pass,93,48,67480,825,Unsuccessful,30.9,66.9,71.2,62.1,OpenPlay
Pass,93,49,102173,63,Unsuccessful,33.0,43.9,52.8,50.3,OpenPlay
BallRecovery,93,52,108176,825,Successful,50.3,55.4,,,OpenPlay
Pass,93,53,108176,825,Successful,53.6,48.7,75.1,6.1,OpenPlay
Pass,93,58,365107,825,Unsuccessful,79.4,4.4,83.3,12.9,OpenPlay
Clearance,93,58,112161,63,Successful,18.7,86.9,18.7,86.9,OpenPlay
End,94,0,,825,Successful,0.0,0.0,,,OpenPlay
End,94,0,,63,Successful,0.0,0.0,,,OpenPlay
End,0,0,,63,Successful,0.0,0.0,,,OpenPlay
End,0,0,,825,Successful,0.0,0.0,,,OpenPlay
FormationSet,0,0,,825,Successful,0.0,0.0,,,OpenPlay
FormationSet,0,0,,63,Successful,0.0,0.0,,,OpenPlay
