Event,Minute,Second,Player,Team,Outcome,x,y,endX,endY,passtype
Start,0,0,,31,Successful,0.0,0.0,,,OpenPlay
Start,0,0,,13,Successful,0.0,0.0,,,OpenPlay
Pass,0,1,78498,31,Successful,50.0,50.0,51.4,48.5,OpenPlay
Pass,0,3,92547,31,Unsuccessful,52.7,40.3,55.5,21.5,OpenPlay
Interception,0,4,25244,13,Successful,41.3,81.2,,,OpenPlay
BallRecovery,0,5,25244,13,Successful,40.7,80.4,,,OpenPlay
Pass,0,5,25244,13,Unsuccessful,41.9,79.6,43.3,75.2,OpenPlay
Pass,0,7,92547,31,Successful,55.4,23.7,41.8,10.7,OpenPlay
BallRecovery,0,7,92547,31,Successful,55.4,23.7,,,OpenPlay
Pass,0,10,31826,31,Successful,41.8,10.7,30.4,55.5,OpenPlay
Pass,0,12,6105,31,Successful,30.4,55.5,28,35.1,OpenPlay
Pass,0,13,101374,31,Successful,28.0,35.1,29.5,62.6,OpenPlay
Pass,0,18,6105,31,Unsuccessful,35.4,73.9,62.8,72.7,OpenPlay
BallRecovery,0,20,4522,13,Successful,40.2,25.2,,,OpenPlay
Pass,0,20,4522,13,Successful,40.2,25.2,57.8,18.2,OpenPlay
Interception,0,20,4522,13,Successful,40.4,25.8,,,OpenPlay
Pass,0,21,13756,13,Successful,57.9,17.4,66.4,9.2,OpenPlay
TakeOn,0,23,84146,13,Unsuccessful,67.9,4.2,,,OpenPlay
Tackle,0,23,6105,31,Successful,32.1,95.8,,,OpenPlay
Pass,0,28,125211,13,Successful,61.6,0.0,62.4,9.1,OpenPlay
Pass,0,30,13756,13,Successful,62.3,10.0,61.3,2.2,OpenPlay
Pass,0,32,125211,13,Successful,61.3,2.2,31.9,22.1,OpenPlay
Pass,0,34,76810,13,Successful,32.3,29.1,33,60.9,OpenPlay
Pass,0,42,30051,13,Successful,34.2,60.8,45.9,50.7,OpenPlay
Pass,0,43,69738,13,Successful,42.8,35.8,56.1,2.9,OpenPlay
Pass,0,45,125211,13,Successful,57.7,2.9,68.3,2.2,OpenPlay
Pass,0,47,84146,13,Unsuccessful,68.2,2.2,62.5,22.1,OpenPlay
BallRecovery,0,50,92547,31,Successful,39.9,88.9,,,OpenPlay
Pass,0,52,92547,31,Successful,48.6,77.3,47.2,43.1,OpenPlay
Pass,0,55,31281,31,Successful,47.2,43.1,55.1,11,OpenPlay
Pass,0,58,31826,31,Successful,54.4,10.7,66.1,3.7,OpenPlay
Pass,1,2,98317,31,Unsuccessful,66.3,3.7,78.3,36.1,OpenPlay
BallRecovery,1,2,30051,13,Successful,16.8,72.7,,,OpenPlay
Pass,1,4,30051,13,Successful,18.5,85.4,27.1,98.4,OpenPlay
Pass,1,6,23072,13,Successful,30.5,98.0,33.8,94.5,OpenPlay
Dispossessed,1,8,25244,13,Successful,33.2,88.1,,,OpenPlay
Tackle,1,8,31281,31,Successful,66.8,11.9,,,OpenPlay
Pass,1,9,31281,31,Successful,71.3,16.2,65.8,12.9,OpenPlay
Pass,1,10,98317,31,Successful,70.7,11.8,58.8,21.1,OpenPlay
Pass,1,12,188,31,Successful,57.6,21.3,50.6,48.9,OpenPlay
BallTouch,1,13,24444,13,Successful,44.4,75.9,,,OpenPlay
BallRecovery,1,15,6105,31,Successful,48.4,48.7,,,OpenPlay
Pass,1,16,6105,31,Successful,47.4,51.3,40.4,25.2,OpenPlay
Pass,1,17,101374,31,Successful,40.4,25.2,63.6,24.6,OpenPlay
TakeOn,1,17,31826,31,Successful,60.8,23.6,,,OpenPlay
Challenge,1,17,69738,13,Unsuccessful,39.2,76.4,,,OpenPlay
Pass,1,22,31826,31,Successful,69.7,27.3,77.3,12.3,OpenPlay
Pass,1,27,98317,31,Unsuccessful,98.9,25.0,100,33.7,OpenPlay
Pass,1,55,6775,13,Successful,4.9,59.7,59.8,69.7,OpenPlay
Pass,1,59,24444,13,Successful,59.5,65.4,53.1,67.8,OpenPlay
Pass,2,2,69738,13,Successful,53.5,65.4,56.6,17.7,OpenPlay
Pass,2,5,125211,13,Successful,66.3,23.0,68.1,32.7,OpenPlay
Pass,2,9,13756,13,Successful,59.8,20.7,54.5,28.2,OpenPlay
Pass,2,10,4522,13,Successful,54.5,26.2,53.8,14.3,OpenPlay
Pass,2,13,13756,13,Successful,57.1,5.3,68.8,24.9,OpenPlay
Pass,2,15,84146,13,Successful,66.4,33.9,60.7,50.9,OpenPlay
Pass,2,17,69738,13,Successful,63.6,51.2,72.9,70,OpenPlay
TakeOn,2,22,25244,13,Successful,73.9,80.4,,,OpenPlay
Challenge,2,22,31826,31,Unsuccessful,26.1,19.6,,,OpenPlay
TakeOn,2,25,25244,13,Unsuccessful,80.2,80.8,,,OpenPlay
Tackle,2,25,92547,31,Successful,19.8,19.2,,,OpenPlay
BallRecovery,2,27,92547,31,Successful,20.8,25.3,,,OpenPlay
Pass,2,28,92547,31,Successful,20.8,28.0,38.6,35.2,OpenPlay
Pass,2,29,78498,31,Successful,38.6,35.2,33,34.3,OpenPlay
Pass,2,30,92547,31,Unsuccessful,33.3,34.3,48.7,58.8,OpenPlay
BallRecovery,2,31,125211,13,Successful,49.3,39.4,,,OpenPlay
Pass,2,32,125211,13,Successful,49.3,39.4,8.5,36.3,OpenPlay
Pass,2,38,6775,13,Successful,10.7,46.0,23.9,75.9,OpenPlay
Pass,2,44,30051,13,Successful,31.4,70.5,33.8,58.2,OpenPlay
Pass,2,45,69738,13,Successful,34.0,58.2,36.6,79.9,OpenPlay
Pass,2,47,30051,13,Successful,42.9,83.6,43.8,98.6,OpenPlay
Pass,2,51,23072,13,Successful,33.9,90.9,42.4,65.7,OpenPlay
Pass,2,53,69738,13,Successful,37.8,62.9,34.1,33.6,OpenPlay
Pass,2,56,76810,13,Successful,37.0,31.0,59.3,3.5,OpenPlay
Pass,2,59,125211,13,Unsuccessful,60.5,5.6,63.9,28.5,OpenPlay
BallRecovery,3,2,92547,31,Successful,40.4,74.1,,,OpenPlay
Pass,3,3,92547,31,Unsuccessful,42.7,70.9,52,70.3,OpenPlay
Interception,3,4,4522,13,Successful,47.8,24.3,,,OpenPlay
BallRecovery,3,6,69738,13,Successful,47.4,43.1,,,OpenPlay
Pass,3,6,69738,13,Successful,52.9,44.3,50.8,58.4,OpenPlay
Pass,3,11,13756,13,Successful,59.1,70.5,67,96.6,OpenPlay
Pass,3,14,23072,13,Successful,66.8,95.4,61.9,84.1,OpenPlay
Pass,3,15,13756,13,Unsuccessful,61.9,84.5,66.7,84.4,OpenPlay
BlockedPass,3,16,31281,31,Successful,35.0,8.2,,,OpenPlay
Dispossessed,3,18,23072,13,Successful,64.4,95.7,,,OpenPlay
Tackle,3,18,31281,31,Successful,35.6,4.3,,,OpenPlay
Pass,3,24,23072,13,Successful,64.7,100.0,58.2,98,OpenPlay
Pass,3,26,13756,13,Successful,56.4,97.2,40.4,86.8,OpenPlay
Pass,3,30,30051,13,Successful,39.4,75.0,36.6,39.2,OpenPlay
Pass,3,35,76810,13,Successful,38.2,33.7,41,50.6,OpenPlay
Pass,3,40,4522,13,Successful,46.3,35.7,97.8,5.3,OpenPlay
Pass,3,48,125211,13,Successful,88.3,17.3,73.2,17.3,OpenPlay
Pass,3,50,69738,13,Successful,73.2,17.3,98.7,69.7,OpenPlay
Pass,3,52,25244,13,Unsuccessful,98.7,69.7,100,84.2,OpenPlay
Pass,4,15,5582,31,Successful,4.2,55.7,8.5,83.3,OpenPlay
Pass,4,16,6105,31,Successful,8.5,83.3,2.8,42.5,OpenPlay
Pass,4,17,5582,31,Unsuccessful,2.6,42.3,4.4,41.9,OpenPlay
BlockedPass,4,18,24444,13,Successful,94.3,58.1,,,OpenPlay
BallRecovery,4,19,25244,13,Successful,77.5,71.8,,,OpenPlay
TakeOn,4,22,25244,13,Unsuccessful,77.6,58.6,,,OpenPlay
Tackle,4,22,101374,31,Successful,22.4,41.4,,,OpenPlay
BallRecovery,4,24,101374,31,Successful,30.2,40.6,,,OpenPlay
Pass,4,24,101374,31,Successful,30.2,40.6,44.1,52.8,OpenPlay
Pass,4,25,78498,31,Successful,44.1,52.8,44.2,57.9,OpenPlay
Pass,4,30,92547,31,Successful,56.4,65.1,60.3,24.9,OpenPlay
Pass,4,36,101374,31,Successful,67.5,12.6,77.5,2.8,OpenPlay
Pass,4,39,98317,31,Successful,77.5,2.8,87.4,25,OpenPlay
Dispossessed,4,41,78498,31,Successful,87.2,24.6,,,OpenPlay
Tackle,4,41,30051,13,Unsuccessful,12.8,75.4,,,OpenPlay
TakeOn,4,42,31826,31,Successful,68.9,16.1,,,OpenPlay
Challenge,4,42,25244,13,Unsuccessful,31.1,83.9,,,OpenPlay
Pass,4,43,31826,31,Successful,76.1,15.0,66.1,20.1,OpenPlay
Pass,4,47,101374,31,Successful,67.2,13.7,77,2.8,OpenPlay
Pass,4,48,98317,31,Successful,77.0,2.8,66.2,3.2,OpenPlay
Pass,4,51,31826,31,Successful,66.2,3.2,59.8,14.4,OpenPlay
Pass,4,53,101374,31,Successful,59.8,14.4,54.2,36.7,OpenPlay
Pass,4,55,6105,31,Successful,54.3,36.9,54.7,62.7,OpenPlay
Pass,4,57,188,31,Successful,54.7,62.7,78.7,92.9,OpenPlay
Pass,5,0,131523,31,Successful,78.3,94.1,72.6,79.9,OpenPlay
Pass,5,3,92547,31,Successful,74.5,86.6,61.2,83,OpenPlay
Pass,5,5,188,31,Successful,61.2,83.0,55.3,64.2,OpenPlay
Pass,5,6,6105,31,Successful,55.3,64.2,58.4,31.2,OpenPlay
Pass,5,11,101374,31,Successful,57.5,32.7,80.3,3.7,OpenPlay
Pass,5,16,98317,31,Unsuccessful,95.3,10.8,95.9,14.1,OpenPlay
Clearance,5,17,23072,13,Successful,2.5,86.5,2.5,86.5,OpenPlay
Pass,5,36,31826,31,Successful,98.3,0.0,96.6,14.4,OpenPlay
Pass,5,38,78498,31,Successful,91.6,7.7,91.7,3.5,OpenPlay
Pass,5,40,31826,31,Unsuccessful,96.3,8.0,100,75,OpenPlay
ShieldBallOpp,5,42,125211,13,Successful,0.0,0.0,,,OpenPlay
Pass,6,6,6775,13,Unsuccessful,5.0,42.4,68.8,35.1,OpenPlay
Pass,6,13,188,31,Successful,30.8,65.2,22.8,60.3,OpenPlay
Pass,6,14,101374,31,Successful,22.8,60.3,10.7,60.8,OpenPlay
KeeperPickup,6,16,5582,31,Successful,10.7,60.8,,,OpenPlay
Pass,6,19,5582,31,Successful,11.8,43.0,21.1,58.4,OpenPlay
Pass,6,24,6105,31,Successful,22.2,58.5,34.9,95.9,OpenPlay
BallTouch,6,26,131523,31,Unsuccessful,35.1,96.5,,,OpenPlay
BallRecovery,6,27,84146,13,Successful,71.9,2.8,,,OpenPlay
TakeOn,6,29,84146,13,Unsuccessful,83.1,2.9,,,OpenPlay
Interception,6,32,131523,31,Successful,13.1,86.5,,,OpenPlay
CornerAwarded,6,36,131523,31,Unsuccessful,11.8,85.5,,,OpenPlay
CornerAwarded,6,36,84146,13,Successful,88.2,14.5,,,OpenPlay
Pass,7,1,4522,13,Successful,99.6,0.5,93.9,41.6,OpenPlay
Aerial,7,3,101374,31,Unsuccessful,4.6,59.1,,,OpenPlay
Aerial,7,3,24444,13,Successful,94.6,41.2,,,OpenPlay
MissedShots,7,4,24444,13,Successful,93.9,41.6,,,Assisted
Pass,7,27,5582,31,Successful,5.0,63.0,13,81.7,OpenPlay
Pass,7,28,6105,31,Successful,13.0,81.7,6.7,44,OpenPlay
Pass,7,31,5582,31,Unsuccessful,8.4,41.5,63.2,13.5,OpenPlay
Pass,7,34,30051,13,Successful,41.5,87.5,43.5,98,OpenPlay
BallRecovery,7,34,30051,13,Successful,41.5,87.5,,,OpenPlay
Pass,7,35,23072,13,Successful,43.5,98.0,29.3,90,OpenPlay
Dispossessed,7,38,30051,13,Successful,27.8,89.0,,,OpenPlay
Tackle,7,38,98317,31,Successful,72.2,11.0,,,OpenPlay
BallRecovery,7,40,98317,31,Successful,82.7,10.6,,,OpenPlay
Pass,7,43,98317,31,Unsuccessful,84.9,12.2,87.9,16.9,OpenPlay
BlockedPass,7,44,30051,13,Successful,12.7,83.0,,,OpenPlay
Pass,7,57,31826,31,Unsuccessful,76.5,0.0,89.4,15.9,OpenPlay
Interception,7,58,69738,13,Successful,5.7,84.5,,,OpenPlay
BallRecovery,7,59,69738,13,Successful,6.0,98.0,,,OpenPlay
Pass,7,59,69738,13,Successful,6.0,98.0,30.1,97.4,OpenPlay
Pass,8,1,25244,13,Successful,29.8,97.2,56.3,97.4,OpenPlay
Foul,8,8,31281,31,Unsuccessful,43.2,3.3,,,OpenPlay
Foul,8,8,13756,13,Successful,56.8,96.7,,,OpenPlay
Pass,8,30,4522,13,Successful,55.6,91.1,38.7,68.8,OpenPlay
Pass,8,33,30051,13,Successful,38.4,66.0,43.6,28.5,OpenPlay
Pass,8,38,76810,13,Successful,47.4,20.4,52.6,36,OpenPlay
Pass,8,41,69738,13,Successful,46.7,39.8,36.2,54.5,OpenPlay
Pass,8,43,30051,13,Successful,37.5,47.6,42.6,25.2,OpenPlay
Pass,8,47,76810,13,Successful,46.8,19.2,54.3,5.5,OpenPlay
Pass,8,49,125211,13,Successful,54.1,5.6,54.7,23,OpenPlay
Pass,8,51,84146,13,Successful,51.9,28.3,41.6,24,OpenPlay
Pass,8,54,76810,13,Successful,41.6,28.6,41.2,53.7,OpenPlay
Pass,8,59,30051,13,Successful,44.2,39.4,60.3,26.1,OpenPlay
Challenge,9,2,5625,31,Unsuccessful,40.8,79.6,,,OpenPlay
TakeOn,9,2,13756,13,Successful,59.2,20.4,,,OpenPlay
Pass,9,3,13756,13,Successful,67.8,23.7,74.4,36.3,OpenPlay
BallTouch,9,5,84146,13,Unsuccessful,71.7,36.0,,,OpenPlay
Interception,9,8,92547,31,Successful,31.0,64.5,,,OpenPlay
Interception,9,9,69738,13,Successful,60.6,51.6,,,OpenPlay
Pass,9,11,4522,13,Successful,64.0,50.7,89.3,11.1,OpenPlay
Pass,9,16,125211,13,Unsuccessful,92.2,17.0,92.2,19.7,OpenPlay
Clearance,9,17,131523,31,Successful,7.3,83.6,7.3,83.6,OpenPlay
CornerAwarded,9,19,131523,31,Unsuccessful,7.6,82.0,,,OpenPlay
CornerAwarded,9,19,125211,13,Successful,92.4,18.0,,,OpenPlay
Pass,9,50,4522,13,Successful,99.5,0.5,90.7,52.8,OpenPlay
MissedShots,9,53,76810,13,Successful,90.7,52.8,,,Assisted
Pass,10,16,5582,31,Unsuccessful,5.3,60.0,72.9,71.5,OpenPlay
Pass,10,20,125211,13,Successful,30.3,41.5,30.5,61.1,OpenPlay
BallRecovery,10,22,30051,13,Successful,30.5,61.1,,,OpenPlay
Pass,10,26,30051,13,Successful,47.0,58.1,77.3,84.8,OpenPlay
Aerial,10,29,31826,31,Unsuccessful,21.6,14.4,,,OpenPlay
Aerial,10,29,25244,13,Successful,78.4,85.6,,,OpenPlay
Pass,10,36,25244,13,Unsuccessful,74.3,95.3,87.3,77.8,OpenPlay
Clearance,10,39,31826,31,Successful,13.9,18.8,43.1,8,OpenPlay
Pass,10,42,30051,13,Successful,52.5,89.0,43.1,53,OpenPlay
Pass,10,45,76810,13,Successful,43.1,58.1,47.5,67,OpenPlay
Pass,10,49,4522,13,Successful,53.9,81.1,55.4,96.3,OpenPlay
Pass,10,51,23072,13,Successful,54.3,96.2,42,82,OpenPlay
Pass,10,54,30051,13,Successful,41.4,69.7,42.4,38.2,OpenPlay
Pass,10,59,76810,13,Successful,59.5,30.6,72.1,2.8,OpenPlay
Pass,11,3,84146,13,Successful,70.6,5.2,59.1,4.9,OpenPlay
Pass,11,6,125211,13,Successful,60.0,24.0,52.6,35.4,OpenPlay
Pass,11,8,69738,13,Successful,52.6,37.1,46.8,56.7,OpenPlay
Pass,11,12,4522,13,Successful,47.8,52.4,79.9,2.8,OpenPlay
TakeOn,11,21,84146,13,Unsuccessful,94.8,12.4,,,OpenPlay
Tackle,11,21,131523,31,Unsuccessful,5.2,87.6,,,OpenPlay
BallTouch,11,22,84146,13,Successful,95.3,13.4,,,OpenPlay
Pass,11,43,5582,31,Successful,5.0,63.0,56.4,82,OpenPlay
Pass,11,48,78498,31,Successful,56.4,82.0,70.5,95.4,OpenPlay
Pass,11,49,5625,31,Unsuccessful,70.5,95.4,58.8,91.4,OpenPlay
Interception,11,51,69738,13,Successful,39.2,5.3,,,OpenPlay
BallRecovery,11,52,69738,13,Successful,41.4,1.4,,,OpenPlay
Pass,11,52,69738,13,Successful,36.4,1.9,26.7,1.9,OpenPlay
Pass,11,54,125211,13,Successful,27.4,6.4,18,24.3,OpenPlay
Pass,11,57,76810,13,Successful,21.6,31.9,24.7,73.6,OpenPlay
Pass,12,1,30051,13,Successful,30.8,71.5,31.7,61.1,OpenPlay
Pass,12,4,4522,13,Successful,32.2,63.1,38.7,78.4,OpenPlay
Pass,12,9,30051,13,Successful,43.7,77.6,63,80.2,OpenPlay
Pass,12,11,25244,13,Successful,63.1,80.2,67.4,98,OpenPlay
Pass,12,12,23072,13,Successful,67.5,98.0,67,83.6,OpenPlay
Pass,12,15,25244,13,Successful,73.3,69.4,85.3,23.7,OpenPlay
Pass,12,20,84146,13,Successful,84.2,16.4,87.7,28.8,OpenPlay
Pass,12,22,4522,13,Successful,90.3,27.7,95.3,16.8,OpenPlay
Pass,12,24,125211,13,Unsuccessful,95.3,16.8,93.3,46.1,OpenPlay
Clearance,12,28,101374,31,Unsuccessful,4.9,55.5,2.7,100,OpenPlay
CornerAwarded,12,29,6105,31,Unsuccessful,4.6,99.4,,,OpenPlay
CornerAwarded,12,29,125211,13,Successful,95.4,0.6,,,OpenPlay
Pass,12,51,4522,13,Unsuccessful,99.5,0.5,91.3,49.1,OpenPlay
Clearance,12,55,6105,31,Successful,9.3,52.8,19.5,36.1,OpenPlay
Aerial,12,56,131523,31,Unsuccessful,19.3,36.6,,,OpenPlay
Aerial,12,56,84146,13,Successful,80.7,63.4,,,OpenPlay
Pass,12,56,84146,13,Successful,82.1,63.3,85.7,53.1,OpenPlay
Pass,12,58,76810,13,Successful,80.2,51.6,83.3,7.1,OpenPlay
Pass,13,0,4522,13,Successful,86.5,10.6,94.8,26.2,OpenPlay
Pass,13,2,13756,13,Successful,92.5,24.7,83,17.3,OpenPlay
Pass,13,4,4522,13,Unsuccessful,78.7,20.4,85.3,41.8,OpenPlay
Clearance,13,8,188,31,Successful,13.2,64.3,12,87.2,OpenPlay
Foul,13,11,31281,31,Successful,11.0,82.8,,,OpenPlay
Foul,13,11,13756,13,Unsuccessful,89.0,17.2,,,OpenPlay
Pass,13,41,5582,31,Unsuccessful,11.2,81.8,60.8,67,OpenPlay
Interception,13,43,76810,13,Successful,33.7,32.5,,,OpenPlay
Pass,13,44,78498,31,Unsuccessful,64.0,67.8,61.8,63.7,OpenPlay
BlockedPass,13,45,69738,13,Successful,39.2,34.9,,,OpenPlay
Pass,13,49,31281,31,Successful,53.8,64.8,56.3,71.5,OpenPlay
Pass,13,51,92547,31,Successful,57.1,73.0,53.1,67,OpenPlay
Pass,13,52,188,31,Successful,53.1,67.0,59.5,4.6,OpenPlay
TakeOn,13,57,31826,31,Unsuccessful,78.8,10.1,,,OpenPlay
Tackle,13,57,25244,13,Successful,21.2,89.9,,,OpenPlay
BallRecovery,13,59,25244,13,Successful,13.9,87.2,,,OpenPlay
Pass,14,2,25244,13,Successful,39.2,70.6,75.8,63,OpenPlay
Pass,14,5,24444,13,Successful,75.8,63.0,73.7,59.1,OpenPlay
Foul,14,7,101374,31,Successful,24.4,31.0,,,OpenPlay
Foul,14,7,24444,13,Unsuccessful,75.6,69.0,,,OpenPlay
Pass,14,41,101374,31,Successful,21.7,32.8,28,71.8,OpenPlay
Pass,14,43,6105,31,Successful,28.0,71.8,54.9,96.2,OpenPlay
BallTouch,14,44,131523,31,Unsuccessful,55.6,95.1,,,OpenPlay
Pass,14,52,125211,13,Successful,44.7,0.0,48.5,11.1,OpenPlay
Pass,14,54,13756,13,Successful,48.5,11.1,37.4,2.6,OpenPlay
Challenge,14,56,5625,31,Unsuccessful,59.4,95.0,,,OpenPlay
TakeOn,14,56,125211,13,Successful,40.6,5.0,,,OpenPlay
Pass,14,58,125211,13,Successful,47.0,8.0,54,15.6,OpenPlay
BallTouch,15,0,188,31,Successful,52.2,91.1,,,OpenPlay
Pass,15,1,13756,13,Successful,54.0,17.0,46.8,39.2,OpenPlay
Pass,15,3,69738,13,Successful,46.8,39.2,40.7,61.7,OpenPlay
Pass,15,5,30051,13,Successful,40.8,61.7,62.8,94.2,OpenPlay
Pass,15,11,25244,13,Successful,65.5,74.8,61.9,70.5,OpenPlay
Pass,15,12,69738,13,Successful,61.9,70.5,60.1,60,OpenPlay
Pass,15,15,4522,13,Unsuccessful,64.0,75.3,67.1,85,OpenPlay
Interception,15,17,98317,31,Successful,33.9,6.1,,,OpenPlay
Pass,15,19,23072,13,Successful,66.6,100.0,55.1,93.3,OpenPlay
Pass,15,23,4522,13,Successful,46.8,85.3,43.1,37.4,OpenPlay
Pass,15,26,76810,13,Successful,47.4,33.7,57.4,5.9,OpenPlay
Pass,15,28,125211,13,Successful,60.3,6.5,71.2,1.9,OpenPlay
BallTouch,15,29,84146,13,Unsuccessful,71.2,1.9,,,OpenPlay
Pass,15,48,131523,31,Successful,28.4,100.0,32.6,79.1,OpenPlay
BallTouch,15,49,69738,13,Successful,67.1,28.3,,,OpenPlay
Pass,15,50,92547,31,Successful,32.6,79.1,37.2,64.6,OpenPlay
Pass,15,51,31281,31,Successful,37.2,64.6,24.1,57.8,OpenPlay
Pass,15,52,101374,31,Unsuccessful,24.1,57.8,33.4,53.4,OpenPlay
Interception,15,53,4522,13,Successful,66.0,49.7,,,OpenPlay
Pass,15,54,4522,13,Unsuccessful,66.0,49.7,66.2,33,OpenPlay
Pass,15,59,131523,31,Successful,65.2,75.4,59.4,82.3,OpenPlay
Pass,16,2,5625,31,Successful,65.3,73.5,72.2,41.6,OpenPlay
Pass,16,7,78498,31,Successful,72.3,24.0,77,38.3,OpenPlay
Pass,16,10,5625,31,Successful,73.6,42.7,69.6,74.2,OpenPlay
Pass,16,13,31281,31,Successful,66.7,71.4,55.7,43,OpenPlay
Pass,16,15,101374,31,Successful,55.7,43.0,56.4,56.1,OpenPlay
Pass,16,17,6105,31,Successful,56.4,56.1,63.7,54.5,OpenPlay
Pass,16,18,31281,31,Successful,63.7,54.5,57.9,31.5,OpenPlay
Pass,16,21,188,31,Successful,57.1,31.2,64.9,1.6,OpenPlay
Pass,16,24,98317,31,Unsuccessful,64.9,2.5,76.1,21.6,OpenPlay
Interception,16,25,69738,13,Successful,22.9,82.1,,,OpenPlay
Interception,16,28,30051,13,Successful,5.5,78.7,,,OpenPlay
BallRecovery,16,29,30051,13,Successful,4.6,92.6,,,OpenPlay
Pass,16,30,30051,13,Successful,4.8,95.9,33.2,94.5,OpenPlay
Pass,16,33,25244,13,Successful,33.2,94.5,39.8,72.6,OpenPlay
Pass,16,34,13756,13,Unsuccessful,42.4,66.0,63.4,37.9,OpenPlay
Dispossessed,16,38,131523,31,Successful,38.8,63.8,,,OpenPlay
Tackle,16,38,84146,13,Unsuccessful,61.2,36.2,,,OpenPlay
BallRecovery,16,41,101374,31,Successful,38.0,42.7,,,OpenPlay
TakeOn,16,42,101374,31,Successful,43.5,42.2,,,OpenPlay
Challenge,16,42,13756,13,Unsuccessful,56.5,57.8,,,OpenPlay
Pass,16,44,101374,31,Successful,53.6,40.9,64.4,30.7,OpenPlay
Pass,16,45,78498,31,Successful,64.1,31.2,54.7,32.8,OpenPlay
Pass,16,46,188,31,Successful,54.2,31.2,75.4,5,OpenPlay
Pass,16,49,98317,31,Unsuccessful,78.1,10.4,82.2,18.6,OpenPlay
Clearance,16,50,23072,13,Successful,17.9,82.4,17.9,82.4,OpenPlay
BallTouch,16,51,98317,31,Unsuccessful,76.4,20.0,,,OpenPlay
BallRecovery,16,52,23072,13,Successful,21.9,84.2,,,OpenPlay
Challenge,16,53,98317,31,Unsuccessful,70.9,9.2,,,OpenPlay
TakeOn,16,53,23072,13,Successful,29.1,90.8,,,OpenPlay
Pass,16,54,23072,13,Successful,29.8,95.7,34.7,76.9,OpenPlay
Pass,16,55,13756,13,Successful,34.7,76.7,26.1,77.5,OpenPlay
Challenge,16,57,98317,31,Unsuccessful,71.4,23.8,,,OpenPlay
TakeOn,16,57,4522,13,Successful,28.6,76.2,,,OpenPlay
Pass,16,58,4522,13,Successful,37.2,77.3,46.3,77.8,OpenPlay
Pass,16,59,13756,13,Successful,46.3,77.8,46.2,82.9,OpenPlay
Pass,17,1,25244,13,Successful,43.8,81.2,43.6,92.1,OpenPlay
Pass,17,2,4522,13,Successful,44.0,91.9,50.7,96.6,OpenPlay
Pass,17,4,23072,13,Successful,49.4,98.1,46.5,96.3,OpenPlay
Pass,17,6,4522,13,Successful,52.7,96.8,58.4,86.5,OpenPlay
Pass,17,7,13756,13,Successful,58.4,81.4,59.9,69.6,OpenPlay
TakeOn,17,11,25244,13,Unsuccessful,67.2,67.0,,,OpenPlay
Tackle,17,11,101374,31,Successful,32.8,33.0,,,OpenPlay
BallRecovery,17,12,101374,31,Successful,32.2,36.3,,,OpenPlay
Pass,17,12,101374,31,Successful,32.2,36.3,44.3,42.5,OpenPlay
Pass,17,14,92547,31,Successful,44.3,42.5,55.2,34.6,OpenPlay
Pass,17,15,78498,31,Successful,55.2,34.6,45.7,35.2,OpenPlay
Pass,17,19,92547,31,Successful,52.3,28.5,54.4,5,OpenPlay
Pass,17,21,98317,31,Successful,54.4,5.0,48,11.7,OpenPlay
Pass,17,22,92547,31,Successful,48.0,11.7,44.3,3.2,OpenPlay
Pass,17,24,31826,31,Successful,44.3,3.2,52.3,2.8,OpenPlay
Pass,17,24,98317,31,Successful,52.3,2.8,43.9,13.7,OpenPlay
Pass,17,27,92547,31,Successful,42.4,15.8,37,61.1,OpenPlay
Pass,17,28,6105,31,Successful,37.0,61.1,43.5,49,OpenPlay
Pass,17,32,188,31,Successful,39.5,58.7,83.6,92.1,OpenPlay
Pass,17,37,131523,31,Unsuccessful,88.3,94.8,89.9,82.6,OpenPlay
Clearance,17,37,125211,13,Successful,7.2,17.4,7.2,17.4,OpenPlay
Pass,17,43,131523,31,Unsuccessful,91.8,100.0,95.6,71.4,OpenPlay
Foul,17,46,5625,31,Unsuccessful,97.6,74.4,,,OpenPlay
Foul,17,46,69738,13,Successful,2.4,25.6,,,OpenPlay
Pass,18,10,6775,13,Successful,6.0,25.2,67.4,48.1,OpenPlay
Pass,18,14,24444,13,Unsuccessful,67.4,48.1,79.2,66.7,OpenPlay
BallRecovery,18,17,31826,31,Successful,21.5,28.3,,,OpenPlay
Pass,18,17,31826,31,Successful,21.5,28.3,8.3,42.7,OpenPlay
Pass,18,19,5582,31,Successful,8.8,42.5,53.7,39.8,OpenPlay
Aerial,18,22,78498,31,Successful,55.3,40.8,,,OpenPlay
Aerial,18,22,30051,13,Unsuccessful,44.7,59.2,,,OpenPlay
BallRecovery,18,23,76810,13,Successful,32.5,59.1,,,OpenPlay
Pass,18,23,78498,31,Unsuccessful,53.7,39.8,72.2,40.4,OpenPlay
Pass,18,24,76810,13,Successful,32.5,59.1,38.5,78.5,OpenPlay
Pass,18,26,23072,13,Successful,38.8,79.6,42.8,76.4,OpenPlay
Pass,18,29,4522,13,Successful,43.5,78.8,59.4,97.5,OpenPlay
Pass,18,32,23072,13,Successful,62.0,96.9,66.3,86.3,OpenPlay
Pass,18,34,25244,13,Successful,64.2,79.0,57.7,88.3,OpenPlay
Pass,18,36,4522,13,Successful,57.6,85.7,62.7,78.7,OpenPlay
Pass,18,38,25244,13,Successful,62.7,78.7,57.2,87.7,OpenPlay
Pass,18,42,4522,13,Successful,61.8,68.8,56.9,36.6,OpenPlay
Pass,18,45,76810,13,Unsuccessful,61.0,36.1,68.3,35.4,OpenPlay
Interception,18,48,92547,31,Successful,34.8,66.0,,,OpenPlay
BallRecovery,18,49,5625,31,Successful,34.4,77.6,,,OpenPlay
Pass,18,49,5625,31,Successful,34.4,77.6,40.6,70,OpenPlay
Pass,18,55,92547,31,Successful,34.1,78.8,20.3,67.2,OpenPlay
Pass,18,57,6105,31,Successful,22.1,64.3,9.9,42.8,OpenPlay
Pass,18,59,5582,31,Unsuccessful,9.9,42.8,59.1,43.1,OpenPlay
BallRecovery,19,3,30051,13,Successful,44.0,63.6,,,OpenPlay
Pass,19,8,30051,13,Successful,45.3,63.4,72.8,2.8,OpenPlay
Pass,19,11,84146,13,Successful,72.8,2.8,62.6,9.7,OpenPlay
Pass,19,16,125211,13,Successful,61.2,22.2,60.9,40,OpenPlay
Pass,19,18,69738,13,Successful,60.9,40.0,59,62,OpenPlay
Pass,19,22,4522,13,Successful,67.7,54.2,75,43.9,OpenPlay
Pass,19,23,13756,13,Successful,75.2,43.6,81.5,49.6,OpenPlay
Pass,19,24,24444,13,Unsuccessful,81.5,49.6,90.5,41.2,OpenPlay
KeeperPickup,19,27,5582,31,Successful,12.0,58.8,,,OpenPlay
Pass,19,40,5582,31,Unsuccessful,13.4,64.9,61.5,63.9,OpenPlay
Pass,19,41,76810,13,Successful,39.4,39.2,49.4,45.1,OpenPlay
BallRecovery,19,43,4522,13,Successful,47.9,45.2,,,OpenPlay
Pass,19,43,4522,13,Successful,45.5,48.7,31.2,54.9,OpenPlay
Pass,19,46,30051,13,Successful,32.1,54.6,41,57.5,OpenPlay
Pass,19,49,4522,13,Successful,38.5,56.0,44.6,33.9,OpenPlay
Pass,19,51,69738,13,Successful,46.3,27.7,60.4,29.7,OpenPlay
Pass,19,56,84146,13,Successful,42.4,17.4,32.4,36,OpenPlay
Pass,19,59,76810,13,Successful,35.1,41.0,38.8,63.3,OpenPlay
Pass,20,2,30051,13,Successful,40.2,65.1,44.6,72.4,OpenPlay
Pass,20,7,4522,13,Successful,52.6,71.7,60.4,76.4,OpenPlay
Pass,20,8,13756,13,Successful,60.8,76.4,53.6,83.9,OpenPlay
Pass,20,9,4522,13,Successful,53.6,83.9,63,98.3,OpenPlay
Pass,20,10,23072,13,Unsuccessful,63.0,98.3,72.5,77.3,OpenPlay
BallRecovery,20,13,31826,31,Successful,24.9,13.4,,,OpenPlay
Pass,20,13,31826,31,Successful,25.3,13.4,10.1,34.5,OpenPlay
Pass,20,15,5582,31,Unsuccessful,11.8,33.0,66,42.1,OpenPlay
Pass,20,20,76810,13,Successful,38.7,59.6,38.6,84.8,OpenPlay
BallRecovery,20,22,23072,13,Successful,38.6,84.7,,,OpenPlay
Pass,20,23,23072,13,Successful,38.6,84.7,42.4,71.1,OpenPlay
Pass,20,27,4522,13,Successful,51.1,62.1,50.1,42.2,OpenPlay
Pass,20,30,69738,13,Successful,50.1,42.2,69.9,46.3,OpenPlay
Dispossessed,20,33,84146,13,Successful,75.0,40.2,,,OpenPlay
Tackle,20,33,5625,31,Successful,25.0,59.8,,,OpenPlay
BallRecovery,20,35,131523,31,Successful,21.4,64.5,,,OpenPlay
Pass,20,38,131523,31,Successful,31.9,64.0,33.4,42.7,OpenPlay
Pass,20,44,31281,31,Successful,41.5,24.3,56.9,4.3,OpenPlay
Pass,20,47,98317,31,Unsuccessful,56.9,4.3,77.2,24.7,OpenPlay
Interception,20,48,30051,13,Successful,19.3,77.0,,,OpenPlay
BallRecovery,20,49,30051,13,Successful,24.1,89.9,,,OpenPlay
Pass,20,49,30051,13,Successful,24.1,89.7,29.3,99,OpenPlay
Pass,20,51,23072,13,Successful,26.3,98.6,25.9,90.9,OpenPlay
Pass,20,52,30051,13,Successful,29.3,91.1,38.5,95,OpenPlay
Pass,20,57,25244,13,Successful,34.0,64.3,30.8,24.9,OpenPlay
Pass,21,4,125211,13,Successful,48.1,13.8,72.7,10,OpenPlay
Pass,21,12,13756,13,Unsuccessful,72.5,31.8,96.9,32,OpenPlay
Interception,21,16,6105,31,Successful,3.8,73.3,,,OpenPlay
CornerAwarded,21,17,6105,31,Unsuccessful,3.0,71.6,,,OpenPlay
CornerAwarded,21,17,13756,13,Successful,97.0,28.4,,,OpenPlay
Pass,21,40,13756,13,Successful,99.5,0.5,90.5,46.6,OpenPlay
Aerial,21,42,188,31,Unsuccessful,10.0,54.8,,,OpenPlay
Aerial,21,42,76810,13,Successful,90.0,45.2,,,OpenPlay
MissedShots,21,43,76810,13,Successful,90.7,46.8,,,Assisted
Pass,22,9,5582,31,Unsuccessful,4.9,51.9,57.1,70.6,OpenPlay
Aerial,22,10,78498,31,Unsuccessful,57.1,70.6,,,OpenPlay
Aerial,22,10,76810,13,Successful,42.6,28.0,,,OpenPlay
Pass,22,11,76810,13,Successful,42.2,26.7,32,46.4,OpenPlay
BallRecovery,22,12,30051,13,Successful,32.0,46.4,,,OpenPlay
Pass,22,13,30051,13,Unsuccessful,31.8,45.2,73.5,19.1,OpenPlay
BallRecovery,22,18,6105,31,Successful,24.2,80.2,,,OpenPlay
Pass,22,19,6105,31,Successful,24.2,80.2,32,96.6,OpenPlay
Foul,22,21,131523,31,Successful,30.0,96.4,,,OpenPlay
Foul,22,21,84146,13,Unsuccessful,70.0,3.6,,,OpenPlay
Pass,22,38,6105,31,Unsuccessful,29.3,96.6,67,75,OpenPlay
Pass,22,40,76810,13,Successful,31.1,31.5,34.7,43,OpenPlay
BallRecovery,22,41,69738,13,Successful,34.7,43.6,,,OpenPlay
Pass,22,43,69738,13,Successful,37.7,38.9,40,8.5,OpenPlay
Pass,22,46,84146,13,Successful,47.5,5.0,60.8,21.5,OpenPlay
Pass,22,48,13756,13,Successful,61.0,21.5,57.8,6.7,OpenPlay
Pass,22,49,84146,13,Successful,57.8,6.7,43.4,5.6,OpenPlay
Pass,22,50,125211,13,Successful,43.4,5.6,40.1,24,OpenPlay
Pass,22,52,4522,13,Successful,35.7,25.9,38.3,63.7,OpenPlay
Pass,22,58,30051,13,Successful,54.4,68.8,72.3,71.8,OpenPlay
TakeOn,23,7,24444,13,Unsuccessful,89.1,92.5,,,OpenPlay
Tackle,23,7,101374,31,Successful,10.9,7.5,,,OpenPlay
Pass,23,20,23072,13,Successful,91.3,100.0,83.6,93.9,OpenPlay
Pass,23,23,25244,13,Successful,83.5,98.9,88.5,98.7,OpenPlay
Dispossessed,23,26,23072,13,Successful,86.1,95.3,,,OpenPlay
Tackle,23,26,98317,31,Successful,13.9,4.7,,,OpenPlay
Pass,23,34,23072,13,Successful,80.8,100.0,75.1,97.7,OpenPlay
Pass,23,37,25244,13,Successful,72.0,87.1,65.3,73.2,OpenPlay
Pass,23,40,69738,13,Successful,65.8,68.7,71.5,14,OpenPlay
TakeOn,23,47,125211,13,Unsuccessful,74.2,23.6,,,OpenPlay
Tackle,23,47,131523,31,Successful,25.8,76.4,,,OpenPlay
BallRecovery,23,49,188,31,Successful,26.7,52.4,,,OpenPlay
Pass,23,52,188,31,Unsuccessful,29.9,56.3,72.1,36,OpenPlay
Pass,23,54,30051,13,Successful,29.7,71.7,36,88.3,OpenPlay
BallRecovery,23,56,23072,13,Successful,36.0,88.3,,,OpenPlay
Pass,23,57,23072,13,Successful,36.0,88.3,47.5,86.2,OpenPlay
Pass,23,59,13756,13,Successful,47.5,86.2,40.7,81.5,OpenPlay
Pass,24,0,23072,13,Successful,40.6,81.5,44.9,71.8,OpenPlay
Pass,24,2,69738,13,Successful,44.8,70.8,58.7,94.5,OpenPlay
Pass,24,4,13756,13,Unsuccessful,58.6,94.5,59,93.6,OpenPlay
BlockedPass,24,5,31826,31,Successful,38.1,5.2,,,OpenPlay
Pass,24,12,23072,13,Successful,55.6,100.0,53.3,77.3,OpenPlay
Pass,24,14,69738,13,Successful,55.4,67.8,44.4,33.4,OpenPlay
Pass,24,18,76810,13,Successful,57.5,29.4,57.5,13.2,OpenPlay
Pass,24,22,125211,13,Successful,62.4,28.8,75.1,34.2,OpenPlay
Pass,24,23,24444,13,Successful,75.1,34.3,74.5,22.7,OpenPlay
Dispossessed,24,25,4522,13,Successful,68.2,26.3,,,OpenPlay
Tackle,24,25,131523,31,Successful,31.8,73.7,,,OpenPlay
BallRecovery,24,28,131523,31,Successful,36.0,73.0,,,OpenPlay
Pass,24,28,131523,31,Unsuccessful,36.0,73.0,46.4,67.8,OpenPlay
Interception,24,29,69738,13,Successful,53.1,37.4,,,OpenPlay
Foul,24,31,131523,31,Successful,46.6,69.9,,,OpenPlay
Foul,24,31,69738,13,Unsuccessful,53.4,30.1,,,OpenPlay
Card,24,43,69738,13,Successful,0.0,0.0,,,OpenPlay
Pass,25,6,6105,31,Successful,44.5,66.1,60.1,65.2,OpenPlay
Pass,25,8,92547,31,Successful,60.1,65.2,32.6,36.7,OpenPlay
Pass,25,10,101374,31,Successful,33.6,35.2,29.9,18.2,OpenPlay
Pass,25,13,31826,31,Successful,30.6,19.8,12,35.5,OpenPlay
Pass,25,18,5582,31,Successful,12.5,33.6,20.3,62.1,OpenPlay
Pass,25,21,6105,31,Successful,20.4,62.1,27.2,60.9,OpenPlay
Pass,25,25,92547,31,Successful,29.7,64.0,31.8,87.7,OpenPlay
Dispossessed,25,29,188,31,Successful,41.0,95.6,,,OpenPlay
Tackle,25,29,24444,13,Successful,59.0,4.4,,,OpenPlay
Pass,25,50,131523,31,Successful,40.6,100.0,44.5,88.1,OpenPlay
Pass,25,51,92547,31,Successful,44.5,88.1,42.2,96.6,OpenPlay
Pass,25,56,131523,31,Unsuccessful,57.0,99.0,59.9,97.7,OpenPlay
BlockedPass,25,56,13756,13,Successful,39.3,2.2,,,OpenPlay
Pass,26,6,131523,31,Successful,62.8,100.0,73.4,92.6,OpenPlay
Pass,26,8,78498,31,Successful,73.4,92.6,75.9,98.1,OpenPlay
Pass,26,9,5625,31,Unsuccessful,75.7,98.9,72,93.8,OpenPlay
BlockedPass,26,9,84146,13,Successful,25.6,3.1,,,OpenPlay
Pass,26,20,131523,31,Successful,74.5,100.0,66.8,87.2,OpenPlay
Pass,26,21,92547,31,Successful,66.8,87.2,70.3,97.4,OpenPlay
Pass,26,22,131523,31,Successful,70.3,97.4,77.1,79.3,OpenPlay
Pass,26,23,78498,31,Successful,77.1,79.3,64,79.1,OpenPlay
Pass,26,27,92547,31,Successful,68.1,88.9,63.7,95.7,OpenPlay
Pass,26,28,131523,31,Successful,63.7,95.7,55.3,90.3,OpenPlay
Pass,26,30,188,31,Successful,55.3,90.3,44.7,49.4,OpenPlay
Pass,26,35,101374,31,Successful,46.3,41.0,68.5,36.4,OpenPlay
Pass,26,41,31826,31,Successful,68.5,3.1,75.2,1.7,OpenPlay
Pass,26,44,98317,31,Unsuccessful,79.2,2.2,86.7,61.5,OpenPlay
Clearance,26,46,125211,13,Successful,13.9,45.1,26.5,49.4,OpenPlay
BlockedPass,26,48,30051,13,Successful,22.5,51.2,,,OpenPlay
Pass,26,48,188,31,Unsuccessful,76.7,46.1,78.8,44.6,OpenPlay
BallTouch,26,49,84146,13,Successful,18.7,46.6,,,OpenPlay
SavedShot,26,50,131523,31,Successful,77.0,60.5,,,OpenPlay
Save,26,50,84146,13,Successful,19.7,36.7,,,OpenPlay
CornerAwarded,26,52,131523,31,Successful,77.0,60.5,,,OpenPlay
CornerAwarded,26,52,84146,13,Unsuccessful,19.7,36.7,,,OpenPlay
Pass,27,11,5625,31,Successful,99.5,99.5,79.2,83.8,OpenPlay
Pass,27,14,188,31,Successful,79.2,83.8,88.9,87.2,OpenPlay
TakeOn,27,16,5625,31,Successful,92.2,83.1,,,OpenPlay
Challenge,27,16,23072,13,Unsuccessful,7.8,16.9,,,OpenPlay
Pass,27,18,5625,31,Unsuccessful,89.2,82.4,95.9,49.5,OpenPlay
Clearance,27,18,6775,13,Successful,4.4,49.6,12,54.2,OpenPlay
Error,27,19,6775,13,Successful,12.0,54.2,,,OpenPlay
MissedShots,27,21,101374,31,Successful,88.4,41.0,,,OpenPlay
Pass,27,46,6775,13,Successful,4.9,58.2,61.8,82.1,OpenPlay
Pass,27,49,24444,13,Successful,61.8,82.1,62.7,95.7,OpenPlay
Pass,27,50,25244,13,Successful,61.2,94.4,54.4,75.4,OpenPlay
Pass,27,53,69738,13,Successful,51.3,67.9,49.9,41.2,OpenPlay
Pass,27,56,76810,13,Successful,59.0,33.1,75.5,5.2,OpenPlay
Pass,27,59,125211,13,Unsuccessful,78.8,5.0,100,77.8,OpenPlay
Pass,28,26,5582,31,Unsuccessful,5.1,40.6,71.5,70.6,OpenPlay
Pass,28,29,76810,13,Successful,30.4,27.9,37.7,30.1,OpenPlay
BallRecovery,28,30,4522,13,Successful,37.7,30.1,,,OpenPlay
Pass,28,31,4522,13,Successful,37.7,30.1,31.6,52.5,OpenPlay
Pass,28,34,30051,13,Successful,41.9,62.7,55.7,72.1,OpenPlay
Dispossessed,28,36,69738,13,Successful,57.5,69.6,,,OpenPlay
Tackle,28,36,31281,31,Successful,42.5,30.4,,,OpenPlay
BallRecovery,28,39,31826,31,Successful,28.0,28.5,,,OpenPlay
TakeOn,28,44,31826,31,Successful,46.3,23.0,,,OpenPlay
Challenge,28,44,25244,13,Unsuccessful,53.7,77.0,,,OpenPlay
Pass,28,45,31826,31,Unsuccessful,58.2,3.5,60.7,4.1,OpenPlay
BlockedPass,28,46,23072,13,Successful,40.1,96.0,,,OpenPlay
Pass,28,55,31826,31,Successful,42.5,0.0,29.4,5.5,OpenPlay
Pass,28,57,101374,31,Successful,32.7,7.1,37.5,47.2,OpenPlay
Pass,29,3,92547,31,Unsuccessful,51.9,54.8,72.6,36.9,OpenPlay
Interception,29,4,69738,13,Successful,31.8,53.4,,,OpenPlay
Dispossessed,29,5,30051,13,Successful,27.4,42.9,,,OpenPlay
Tackle,29,5,5625,31,Successful,72.6,57.1,,,OpenPlay
Pass,29,11,78498,31,Successful,73.4,66.4,94.8,95.3,OpenPlay
Dispossessed,29,15,131523,31,Successful,95.6,94.4,,,OpenPlay
Tackle,29,15,125211,13,Successful,3.1,5.6,,,OpenPlay
Pass,29,20,131523,31,Successful,96.2,100.0,94.2,81.2,OpenPlay
Dispossessed,29,22,92547,31,Successful,95.4,81.2,,,OpenPlay
Tackle,29,22,30051,13,Unsuccessful,4.6,18.8,,,OpenPlay
TakeOn,29,23,92547,31,Unsuccessful,93.1,80.9,,,OpenPlay
Tackle,29,23,84146,13,Successful,6.2,18.8,,,OpenPlay
BallRecovery,29,24,30051,13,Successful,6.2,25.8,,,OpenPlay
Foul,29,25,92547,31,Unsuccessful,91.9,74.2,,,OpenPlay
Foul,29,25,30051,13,Successful,8.1,25.8,,,OpenPlay
Pass,29,43,6775,13,Unsuccessful,13.2,24.8,70.8,23.5,OpenPlay
Pass,29,47,6105,31,Successful,29.0,67.8,11.9,60.2,OpenPlay
KeeperPickup,29,50,5582,31,Successful,11.9,60.2,,,OpenPlay
Pass,29,52,5582,31,Successful,11.1,58.2,24.4,33.9,OpenPlay
Pass,29,58,101374,31,Successful,26.3,28.3,24.8,43.3,OpenPlay
Pass,30,0,188,31,Successful,24.8,43.3,42,61.7,OpenPlay
Pass,30,2,31281,31,Successful,42.0,61.7,28.3,72.9,OpenPlay
Pass,30,4,6105,31,Successful,29.8,72.4,23.9,59.6,OpenPlay
Pass,30,10,188,31,Unsuccessful,35.8,61.2,72.8,91.4,OpenPlay
BallRecovery,30,12,125211,13,Successful,27.9,9.4,,,OpenPlay
Pass,30,14,125211,13,Successful,28.6,8.3,20.1,42.1,OpenPlay
Pass,30,27,30051,13,Successful,48.4,60.0,56.3,68.5,OpenPlay
Pass,30,28,25244,13,Successful,56.3,68.5,46.4,59.9,OpenPlay
Pass,30,30,30051,13,Successful,46.3,57.2,46.4,26.1,OpenPlay
Pass,30,33,76810,13,Successful,52.6,21.0,57.5,5.3,OpenPlay
Pass,30,35,125211,13,Successful,57.5,5.2,57.1,24.1,OpenPlay
Pass,30,37,4522,13,Successful,53.6,16.5,39.4,15.9,OpenPlay
Pass,30,41,76810,13,Unsuccessful,39.7,3.7,84.5,18.2,OpenPlay
BallRecovery,30,47,6105,31,Successful,16.6,83.5,,,OpenPlay
Pass,30,47,6105,31,Successful,16.6,83.5,6.8,49.1,OpenPlay
Pass,30,51,5582,31,Unsuccessful,8.2,46.0,79.1,62,OpenPlay
BallRecovery,30,54,6775,13,Successful,24.3,48.7,,,OpenPlay
Pass,30,55,6775,13,Successful,24.3,48.7,30.6,49.3,OpenPlay
Pass,31,1,76810,13,Successful,37.3,48.4,44.9,58.5,OpenPlay
Pass,31,2,69738,13,Successful,44.9,58.5,37,63.9,OpenPlay
Pass,31,10,30051,13,Successful,48.0,61.7,59.5,69.9,OpenPlay
Pass,31,12,25244,13,Successful,59.2,69.6,44.8,64.5,OpenPlay
Pass,31,15,30051,13,Successful,55.3,65.1,65.4,88,OpenPlay
Pass,31,23,84146,13,Successful,71.9,76.1,65.4,66.1,OpenPlay
Pass,31,26,25244,13,Successful,65.4,66.1,69.7,51.2,OpenPlay
Pass,31,28,13756,13,Successful,69.1,50.7,68.3,50.6,OpenPlay
Foul,31,29,5625,31,Unsuccessful,31.5,61.4,,,OpenPlay
Foul,31,29,25244,13,Successful,67.3,39.4,,,OpenPlay
Pass,32,9,13756,13,Unsuccessful,71.0,39.2,100,58.4,OpenPlay
Pass,32,34,5582,31,Successful,5.2,58.1,22.3,93.5,OpenPlay
Pass,32,36,131523,31,Successful,31.2,94.8,22.7,84.1,OpenPlay
Pass,32,37,6105,31,Unsuccessful,22.7,84.1,45.6,8.5,OpenPlay
Interception,32,38,23072,13,Successful,54.0,87.7,,,OpenPlay
BallRecovery,32,40,25244,13,Successful,64.2,95.7,,,OpenPlay
Pass,32,41,25244,13,Successful,64.2,95.7,92,79,OpenPlay
Pass,32,42,23072,13,Unsuccessful,92.0,79.0,90.9,69.4,OpenPlay
Interception,32,43,101374,31,Successful,10.8,32.7,,,OpenPlay
BallTouch,32,44,31826,31,Unsuccessful,21.2,27.4,,,OpenPlay
MissedShots,32,45,25244,13,Successful,81.0,70.6,,,OpenPlay
Error,32,47,31826,31,Successful,21.2,27.4,,,OpenPlay
Pass,33,9,5582,31,Unsuccessful,4.9,58.8,47.7,91.4,OpenPlay
Aerial,33,12,131523,31,Unsuccessful,47.4,90.2,,,OpenPlay
Aerial,33,12,125211,13,Successful,52.6,9.8,,,OpenPlay
Pass,33,12,125211,13,Unsuccessful,52.9,11.1,77.5,0,OpenPlay
Pass,33,19,6105,31,Successful,28.5,100.0,21.8,75.9,OpenPlay
Pass,33,22,188,31,Successful,14.8,82.6,13.4,95.9,OpenPlay
Pass,33,24,6105,31,Successful,13.4,95.9,42.2,86.6,OpenPlay
Pass,33,28,92547,31,Successful,42.4,83.8,31.7,83.9,OpenPlay
Pass,33,29,131523,31,Successful,31.6,82.9,37.3,85.4,OpenPlay
Pass,33,30,92547,31,Successful,37.3,85.4,52,70.2,OpenPlay
Pass,33,32,78498,31,Successful,47.5,69.4,39.3,64,OpenPlay
Pass,33,34,31281,31,Successful,39.3,64.0,47,47.6,OpenPlay
Pass,33,35,188,31,Successful,46.9,47.6,45.4,5.5,OpenPlay
Pass,33,41,31826,31,Successful,57.0,5.5,74.9,21.6,OpenPlay
TakeOn,33,43,78498,31,Successful,71.0,18.2,,,OpenPlay
Challenge,33,43,30051,13,Unsuccessful,29.0,81.8,,,OpenPlay
TakeOn,33,46,78498,31,Unsuccessful,68.6,26.8,,,OpenPlay
Tackle,33,46,24444,13,Unsuccessful,31.4,73.2,,,OpenPlay
Pass,33,49,78498,31,Successful,57.0,29.7,43.7,52.5,OpenPlay
Pass,33,51,6105,31,Successful,43.6,52.4,45.7,30.4,OpenPlay
Pass,33,56,101374,31,Unsuccessful,51.9,30.0,77.2,37,OpenPlay
Pass,33,57,30051,13,Unsuccessful,32.3,62.1,41.8,68.7,OpenPlay
Pass,33,59,31281,31,Unsuccessful,57.4,36.1,66.5,5.9,OpenPlay
Interception,34,1,23072,13,Successful,36.5,95.7,,,OpenPlay
BallRecovery,34,1,23072,13,Successful,36.5,95.7,,,OpenPlay
Pass,34,1,23072,13,Successful,36.5,95.7,44.3,90.2,OpenPlay
Dispossessed,34,3,25244,13,Successful,44.6,90.5,,,OpenPlay
Tackle,34,3,188,31,Successful,55.4,9.5,,,OpenPlay
BallRecovery,34,6,98317,31,Successful,61.0,11.1,,,OpenPlay
Pass,34,8,98317,31,Successful,70.7,28.5,76.7,38.3,OpenPlay
Pass,34,8,5625,31,Successful,76.7,38.3,73.7,47.9,OpenPlay
TakeOn,34,10,98317,31,Successful,76.2,53.6,,,OpenPlay
Challenge,34,10,69738,13,Unsuccessful,23.8,46.4,,,OpenPlay
BallTouch,34,11,98317,31,Unsuccessful,79.8,61.4,,,OpenPlay
BallRecovery,34,12,76810,13,Successful,11.7,27.6,,,OpenPlay
Pass,34,14,76810,13,Unsuccessful,12.1,18.5,68.8,3.5,OpenPlay
Pass,34,20,6105,31,Successful,37.2,97.1,9.1,58.2,OpenPlay
BallRecovery,34,23,5582,31,Successful,9.1,58.2,,,OpenPlay
Pass,34,27,5582,31,Successful,9.7,58.2,19.9,26.2,OpenPlay
Pass,34,34,101374,31,Successful,32.7,26.8,31.3,7.7,OpenPlay
Pass,34,36,31826,31,Successful,31.3,7.7,11.4,36.1,OpenPlay
Pass,34,43,5582,31,Unsuccessful,11.2,36.9,54.4,79,OpenPlay
Pass,34,43,125211,13,Unsuccessful,48.1,25.9,65.8,42.4,OpenPlay
Pass,34,46,31281,31,Successful,41.9,59.7,44,44.9,OpenPlay
Pass,34,47,188,31,Successful,44.0,44.9,32.3,59.6,OpenPlay
Pass,34,52,101374,31,Unsuccessful,43.0,56.9,65.3,60,OpenPlay
Interception,34,53,76810,13,Successful,39.9,38.0,,,OpenPlay
BallRecovery,34,54,76810,13,Successful,44.5,35.5,,,OpenPlay
Pass,34,54,76810,13,Unsuccessful,44.2,34.9,71.1,2.6,OpenPlay
Clearance,35,0,6105,31,Unsuccessful,33.0,97.8,34.2,100,OpenPlay
Pass,35,4,13756,13,Successful,70.6,0.0,62.6,4.7,OpenPlay
Pass,35,6,125211,13,Successful,61.2,10.0,51,23.7,OpenPlay
Pass,35,7,69738,13,Successful,51.0,23.7,61.4,3.2,OpenPlay
Pass,35,11,125211,13,Successful,63.6,9.7,63.2,28.9,OpenPlay
Pass,35,14,4522,13,Successful,65.5,10.9,61.9,4.9,OpenPlay
Pass,35,15,125211,13,Successful,61.7,5.3,66.3,2.3,OpenPlay
Pass,35,20,4522,13,Successful,51.6,28.5,52.5,69.7,OpenPlay
Pass,35,28,30051,13,Successful,69.0,60.6,67.6,56.3,OpenPlay
Pass,35,29,69738,13,Successful,67.6,56.3,73.4,40.3,OpenPlay
Pass,35,31,84146,13,Successful,73.4,40.3,80.5,11.4,OpenPlay
CrossNotClaimed,35,34,5582,31,Successful,4.2,51.0,,,OpenPlay
Pass,35,34,13756,13,Successful,78.5,18.6,94.9,49.5,IntentionalGoalAssist
Goal,35,36,24444,13,Successful,94.7,49.3,,,Assisted
Pass,36,33,78498,31,Successful,50.1,50.4,51.6,49.6,OpenPlay
Pass,36,37,92547,31,Successful,53.4,45.5,41.4,5.5,OpenPlay
Pass,36,40,31826,31,Successful,42.0,4.6,22.8,27,OpenPlay
Pass,36,42,101374,31,Successful,22.8,27.0,27.7,37.4,OpenPlay
Pass,36,44,188,31,Unsuccessful,27.7,37.4,29.4,23.6,OpenPlay
Interception,36,45,24444,13,Successful,71.3,72.1,,,OpenPlay
BallRecovery,36,46,25244,13,Successful,77.8,85.6,,,OpenPlay
Foul,36,51,31826,31,Unsuccessful,13.4,17.4,,,OpenPlay
Foul,36,51,25244,13,Successful,86.6,82.6,,,OpenPlay
Pass,37,22,4522,13,Successful,86.6,80.6,96.7,52.4,IntentionalGoalAssist
CrossNotClaimed,37,24,5582,31,Successful,4.2,50.4,,,OpenPlay
Aerial,37,24,5582,31,Unsuccessful,3.8,50.7,,,OpenPlay
Aerial,37,24,30051,13,Successful,96.2,49.3,,,OpenPlay
Goal,37,25,30051,13,Successful,97.2,50.5,,,Assisted
Pass,38,16,78498,31,Successful,50.1,50.3,52,50.1,OpenPlay
Pass,38,18,92547,31,Successful,54.5,67.9,33.7,79.7,OpenPlay
Pass,38,20,6105,31,Successful,33.7,79.7,58.4,94.1,OpenPlay
Pass,38,24,131523,31,Successful,58.1,95.4,67.8,96.2,OpenPlay
Pass,38,25,92547,31,Successful,67.8,96.2,69.4,82.6,OpenPlay
TakeOn,38,26,131523,31,Successful,72.1,85.9,,,OpenPlay
Challenge,38,26,76810,13,Unsuccessful,27.9,14.1,,,OpenPlay
BallTouch,38,29,131523,31,Unsuccessful,86.7,63.3,,,OpenPlay
Clearance,38,30,30051,13,Successful,10.1,46.7,10.2,44.3,OpenPlay
BallTouch,38,32,131523,31,Successful,89.6,56.1,,,OpenPlay
Pass,39,38,6775,13,Successful,4.8,40.2,18.1,22.3,OpenPlay
Pass,39,39,76810,13,Successful,19.2,24.8,7.7,46.4,OpenPlay
Pass,39,42,6775,13,Unsuccessful,9.3,53.4,61.8,10.9,OpenPlay
Pass,39,46,5625,31,Successful,38.5,93.3,36.1,71.8,OpenPlay
Aerial,39,46,5625,31,Successful,38.1,91.2,,,OpenPlay
Aerial,39,46,84146,13,Unsuccessful,61.9,8.8,,,OpenPlay
BallRecovery,39,47,188,31,Successful,38.0,75.8,,,OpenPlay
Pass,39,48,188,31,Successful,36.1,71.8,54.5,67.5,OpenPlay
Dispossessed,39,49,92547,31,Successful,53.2,72.8,,,OpenPlay
Tackle,39,49,69738,13,Successful,46.8,27.2,,,OpenPlay
BallRecovery,39,50,84146,13,Successful,54.5,21.6,,,OpenPlay
Pass,39,50,84146,13,Unsuccessful,55.8,26.8,68.3,11,OpenPlay
Interception,39,53,5625,31,Successful,38.0,89.3,,,OpenPlay
BallRecovery,39,54,6105,31,Successful,30.2,86.6,,,OpenPlay
Pass,39,54,6105,31,Successful,30.2,86.6,43.7,69.4,OpenPlay
Pass,39,56,188,31,Successful,43.5,69.6,36.7,58.5,OpenPlay
Pass,39,59,31281,31,Successful,36.7,58.5,47.4,40.6,OpenPlay
Pass,40,1,98317,31,Successful,47.4,41.0,47.7,54.3,OpenPlay
Pass,40,2,188,31,Unsuccessful,47.7,54.3,64.8,16.2,OpenPlay
BallRecovery,40,4,30051,13,Successful,27.6,87.8,,,OpenPlay
Pass,40,5,30051,13,Successful,27.8,97.5,43,98.1,OpenPlay
Pass,40,10,25244,13,Unsuccessful,41.8,96.8,38.7,79.4,OpenPlay
Interception,40,12,188,31,Successful,60.6,14.0,,,OpenPlay
BallRecovery,40,13,188,31,Successful,60.6,14.0,,,OpenPlay
Pass,40,15,188,31,Successful,80.1,5.9,79.3,1.9,OpenPlay
TakeOn,40,27,98317,31,Unsuccessful,92.0,10.5,,,OpenPlay
Tackle,40,27,25244,13,Successful,8.0,89.5,,,OpenPlay
BallRecovery,40,28,25244,13,Successful,3.6,88.0,,,OpenPlay
Dispossessed,40,29,25244,13,Successful,4.8,87.2,,,OpenPlay
Tackle,40,29,98317,31,Successful,95.2,12.8,,,OpenPlay
BallRecovery,40,31,98317,31,Successful,97.2,16.7,,,OpenPlay
BallTouch,40,32,98317,31,Unsuccessful,97.6,15.5,,,OpenPlay
Pass,41,2,6775,13,Successful,5.0,59.4,59.9,84.8,OpenPlay
Pass,41,7,24444,13,Successful,59.9,84.8,55.9,97.1,OpenPlay
Pass,41,9,13756,13,Successful,55.9,97.1,53.9,79.3,OpenPlay
Foul,41,13,101374,31,Unsuccessful,43.6,22.4,,,OpenPlay
Foul,41,13,69738,13,Successful,56.4,77.6,,,OpenPlay
Pass,41,30,4522,13,Successful,56.4,80.9,58.4,73.3,OpenPlay
Pass,41,33,69738,13,Successful,56.5,71.1,52.8,50.1,OpenPlay
Pass,41,37,25244,13,Successful,52.8,48.4,42.6,35.4,OpenPlay
Pass,41,39,76810,13,Successful,44.8,33.3,65.7,3.8,OpenPlay
Pass,41,43,125211,13,Successful,68.8,8.9,68.6,18.5,OpenPlay
Pass,41,46,24444,13,Successful,67.4,25.6,68.4,97.4,OpenPlay
Pass,41,49,23072,13,Successful,68.4,97.4,58.9,81.7,OpenPlay
Pass,41,55,4522,13,Unsuccessful,68.0,96.5,100,76.3,OpenPlay
Pass,42,14,5582,31,Unsuccessful,4.5,43.9,54.7,67.5,OpenPlay
Pass,42,16,76810,13,Unsuccessful,45.6,30.7,37.4,0,OpenPlay
Pass,42,27,131523,31,Successful,65.6,100.0,65.8,86.3,OpenPlay
BallTouch,42,30,92547,31,Unsuccessful,63.3,80.2,,,OpenPlay
Pass,42,31,13756,13,Successful,34.5,17.9,38,28.2,OpenPlay
BallRecovery,42,32,24444,13,Successful,36.8,36.6,,,OpenPlay
Pass,42,32,24444,13,Successful,36.8,36.6,32.8,40.9,OpenPlay
Pass,42,33,4522,13,Successful,32.8,40.9,39.2,57.8,OpenPlay
Pass,42,37,25244,13,Successful,40.2,54.3,70.3,71.1,OpenPlay
Pass,42,40,24444,13,Successful,70.9,75.7,80,89,OpenPlay
Pass,42,45,13756,13,Successful,78.1,83.6,72,74.8,OpenPlay
Pass,42,48,4522,13,Successful,77.7,78.8,84.1,89,OpenPlay
Pass,42,50,13756,13,Successful,83.5,84.7,78.1,76.7,OpenPlay
Pass,42,54,4522,13,Successful,83.5,73.2,81.7,44.2,OpenPlay
SavedShot,42,58,84146,13,Successful,84.0,43.4,,,Assisted
Save,42,58,188,31,Successful,13.5,61.4,,,OpenPlay
BallRecovery,43,1,188,31,Successful,15.4,61.5,,,OpenPlay
Pass,43,2,188,31,Successful,19.5,60.5,36.1,33,OpenPlay
Pass,43,5,98317,31,Successful,53.0,31.8,63.4,66.1,OpenPlay
TakeOn,43,11,92547,31,Successful,78.3,76.6,,,OpenPlay
Challenge,43,11,84146,13,Unsuccessful,21.7,23.4,,,OpenPlay
Goal,43,12,92547,31,Successful,79.8,67.5,,,Assisted
Pass,43,51,24444,13,Successful,50.0,51.1,50.7,50.5,OpenPlay
Pass,43,52,13756,13,Successful,50.6,50.3,42.3,59.8,OpenPlay
Pass,43,53,4522,13,Successful,39.3,60.2,27.1,35.7,OpenPlay
Pass,43,55,76810,13,Successful,27.0,34.2,32.2,11.3,OpenPlay
Pass,43,57,125211,13,Successful,32.4,10.9,51.2,10,OpenPlay
Pass,44,1,84146,13,Unsuccessful,42.3,2.2,41.1,3.5,OpenPlay
BlockedPass,44,3,5625,31,Successful,56.8,96.6,,,OpenPlay
Pass,44,4,125211,13,Unsuccessful,28.7,0.8,30.8,0.8,OpenPlay
BlockedPass,44,6,131523,31,Successful,66.6,98.6,,,OpenPlay
Pass,44,11,125211,13,Successful,30.1,0.0,39.1,9.2,OpenPlay
Pass,44,13,13756,13,Successful,34.8,7.6,31.6,1.6,OpenPlay
Pass,44,16,125211,13,Successful,31.6,1.7,26.2,10.9,OpenPlay
Pass,44,17,13756,13,Successful,26.2,10.9,35,81.5,OpenPlay
Pass,44,22,23072,13,Unsuccessful,35.8,89.0,39,89.7,OpenPlay
BlockedPass,44,23,98317,31,Successful,63.6,6.4,,,OpenPlay
Pass,44,30,23072,13,Successful,39.3,100.0,48.4,92.4,OpenPlay
TakeOn,44,34,25244,13,Unsuccessful,52.2,95.0,,,OpenPlay
Tackle,44,34,31826,31,Successful,47.8,5.0,,,OpenPlay
BallRecovery,44,35,31826,31,Successful,45.6,10.7,,,OpenPlay
Foul,44,37,31826,31,Successful,47.4,16.3,,,OpenPlay
Foul,44,37,25244,13,Unsuccessful,52.6,83.7,,,OpenPlay
Pass,44,49,31281,31,Successful,53.0,19.2,35.8,36.7,OpenPlay
Pass,44,52,101374,31,Successful,35.8,36.7,40.9,67.2,OpenPlay
Pass,44,54,6105,31,Successful,40.9,67.2,59.9,96.3,OpenPlay
Pass,44,56,131523,31,Successful,60.1,96.8,55.2,84.1,OpenPlay
Pass,44,57,92547,31,Unsuccessful,54.6,86.2,58.5,84.4,OpenPlay
BlockedPass,44,57,69738,13,Successful,40.4,21.9,,,OpenPlay
BallRecovery,44,58,69738,13,Successful,42.0,17.6,,,OpenPlay
Pass,44,59,69738,13,Successful,41.8,15.5,48.8,9.7,OpenPlay
Challenge,45,7,188,31,Unsuccessful,19.2,93.2,,,OpenPlay
TakeOn,45,7,84146,13,Successful,80.8,6.8,,,OpenPlay
Pass,45,10,84146,13,Successful,92.9,3.4,86.9,13.5,OpenPlay
Dispossessed,45,14,13756,13,Successful,88.1,10.0,,,OpenPlay
Tackle,45,14,5625,31,Successful,11.9,90.0,,,OpenPlay
BallRecovery,45,16,131523,31,Successful,10.3,95.1,,,OpenPlay
Pass,45,16,131523,31,Successful,10.3,95.1,14.7,91.4,OpenPlay
Pass,45,18,5625,31,Successful,14.7,91.4,41.8,84.2,OpenPlay
Pass,45,24,78498,31,Successful,46.4,86.0,56.5,67.6,OpenPlay
Pass,45,27,92547,31,Successful,56.5,67.0,76.1,62.6,OpenPlay
TakeOn,45,28,98317,31,Unsuccessful,75.4,62.0,,,OpenPlay
BallRecovery,45,29,30051,13,Successful,28.7,63.1,,,OpenPlay
Pass,45,32,30051,13,Successful,29.4,64.9,35.7,64.8,OpenPlay
Pass,45,33,4522,13,Successful,35.4,61.1,51.1,49.6,OpenPlay
Pass,45,36,13756,13,Unsuccessful,53.8,59.7,65.9,51.2,OpenPlay
BallRecovery,45,37,6105,31,Successful,33.6,58.8,,,OpenPlay
Pass,45,38,6105,31,Successful,33.8,54.3,48,51.9,OpenPlay
Pass,45,42,92547,31,Successful,48.3,53.6,36.8,72,OpenPlay
Pass,45,43,131523,31,Successful,36.5,72.6,34.5,65.5,OpenPlay
Pass,45,47,6105,31,Successful,37.6,64.3,45.6,48.1,OpenPlay
Pass,45,48,188,31,Successful,44.8,48.2,39.3,33.6,OpenPlay
Pass,45,55,101374,31,Successful,59.8,10.0,68.7,2.5,OpenPlay
Pass,45,59,31826,31,Successful,73.3,4.6,71.2,18.8,OpenPlay
Pass,46,3,101374,31,Successful,72.9,28.3,71.4,41,OpenPlay
Pass,46,4,92547,31,Unsuccessful,70.6,42.1,77.7,44.8,OpenPlay
Clearance,46,4,76810,13,Successful,21.2,51.8,28.9,62.6,OpenPlay
Pass,46,6,31281,31,Successful,68.9,40.1,76.5,40.3,OpenPlay
Pass,46,7,101374,31,Successful,76.5,40.3,66.5,35.8,OpenPlay
Pass,46,8,31281,31,Successful,66.5,35.8,78.5,30,OpenPlay
Pass,46,9,31826,31,Unsuccessful,79.3,20.9,79.9,22.9,OpenPlay
Interception,46,10,23072,13,Successful,19.7,75.4,,,OpenPlay
Pass,46,11,101374,31,Successful,69.2,38.0,66.6,24.3,OpenPlay
Pass,46,12,31281,31,Successful,66.6,24.3,78.1,2.8,OpenPlay
Pass,46,15,98317,31,Unsuccessful,80.5,5.3,89.5,39.8,OpenPlay
Clearance,46,16,30051,13,Unsuccessful,8.0,58.1,0,59.3,OpenPlay
CornerAwarded,46,22,98317,31,Successful,95.2,40.2,,,OpenPlay
CornerAwarded,46,22,30051,13,Unsuccessful,4.8,59.8,,,OpenPlay
Pass,46,40,98317,31,Successful,99.5,0.5,74.5,28.6,OpenPlay
Pass,46,44,188,31,Successful,74.5,28.6,94.7,12,OpenPlay
TakeOn,46,49,92547,31,Unsuccessful,98.0,9.6,,,OpenPlay
Tackle,46,49,23072,13,Successful,2.0,90.4,,,OpenPlay
CornerAwarded,46,50,92547,31,Successful,98.0,9.6,,,OpenPlay
CornerAwarded,46,50,23072,13,Unsuccessful,2.0,90.4,,,OpenPlay
Pass,47,8,98317,31,Unsuccessful,99.5,0.5,91.9,37.3,OpenPlay
Clearance,47,9,69738,13,Successful,4.6,63.1,35,80,OpenPlay
End,47,12,,13,Successful,0.0,0.0,,,OpenPlay
End,47,13,,31,Successful,0.0,0.0,,,OpenPlay
Start,45,0,,31,Successful,0.0,0.0,,,OpenPlay
Start,45,0,,13,Successful,0.0,0.0,,,OpenPlay
Pass,45,1,24444,13,Successful,50.0,49.3,50.9,49.9,OpenPlay
Pass,45,2,13756,13,Successful,50.7,49.9,38.6,42.1,OpenPlay
Pass,45,3,69738,13,Successful,38.2,42.7,37.6,49.6,OpenPlay
Pass,45,4,4522,13,Successful,37.5,46.4,37.8,5.9,OpenPlay
Pass,45,7,125211,13,Successful,38.1,4.4,46.6,1.6,OpenPlay
Pass,45,9,84146,13,Successful,47.9,3.7,49.3,9.4,OpenPlay
Pass,45,11,125211,13,Successful,49.3,9.4,51.7,1.4,OpenPlay
Challenge,45,12,131523,31,Unsuccessful,45.2,96.5,,,OpenPlay
TakeOn,45,12,84146,13,Successful,54.8,3.5,,,OpenPlay
Pass,45,14,84146,13,Successful,55.6,2.6,55.4,8.6,OpenPlay
Pass,45,15,125211,13,Successful,55.4,8.6,63.7,7.6,OpenPlay
Pass,45,16,24444,13,Successful,63.8,7.3,69.1,5,OpenPlay
Pass,45,19,84146,13,Unsuccessful,76.8,9.2,82.8,17.7,OpenPlay
BallRecovery,45,23,6105,31,Successful,17.5,82.7,,,OpenPlay
Pass,45,25,6105,31,Unsuccessful,20.5,77.6,45.6,100,OpenPlay
Pass,45,43,125211,13,Successful,55.2,0.0,62.7,3.2,OpenPlay
Pass,45,44,13756,13,Successful,62.7,3.2,54.7,3.5,OpenPlay
Challenge,45,46,188,31,Unsuccessful,44.3,92.0,,,OpenPlay
TakeOn,45,46,125211,13,Successful,55.9,6.6,,,OpenPlay
Pass,45,47,125211,13,Unsuccessful,59.3,18.0,60,35.7,OpenPlay
Interception,45,49,98317,31,Successful,44.7,65.7,,,OpenPlay
BallRecovery,45,50,31281,31,Successful,35.6,65.1,,,OpenPlay
Pass,45,50,31281,31,Successful,35.6,65.1,10.5,45.7,OpenPlay
Pass,45,53,5582,31,Successful,10.5,45.7,65.8,70.5,OpenPlay
Pass,45,59,78498,31,Unsuccessful,65.7,75.7,57.8,100,OpenPlay
Pass,46,7,125211,13,Successful,41.5,0.0,47,7,OpenPlay
Pass,46,10,13756,13,Successful,43.6,6.7,45.5,22.8,OpenPlay
Challenge,46,12,31281,31,Unsuccessful,54.4,76.4,,,OpenPlay
TakeOn,46,12,69738,13,Successful,45.6,23.6,,,OpenPlay
Pass,46,13,69738,13,Successful,47.0,31.2,51.8,51.8,OpenPlay
Pass,46,14,4522,13,Successful,51.8,51.8,63.1,80.9,OpenPlay
Pass,46,20,25244,13,Successful,66.8,67.8,61.7,65.1,OpenPlay
Pass,46,25,4522,13,Successful,63.1,75.9,72.5,77,OpenPlay
Pass,46,28,13756,13,Successful,71.3,71.8,67.7,63.3,OpenPlay
Pass,46,29,25244,13,Successful,67.8,63.7,72.1,70.5,OpenPlay
Pass,46,30,13756,13,Successful,72.1,70.5,63.5,75.7,OpenPlay
Pass,46,32,4522,13,Successful,64.6,73.8,65.7,63.4,OpenPlay
Pass,46,33,25244,13,Successful,65.7,63.4,63.1,71.1,OpenPlay
Pass,46,35,4522,13,Successful,64.7,68.8,58.8,69.1,OpenPlay
Pass,46,38,25244,13,Successful,59.1,66.4,53.8,41.5,OpenPlay
Pass,46,41,69738,13,Successful,55.0,43.6,65.2,29.4,OpenPlay
Pass,46,43,84146,13,Successful,68.9,30.6,92.1,62,OpenPlay
SavedShot,46,46,25244,13,Successful,90.7,63.5,,,Assisted
Save,46,46,31826,31,Successful,7.7,36.3,,,OpenPlay
Clearance,46,48,5582,31,Successful,1.6,41.0,0,38,OpenPlay
CornerAwarded,46,49,5582,31,Unsuccessful,1.7,40.7,,,OpenPlay
CornerAwarded,46,49,25244,13,Successful,95.2,60.7,,,OpenPlay
Pass,47,12,13756,13,Unsuccessful,99.7,99.5,89.4,50.4,OpenPlay
Aerial,47,15,6105,31,Successful,10.8,51.6,,,OpenPlay
Aerial,47,15,76810,13,Unsuccessful,89.2,48.4,,,OpenPlay
Clearance,47,16,6105,31,Successful,11.1,53.7,26.1,43.6,OpenPlay
Pass,47,17,69738,13,Unsuccessful,77.9,57.0,87.1,50.1,OpenPlay
Clearance,47,20,6105,31,Successful,14.9,53.9,39.7,57.5,OpenPlay
Pass,47,21,125211,13,Unsuccessful,60.7,39.5,72.2,28,OpenPlay
BallRecovery,47,24,6105,31,Successful,27.0,65.2,,,OpenPlay
Pass,47,24,6105,31,Successful,27.0,65.2,60.9,94.8,OpenPlay
Pass,47,30,98317,31,Unsuccessful,58.4,95.4,85.4,46.3,OpenPlay
KeeperPickup,47,32,6775,13,Successful,14.9,48.4,,,OpenPlay
Pass,47,33,6775,13,Successful,14.9,48.4,28.5,71.2,OpenPlay
Pass,47,37,13756,13,Unsuccessful,30.2,73.5,75.5,100,OpenPlay
Pass,47,44,31826,31,Successful,24.2,0.0,17.6,18.9,OpenPlay
Pass,47,47,101374,31,Successful,18.2,19.2,36.5,66.1,OpenPlay
Pass,47,52,188,31,Unsuccessful,42.0,72.3,52.1,95.1,OpenPlay
Interception,47,54,84146,13,Successful,48.4,4.9,,,OpenPlay
Pass,48,7,131523,31,Successful,45.3,100.0,46.2,90.8,OpenPlay
Pass,48,9,92547,31,Successful,44.4,90.9,28,62.7,OpenPlay
Pass,48,11,6105,31,Unsuccessful,27.6,61.6,38.2,67.6,OpenPlay
Interception,48,12,25244,13,Successful,57.8,38.3,,,OpenPlay
BallRecovery,48,13,25244,13,Successful,65.3,30.9,,,OpenPlay
TakeOn,48,16,25244,13,Unsuccessful,74.0,30.8,,,OpenPlay
Tackle,48,16,31281,31,Unsuccessful,26.0,69.2,,,OpenPlay
Dispossessed,48,18,24444,13,Successful,75.8,38.2,,,OpenPlay
Tackle,48,18,188,31,Unsuccessful,24.2,61.8,,,OpenPlay
Pass,48,21,4522,13,Successful,81.9,64.6,92.2,82.7,OpenPlay
Pass,48,23,13756,13,Successful,92.2,82.7,89.1,33,OpenPlay
Pass,48,27,25244,13,Unsuccessful,81.1,29.4,82,26.7,OpenPlay
BlockedPass,48,28,131523,31,Successful,20.4,71.8,,,OpenPlay
Pass,48,29,25244,13,Successful,83.4,28.5,88.1,21.8,OpenPlay
BallTouch,48,30,84146,13,Unsuccessful,85.8,20.9,,,OpenPlay
BallRecovery,48,31,131523,31,Successful,20.3,72.0,,,OpenPlay
Foul,48,33,131523,31,Successful,11.8,73.0,,,OpenPlay
Foul,48,33,84146,13,Unsuccessful,88.2,27.0,,,OpenPlay
Pass,50,11,5582,31,Successful,11.5,68.8,40.7,63.6,OpenPlay
Pass,50,13,31281,31,Successful,40.7,63.6,48.1,95,OpenPlay
Pass,50,15,5625,31,Successful,48.1,95.0,42,72.6,OpenPlay
Pass,50,18,92547,31,Successful,42.0,72.6,25,47.3,OpenPlay
Pass,50,20,101374,31,Successful,24.5,50.7,29.9,88.7,OpenPlay
Pass,50,25,188,31,Successful,28.5,93.0,65.8,96.5,OpenPlay
Pass,50,26,78498,31,Successful,65.8,96.5,62.3,86.2,OpenPlay
Pass,50,33,131523,31,Successful,74.3,78.7,66,76.1,OpenPlay
Pass,50,35,92547,31,Successful,70.2,73.3,70.7,40.6,OpenPlay
SavedShot,50,38,31826,31,Successful,71.3,36.6,,,Assisted
Save,50,38,6775,13,Successful,0.8,53.1,,,OpenPlay
KeeperPickup,50,39,6775,13,Successful,2.1,53.3,,,OpenPlay
Pass,50,48,6775,13,Successful,14.2,42.9,21.5,28.1,OpenPlay
Pass,50,50,76810,13,Successful,24.6,22.9,12.4,35.3,OpenPlay
Pass,50,54,6775,13,Unsuccessful,13.1,50.9,54,47.4,OpenPlay
BallRecovery,50,57,101374,31,Successful,46.4,48.5,,,OpenPlay
Pass,50,59,101374,31,Successful,52.2,46.1,52.7,32.4,OpenPlay
Pass,51,0,31281,31,Successful,52.7,32.4,47.2,58.1,OpenPlay
Pass,51,4,188,31,Successful,46.5,57.2,17.8,50.3,OpenPlay
Pass,51,13,5582,31,Unsuccessful,17.8,47.8,48.4,19.4,OpenPlay
Interception,51,16,23072,13,Successful,54.0,76.1,,,OpenPlay
BallRecovery,51,18,25244,13,Successful,67.7,68.8,,,OpenPlay
Pass,51,19,25244,13,Successful,67.7,68.8,60.9,61.1,OpenPlay
Pass,51,20,4522,13,Successful,70.5,61.4,73.4,70.9,OpenPlay
Pass,51,23,25244,13,Unsuccessful,76.3,63.3,75.7,61.2,OpenPlay
BlockedPass,51,25,92547,31,Successful,26.3,35.5,,,OpenPlay
SubstitutionOff,51,45,6105,31,Successful,0.0,0.0,,,OpenPlay
SubstitutionOn,51,45,121454,31,Successful,0.0,0.0,,,OpenPlay
FormationChange,51,56,,31,Successful,0.0,0.0,,,OpenPlay
Pass,51,58,23072,13,Successful,64.8,100.0,70.6,92.7,OpenPlay
Pass,52,0,24444,13,Successful,70.6,92.7,66.6,98.3,OpenPlay
Pass,52,1,23072,13,Unsuccessful,66.6,98.1,76.2,87.5,OpenPlay
Clearance,52,3,31826,31,Successful,22.5,13.7,42,26.5,OpenPlay
Pass,52,5,4522,13,Successful,63.3,67.6,66,49.7,OpenPlay
Pass,52,8,13756,13,Successful,61.7,37.9,60.6,16.2,OpenPlay
Pass,52,11,125211,13,Successful,61.7,18.6,57.5,36.9,OpenPlay
Pass,52,14,4522,13,Successful,58.0,21.9,67.8,21.8,OpenPlay
BallTouch,52,15,13756,13,Unsuccessful,67.8,21.8,,,OpenPlay
BallRecovery,52,16,188,31,Successful,33.7,73.2,,,OpenPlay
Pass,52,18,188,31,Successful,39.4,73.0,42.9,63.6,OpenPlay
Pass,52,21,92547,31,Successful,46.9,57.6,52.5,39.7,OpenPlay
Pass,52,23,31281,31,Successful,52.5,39.7,56.2,12.6,OpenPlay
TakeOn,52,27,98317,31,Successful,67.6,25.4,,,OpenPlay
Challenge,52,27,69738,13,Unsuccessful,32.4,74.6,,,OpenPlay
Pass,52,29,98317,31,Successful,75.6,33.7,76.4,52.8,OpenPlay
Pass,52,31,92547,31,Unsuccessful,76.8,55.5,67.1,74.5,OpenPlay
BallRecovery,52,32,84146,13,Successful,37.5,25.9,,,OpenPlay
Pass,52,34,84146,13,Successful,43.7,31.3,54.5,41.8,OpenPlay
Pass,52,35,24444,13,Successful,54.7,41.8,47.2,48.1,OpenPlay
Challenge,52,37,101374,31,Unsuccessful,49.0,49.1,,,OpenPlay
TakeOn,52,37,84146,13,Successful,51.0,50.9,,,OpenPlay
Pass,52,39,84146,13,Unsuccessful,77.1,54.6,92.5,61.5,OpenPlay
KeeperSweeper,52,42,5582,31,Successful,0.0,0.0,,,OpenPlay
Interception,52,43,5582,31,Successful,7.5,32.7,,,OpenPlay
CornerAwarded,52,44,5582,31,Unsuccessful,7.5,35.6,,,OpenPlay
CornerAwarded,52,44,84146,13,Successful,92.5,64.4,,,OpenPlay
Pass,53,17,4522,13,Unsuccessful,99.7,99.5,92.1,56.9,OpenPlay
Clearance,53,20,188,31,Successful,10.2,35.8,24.6,31.2,OpenPlay
Pass,53,21,69738,13,Successful,77.4,73.0,90.6,92,OpenPlay
Pass,53,24,4522,13,Unsuccessful,88.5,88.3,91.9,53.6,OpenPlay
Aerial,53,25,92547,31,Successful,8.6,47.4,,,OpenPlay
Aerial,53,25,24444,13,Unsuccessful,91.4,52.6,,,OpenPlay
Clearance,53,26,92547,31,Successful,11.5,36.0,32.2,35.5,OpenPlay
SavedShot,53,28,69738,13,Successful,75.5,60.0,,,OpenPlay
Save,53,28,31826,31,Successful,11.7,54.3,,,OpenPlay
Pass,53,34,125211,13,Unsuccessful,37.1,2.0,49.1,2,OpenPlay
BlockedPass,53,36,98317,31,Successful,58.0,97.5,,,OpenPlay
Pass,53,47,125211,13,Successful,46.6,0.0,53.6,7.3,OpenPlay
Pass,53,49,13756,13,Successful,53.6,7.3,45.5,4.1,OpenPlay
Pass,53,51,125211,13,Successful,46.5,10.6,43.5,17,OpenPlay
Pass,53,53,69738,13,Successful,43.5,17.0,30.1,4.7,OpenPlay
Pass,53,55,76810,13,Successful,30.1,4.7,14.6,33.7,OpenPlay
Pass,53,57,6775,13,Unsuccessful,14.6,33.7,72.2,47.9,OpenPlay
Clearance,54,3,121454,31,Successful,25.6,51.8,39.5,40.1,OpenPlay
BallRecovery,54,5,31281,31,Successful,39.4,41.0,,,OpenPlay
Pass,54,5,31281,31,Successful,39.4,41.0,37.7,72.1,OpenPlay
Pass,54,9,188,31,Successful,36.8,74.4,22.8,68.5,OpenPlay
Pass,54,11,121454,31,Unsuccessful,22.8,68.5,42.2,73.5,OpenPlay
Interception,54,12,84146,13,Successful,64.9,21.2,,,OpenPlay
BallRecovery,54,13,69738,13,Successful,59.4,27.6,,,OpenPlay
Pass,54,14,69738,13,Successful,59.4,27.6,70.8,33.9,OpenPlay
Pass,54,15,13756,13,Unsuccessful,72.5,42.1,79.4,53.6,OpenPlay
Interception,54,16,31826,31,Successful,21.3,38.2,,,OpenPlay
KeeperPickup,54,20,5582,31,Successful,7.8,45.1,,,OpenPlay
Pass,54,24,5582,31,Successful,8.7,47.6,25.1,93,OpenPlay
Pass,54,31,188,31,Successful,37.5,95.4,41.4,78.7,OpenPlay
Pass,54,34,131523,31,Successful,41.3,78.5,23.9,67.6,OpenPlay
Pass,54,37,121454,31,Successful,23.9,67.6,24.2,42.7,OpenPlay
Pass,54,41,101374,31,Unsuccessful,25.6,41.7,45.2,20.2,OpenPlay
Interception,54,42,4522,13,Successful,53.8,72.6,,,OpenPlay
BallRecovery,54,42,4522,13,Successful,53.8,72.6,,,OpenPlay
Pass,54,43,4522,13,Successful,53.8,72.6,58.8,74.8,OpenPlay
Pass,54,44,25244,13,Successful,58.8,74.8,43.5,83.3,OpenPlay
Pass,54,45,23072,13,Successful,43.5,83.3,48.4,75.1,OpenPlay
Pass,54,45,4522,13,Successful,48.4,75.1,45.9,83.3,OpenPlay
Pass,54,46,23072,13,Successful,45.9,83.3,45.6,71.5,OpenPlay
Pass,54,47,4522,13,Successful,45.6,71.5,58,61.5,OpenPlay
Pass,54,48,69738,13,Successful,58.0,61.5,64.8,66.1,OpenPlay
Pass,54,49,24444,13,Successful,64.8,66.1,62.2,74.4,OpenPlay
Pass,54,50,69738,13,Unsuccessful,62.2,73.9,64.4,70.9,OpenPlay
BlockedPass,54,51,92547,31,Successful,38.4,30.1,,,OpenPlay
BallRecovery,54,53,101374,31,Successful,29.3,37.7,,,OpenPlay
Pass,54,54,101374,31,Successful,29.2,39.0,33.5,25,OpenPlay
Pass,54,54,92547,31,Successful,37.7,29.7,30.6,40.3,OpenPlay
Pass,54,56,101374,31,Successful,30.6,40.3,28.1,20.7,OpenPlay
Pass,54,59,31826,31,Successful,26.8,10.3,66,7.7,OpenPlay
BallTouch,55,3,78498,31,Unsuccessful,64.3,5.0,,,OpenPlay
Pass,55,11,23072,13,Successful,31.4,100.0,19.8,63,OpenPlay
Pass,55,20,76810,13,Successful,36.3,40.7,27.9,62.1,OpenPlay
Pass,55,25,30051,13,Successful,38.1,67.9,62.6,82.9,OpenPlay
Pass,55,28,25244,13,Successful,63.0,82.7,68,79.9,OpenPlay
Pass,55,31,13756,13,Successful,79.7,81.8,90.4,29.2,OpenPlay
Aerial,55,34,131523,31,Unsuccessful,9.6,70.9,,,OpenPlay
Aerial,55,34,24444,13,Successful,90.4,29.1,,,OpenPlay
Pass,55,34,24444,13,Successful,90.4,29.2,84.6,31.2,OpenPlay
Pass,55,36,84146,13,Successful,84.6,31.2,91.4,32.5,OpenPlay
SavedShot,55,37,24444,13,Successful,91.6,33.9,,,Assisted
Save,55,37,5582,31,Successful,2.3,58.1,,,OpenPlay
CornerAwarded,55,42,5582,31,Unsuccessful,5.4,62.1,,,OpenPlay
CornerAwarded,55,42,24444,13,Successful,94.6,37.9,,,OpenPlay
Pass,56,14,4522,13,Unsuccessful,99.6,0.5,95.1,42.5,OpenPlay
Clearance,56,17,31281,31,Successful,4.7,57.5,21.2,92.6,OpenPlay
Pass,56,19,13756,13,Successful,81.6,9.1,87,4,OpenPlay
Pass,56,21,4522,13,Unsuccessful,88.6,14.6,90.1,18.3,OpenPlay
BlockedPass,56,22,31281,31,Successful,10.4,83.0,,,OpenPlay
Pass,56,30,13756,13,Successful,87.0,0.0,85.1,6.1,OpenPlay
Pass,56,31,4522,13,Successful,85.1,2.0,80,1.4,OpenPlay
Pass,56,34,13756,13,Successful,79.5,2.8,67,5,OpenPlay
Pass,56,36,125211,13,Successful,63.8,9.2,54.5,21.9,OpenPlay
Pass,56,38,76810,13,Successful,54.5,21.9,70.3,80.5,OpenPlay
Pass,56,42,23072,13,Successful,70.3,80.5,77.4,84.2,OpenPlay
Pass,56,46,25244,13,Successful,81.2,66.9,79.3,43.3,OpenPlay
Pass,56,48,4522,13,Unsuccessful,79.2,43.9,91.9,51.5,OpenPlay
Clearance,56,50,31826,31,Successful,9.5,45.1,14.8,81.4,OpenPlay
Pass,56,53,13756,13,Unsuccessful,83.7,19.7,100,71.7,OpenPlay
Pass,57,16,5582,31,Successful,5.0,37.0,45,16.2,OpenPlay
Pass,57,17,98317,31,Successful,45.0,16.2,30.9,4.9,OpenPlay
Pass,57,18,31826,31,Successful,30.9,4.9,30.8,18.6,OpenPlay
Pass,57,19,31281,31,Successful,30.8,18.6,32.4,3.8,OpenPlay
Pass,57,20,31826,31,Unsuccessful,32.3,3.8,37.6,5.3,OpenPlay
BlockedPass,57,21,4522,13,Successful,63.2,96.9,,,OpenPlay
Pass,57,36,31826,31,Successful,33.2,0.0,54,4,OpenPlay
Pass,57,38,78498,31,Unsuccessful,53.6,4.0,48.2,21.3,OpenPlay
Interception,57,38,13756,13,Successful,51.8,80.8,,,OpenPlay
BallRecovery,57,39,69738,13,Successful,48.9,84.1,,,OpenPlay
Pass,57,40,69738,13,Successful,48.9,84.1,65.2,53.1,OpenPlay
Pass,57,41,84146,13,Unsuccessful,67.7,53.3,91.6,67,OpenPlay
KeeperPickup,57,46,5582,31,Successful,9.7,34.0,,,OpenPlay
Pass,57,48,5582,31,Successful,17.5,39.2,29.8,93.8,OpenPlay
Pass,57,54,131523,31,Successful,43.6,95.1,25.6,79.4,OpenPlay
Pass,57,56,121454,31,Successful,25.6,79.4,11,57.8,OpenPlay
Pass,58,9,5582,31,Unsuccessful,11.7,65.8,54.8,8.9,OpenPlay
Pass,58,9,23072,13,Unsuccessful,46.1,83.8,69.2,85.4,OpenPlay
Pass,58,13,31826,31,Unsuccessful,33.4,6.7,44.5,7.9,OpenPlay
Interception,58,14,23072,13,Successful,54.0,87.2,,,OpenPlay
BallRecovery,58,15,4522,13,Successful,46.1,78.4,,,OpenPlay
Pass,58,15,4522,13,Successful,46.1,78.4,39.9,59,OpenPlay
Pass,58,17,76810,13,Successful,41.4,64.2,45.4,76.3,OpenPlay
Dispossessed,58,19,4522,13,Successful,45.9,80.4,,,OpenPlay
Tackle,58,19,31281,31,Unsuccessful,54.1,19.6,,,OpenPlay
Pass,58,20,76810,13,Successful,35.1,80.6,36.1,92.3,OpenPlay
Pass,58,21,23072,13,Successful,38.7,95.1,55.9,94.8,OpenPlay
Pass,58,23,25244,13,Successful,46.4,93.6,37.2,82,OpenPlay
Pass,58,25,23072,13,Successful,37.1,80.3,25.1,75.1,OpenPlay
Pass,58,28,76810,13,Successful,25.7,72.7,47.3,14.7,OpenPlay
Pass,58,34,125211,13,Successful,59.4,10.2,87.8,14.1,OpenPlay
Pass,58,37,84146,13,Unsuccessful,88.0,14.6,95.4,73.8,OpenPlay
Clearance,58,41,31826,31,Unsuccessful,4.3,25.5,10.7,0,OpenPlay
Pass,58,58,23072,13,Successful,93.9,100.0,82.5,93.9,OpenPlay
Pass,59,0,13756,13,Successful,82.5,93.9,87.6,98,OpenPlay
Pass,59,1,23072,13,Successful,87.6,98.0,82.1,94.8,OpenPlay
Pass,59,2,13756,13,Successful,82.1,94.8,70.2,80.5,OpenPlay
Pass,59,6,4522,13,Successful,69.5,73.6,66.6,43.9,OpenPlay
Pass,59,9,69738,13,Successful,67.1,37.7,78.8,8.9,OpenPlay
TakeOn,59,15,125211,13,Unsuccessful,85.0,22.8,,,OpenPlay
Tackle,59,15,5625,31,Successful,15.0,77.2,,,OpenPlay
BallRecovery,59,17,5625,31,Successful,19.6,74.5,,,OpenPlay
Pass,59,20,5625,31,Successful,30.5,88.1,22,76.4,OpenPlay
Pass,59,22,131523,31,Successful,21.8,76.4,26.7,70.6,OpenPlay
Pass,59,25,188,31,Successful,20.9,71.8,13,97.7,OpenPlay
Pass,59,28,121454,31,Successful,13.0,97.7,46.7,60.9,OpenPlay
Pass,59,31,78498,31,Successful,46.7,60.9,59.6,88.4,OpenPlay
TakeOn,59,35,92547,31,Unsuccessful,55.0,86.6,,,OpenPlay
Tackle,59,35,125211,13,Successful,45.0,13.4,,,OpenPlay
BallRecovery,59,36,69738,13,Successful,42.4,9.5,,,OpenPlay
Foul,59,37,92547,31,Unsuccessful,59.2,90.8,,,OpenPlay
Foul,59,37,69738,13,Successful,40.8,9.2,,,OpenPlay
Pass,59,50,125211,13,Successful,43.1,9.5,45,32.5,OpenPlay
Pass,59,52,4522,13,Successful,57.6,36.7,64.7,23.7,OpenPlay
Pass,59,54,24444,13,Unsuccessful,64.7,23.7,67.6,40,OpenPlay
Interception,59,55,31281,31,Successful,34.2,58.2,,,OpenPlay
BallRecovery,59,57,121454,31,Successful,38.4,69.7,,,OpenPlay
Pass,59,57,121454,31,Successful,38.4,69.7,38.3,60,OpenPlay
Pass,59,58,31281,31,Successful,38.3,60.0,30.8,80.2,OpenPlay
Pass,60,0,131523,31,Successful,31.0,80.8,41.9,77,OpenPlay
Pass,60,0,92547,31,Successful,42.0,77.0,38,93,OpenPlay
Pass,60,2,131523,31,Successful,38.2,93.8,58.3,72.6,OpenPlay
Pass,60,3,5625,31,Successful,58.3,72.6,42.5,68.8,OpenPlay
Pass,60,5,92547,31,Successful,42.5,68.8,56.2,47.3,OpenPlay
Pass,60,6,78498,31,Successful,56.1,47.3,44.1,42.5,OpenPlay
Pass,60,8,31281,31,Successful,47.8,42.1,57.5,18.3,OpenPlay
Pass,60,10,98317,31,Unsuccessful,56.8,19.1,75.1,39.4,OpenPlay
BallRecovery,60,12,30051,13,Successful,25.3,66.0,,,OpenPlay
Interception,60,12,30051,13,Successful,24.9,66.9,,,OpenPlay
Pass,60,13,30051,13,Successful,25.3,66.0,34.9,66.3,OpenPlay
Pass,60,14,4522,13,Successful,37.5,65.4,96.7,82.6,OpenPlay
Pass,60,22,25244,13,Successful,94.3,76.4,99,8.6,OpenPlay
Dispossessed,60,27,13756,13,Successful,95.7,4.4,,,OpenPlay
Tackle,60,27,188,31,Successful,4.3,95.6,,,OpenPlay
BallRecovery,60,31,131523,31,Successful,13.3,94.4,,,OpenPlay
Pass,60,32,131523,31,Successful,11.6,92.9,4.2,92,OpenPlay
Pass,60,33,188,31,Successful,4.2,92.0,19.7,72.6,OpenPlay
Pass,60,34,31281,31,Successful,19.7,72.6,18.1,98.3,OpenPlay
TakeOn,60,39,131523,31,Unsuccessful,22.0,97.2,,,OpenPlay
Tackle,60,39,24444,13,Successful,78.0,2.8,,,OpenPlay
BallRecovery,60,39,24444,13,Successful,77.1,2.9,,,OpenPlay
Pass,60,41,24444,13,Successful,77.1,2.9,59.4,11,OpenPlay
Pass,60,45,84146,13,Successful,59.2,13.8,62.8,21.5,OpenPlay
Pass,60,46,69738,13,Successful,62.8,21.5,58.5,10.9,OpenPlay
Pass,60,47,84146,13,Successful,58.5,10.9,66.6,1.7,OpenPlay
Pass,60,50,125211,13,Successful,65.9,2.8,56.9,12.3,OpenPlay
Pass,60,52,84146,13,Successful,56.6,16.5,54,33.6,OpenPlay
Pass,60,55,4522,13,Successful,54.0,34.9,58,23.1,OpenPlay
Pass,60,56,84146,13,Successful,58.0,23.1,62.7,37.3,OpenPlay
Pass,60,59,69738,13,Successful,65.8,47.3,73,57,OpenPlay
Challenge,61,3,188,31,Unsuccessful,21.3,59.4,,,OpenPlay
TakeOn,61,3,25244,13,Successful,78.7,40.6,,,OpenPlay
Tackle,61,5,131523,31,Successful,18.2,70.7,,,OpenPlay
TakeOn,61,5,25244,13,Unsuccessful,81.8,29.3,,,OpenPlay
BallRecovery,61,7,121454,31,Successful,17.9,66.9,,,OpenPlay
Pass,61,8,121454,31,Successful,18.8,67.2,55.3,7.4,OpenPlay
Pass,61,15,98317,31,Successful,77.9,12.3,80.5,51.2,OpenPlay
Dispossessed,61,18,92547,31,Successful,83.6,53.6,,,OpenPlay
Tackle,61,18,76810,13,Successful,16.4,46.4,,,OpenPlay
Clearance,61,19,30051,13,Successful,16.5,53.7,40.1,85.4,OpenPlay
Pass,61,24,31281,31,Successful,62.3,5.2,75.4,3.5,OpenPlay
TakeOn,61,27,98317,31,Successful,79.4,8.1,,,OpenPlay
Challenge,61,27,4522,13,Unsuccessful,20.6,91.9,,,OpenPlay
TakeOn,61,30,98317,31,Unsuccessful,88.2,28.4,,,OpenPlay
Tackle,61,30,23072,13,Successful,11.8,71.6,,,OpenPlay
BallRecovery,61,31,4522,13,Successful,16.2,72.1,,,OpenPlay
Pass,61,32,4522,13,Successful,16.2,72.1,32,44.2,OpenPlay
Challenge,61,38,188,31,Unsuccessful,44.4,55.9,,,OpenPlay
TakeOn,61,38,84146,13,Successful,55.6,44.1,,,OpenPlay
Pass,61,44,84146,13,Successful,69.0,67.3,69.7,57.6,OpenPlay
Pass,61,45,24444,13,Successful,69.7,57.6,69.1,74.1,OpenPlay
Pass,61,50,4522,13,Unsuccessful,77.0,68.5,92.7,49.4,OpenPlay
Claim,61,53,5582,31,Successful,6.3,52.7,,,OpenPlay
Pass,61,54,5582,31,Successful,6.3,52.7,24.3,69.9,OpenPlay
Pass,62,1,5625,31,Successful,54.9,71.8,54.1,59.6,OpenPlay
Pass,62,3,92547,31,Successful,54.0,59.4,36.1,85.1,OpenPlay
Pass,62,6,131523,31,Successful,37.2,84.1,53.7,84.2,OpenPlay
Pass,62,10,92547,31,Successful,47.2,78.2,45.1,52.2,OpenPlay
Pass,62,11,31281,31,Successful,44.2,52.1,44.7,68.2,OpenPlay
Pass,62,14,92547,31,Successful,46.2,70.3,55.1,95.6,OpenPlay
Pass,62,17,131523,31,Successful,57.4,96.2,53.6,86.5,OpenPlay
Pass,62,18,92547,31,Successful,53.6,86.5,58.2,96,OpenPlay
Pass,62,19,131523,31,Successful,58.2,96.2,54.9,86.3,OpenPlay
Pass,62,22,92547,31,Successful,57.1,84.2,53.9,64.6,OpenPlay
Pass,62,25,31281,31,Successful,51.8,60.2,47,34.9,OpenPlay
Pass,62,28,101374,31,Successful,47.0,34.9,60.1,4.1,OpenPlay
Pass,62,32,98317,31,Successful,62.9,4.0,67.7,31.2,OpenPlay
Pass,62,35,31826,31,Successful,69.6,31.0,78.7,45.1,OpenPlay
Pass,62,37,5625,31,Unsuccessful,79.5,44.0,77.1,41.3,OpenPlay
BlockedPass,62,38,4522,13,Successful,22.3,59.7,,,OpenPlay
BallRecovery,62,39,4522,13,Successful,22.6,56.1,,,OpenPlay
Foul,62,41,5625,31,Unsuccessful,75.8,41.6,,,OpenPlay
Foul,62,41,4522,13,Successful,24.2,58.4,,,OpenPlay
Pass,63,10,6775,13,Successful,25.1,57.2,79.5,67.5,OpenPlay
Pass,63,14,24444,13,Successful,79.5,67.5,76.8,55.8,OpenPlay
SavedShot,63,15,13756,13,Successful,76.1,60.4,,,Assisted
Save,63,15,5582,31,Successful,4.3,47.3,,,OpenPlay
KeeperPickup,63,16,5582,31,Successful,4.3,47.3,,,OpenPlay
Pass,63,28,5582,31,Unsuccessful,10.0,46.6,76.9,38.2,OpenPlay
BallRecovery,63,30,76810,13,Successful,24.3,68.4,,,OpenPlay
Pass,63,31,76810,13,Successful,24.3,68.8,4.4,67.5,OpenPlay
Pass,63,34,6775,13,Successful,4.6,67.5,65.3,66.9,OpenPlay
Pass,63,38,24444,13,Successful,65.5,67.2,69,72.6,OpenPlay
Pass,63,45,25244,13,Successful,70.7,59.9,71.3,50.1,OpenPlay
Pass,63,47,4522,13,Successful,70.8,58.7,92.5,92,OpenPlay
Pass,63,50,23072,13,Successful,95.0,88.7,91.2,31.8,OpenPlay
SavedShot,63,53,84146,13,Successful,90.0,30.1,,,Assisted
Save,63,53,131523,31,Successful,9.6,68.1,,,OpenPlay
MissedShots,63,56,125211,13,Successful,74.3,37.6,,,OpenPlay
Pass,64,15,5582,31,Successful,3.9,59.6,21.4,74.5,OpenPlay
Pass,64,16,121454,31,Successful,21.3,74.1,9.8,58.5,OpenPlay
Pass,64,17,5582,31,Successful,7.7,56.1,38.2,9.4,OpenPlay
TakeOn,64,22,31826,31,Successful,41.8,14.0,,,OpenPlay
Challenge,64,22,4522,13,Unsuccessful,58.2,86.0,,,OpenPlay
Pass,64,26,31826,31,Successful,62.4,11.3,76.9,2.9,OpenPlay
Pass,64,34,98317,31,Successful,93.0,7.6,81.8,6.7,OpenPlay
Pass,64,37,31826,31,Successful,81.3,5.0,77.3,26.8,OpenPlay
Dispossessed,64,38,31281,31,Successful,76.4,26.3,,,OpenPlay
Tackle,64,38,13756,13,Successful,23.6,73.7,,,OpenPlay
BallRecovery,64,39,25244,13,Successful,26.2,78.1,,,OpenPlay
Pass,64,40,25244,13,Successful,26.2,78.1,23.3,89.7,OpenPlay
Pass,64,42,69738,13,Successful,27.0,72.4,43.4,64.3,OpenPlay
Pass,64,43,24444,13,Successful,43.4,64.3,35.3,78.5,OpenPlay
Pass,64,46,25244,13,Unsuccessful,43.3,79.7,82.7,94.7,OpenPlay
Interception,64,50,121454,31,Successful,22.9,5.0,,,OpenPlay
Pass,64,54,13756,13,Successful,82.7,100.0,68.1,93.6,OpenPlay
Pass,64,56,25244,13,Successful,68.6,93.9,75.1,97.5,OpenPlay
Pass,64,58,13756,13,Successful,75.5,97.5,66,97.7,OpenPlay
Pass,65,0,25244,13,Successful,66.0,96.8,63.9,77.8,OpenPlay
Pass,65,4,4522,13,Successful,58.5,73.6,60.6,56.3,OpenPlay
Challenge,65,6,92547,31,Unsuccessful,40.4,60.8,,,OpenPlay
TakeOn,65,6,69738,13,Successful,62.2,54.8,,,OpenPlay
Foul,65,8,92547,31,Unsuccessful,37.8,53.4,,,OpenPlay
Foul,65,8,69738,13,Successful,62.2,46.6,,,OpenPlay
Pass,65,17,69738,13,Successful,66.7,50.4,66.7,64.3,OpenPlay
Pass,65,21,4522,13,Successful,71.5,68.2,71.5,95.6,OpenPlay
Pass,65,23,23072,13,Successful,74.1,97.1,79.5,94.1,OpenPlay
Pass,65,25,25244,13,Successful,79.7,94.1,77.9,84.4,OpenPlay
TakeOn,65,28,23072,13,Unsuccessful,89.8,81.2,,,OpenPlay
Tackle,65,28,188,31,Successful,10.2,18.8,,,OpenPlay
BallRecovery,65,29,188,31,Successful,14.0,26.8,,,OpenPlay
Pass,65,31,188,31,Successful,17.6,32.4,26.2,41.2,OpenPlay
Pass,65,34,5625,31,Successful,27.3,28.0,41.6,5.5,OpenPlay
Pass,65,40,98317,31,Successful,43.8,8.8,58.3,91.8,OpenPlay
Pass,65,43,131523,31,Successful,58.5,93.6,71.5,91.7,OpenPlay
Pass,65,48,78498,31,Unsuccessful,88.9,73.9,88.9,45.1,OpenPlay
Clearance,65,49,23072,13,Successful,12.7,51.0,27.3,27.7,OpenPlay
Foul,65,55,188,31,Unsuccessful,70.0,73.0,,,OpenPlay
Foul,65,55,13756,13,Successful,30.0,27.0,,,OpenPlay
Card,66,2,188,31,Successful,0.0,0.0,,,OpenPlay
Pass,66,28,6775,13,Unsuccessful,28.6,27.4,70.6,31.2,OpenPlay
Interception,66,32,121454,31,Successful,27.5,63.7,,,OpenPlay
BallRecovery,66,34,188,31,Successful,37.5,75.1,,,OpenPlay
Pass,66,35,188,31,Unsuccessful,38.5,77.3,84.1,93.9,OpenPlay
KeeperSweeper,66,38,6775,13,Successful,0.0,0.0,,,OpenPlay
BallRecovery,66,39,6775,13,Successful,17.6,4.7,,,OpenPlay
Pass,66,42,6775,13,Successful,17.6,4.7,57,33.1,OpenPlay
BallTouch,66,45,24444,13,Unsuccessful,57.0,33.1,,,OpenPlay
Pass,66,48,92547,31,Successful,51.2,73.8,45.6,66,OpenPlay
BallRecovery,66,49,31281,31,Successful,45.6,66.0,,,OpenPlay
Pass,66,51,31281,31,Successful,53.2,64.8,61.7,76.1,OpenPlay
Pass,66,53,92547,31,Successful,62.7,78.7,63.9,94.2,OpenPlay
Pass,66,56,5625,31,Successful,63.6,91.1,74.4,72.1,OpenPlay
Pass,66,56,78498,31,Successful,74.3,72.1,64.8,73,OpenPlay
Pass,66,58,5625,31,Successful,65.2,73.0,55.7,48.7,OpenPlay
Pass,67,1,98317,31,Successful,55.9,35.1,63.3,6.5,OpenPlay
TakeOn,67,9,31826,31,Unsuccessful,88.3,8.3,,,OpenPlay
BallRecovery,67,10,4522,13,Successful,7.6,80.5,,,OpenPlay
Interception,67,11,4522,13,Successful,7.6,80.5,,,OpenPlay
Pass,67,12,23072,13,Unsuccessful,9.9,92.3,16.5,85.7,OpenPlay
Error,67,13,23072,13,Successful,9.4,91.1,,,OpenPlay
Interception,67,14,98317,31,Successful,80.4,11.7,,,OpenPlay
Pass,67,16,98317,31,Successful,86.5,28.9,80.3,39.7,OpenPlay
SavedShot,67,18,92547,31,Successful,81.5,39.8,,,Assisted
Save,67,18,6775,13,Successful,2.0,51.0,,,OpenPlay
KeeperPickup,67,18,6775,13,Successful,2.0,51.0,,,OpenPlay
Pass,67,39,6775,13,Successful,14.4,66.7,66.2,56.3,OpenPlay
Pass,67,43,24444,13,Successful,66.2,56.3,69.4,54.8,OpenPlay
Pass,67,44,25244,13,Unsuccessful,70.3,54.8,80.5,40.3,OpenPlay
BallRecovery,67,47,121454,31,Successful,20.1,59.7,,,OpenPlay
Pass,67,48,121454,31,Successful,19.0,58.7,28.8,80.3,OpenPlay
Pass,67,51,131523,31,Successful,28.9,81.4,43.8,76,OpenPlay
Pass,67,54,5625,31,Successful,44.1,77.6,27.8,80.6,OpenPlay
Pass,67,57,121454,31,Unsuccessful,32.2,81.8,62.7,66.4,OpenPlay
Interception,68,0,30051,13,Successful,32.7,36.3,,,OpenPlay
BallRecovery,68,2,30051,13,Successful,33.4,21.3,,,OpenPlay
Pass,68,2,30051,13,Successful,33.5,17.6,45.1,3.7,OpenPlay
Pass,68,3,125211,13,Successful,45.1,3.8,46.5,21.9,OpenPlay
Pass,68,7,84146,13,Successful,48.2,23.4,56.5,56.6,OpenPlay
Pass,68,9,4522,13,Successful,56.4,52.4,59.4,32.2,OpenPlay
Pass,68,11,84146,13,Successful,66.7,30.7,65.8,3.4,OpenPlay
Pass,68,15,13756,13,Successful,67.4,9.8,61.8,33,OpenPlay
Pass,68,18,69738,13,Successful,61.8,33.0,64.7,41.8,OpenPlay
Pass,68,19,4522,13,Successful,64.7,41.8,66.2,23.1,OpenPlay
Pass,68,21,84146,13,Successful,65.8,25.2,63.1,32.7,OpenPlay
Pass,68,22,69738,13,Successful,63.1,32.7,62.3,8.3,OpenPlay
Pass,68,24,125211,13,Successful,62.3,8.3,62.9,20.1,OpenPlay
Pass,68,25,84146,13,Successful,62.9,20.1,72.8,35.8,OpenPlay
Pass,68,27,13756,13,Successful,72.8,35.8,83.4,28.5,OpenPlay
ShotOnPost,68,29,24444,13,Successful,84.9,30.7,,,Assisted
BallRecovery,68,34,98317,31,Successful,18.8,15.2,,,OpenPlay
Pass,68,38,98317,31,Unsuccessful,7.4,26.4,25.1,38,OpenPlay
BallRecovery,68,39,69738,13,Successful,72.0,61.7,,,OpenPlay
Pass,68,39,69738,13,Successful,72.0,61.7,74.5,45.5,OpenPlay
Dispossessed,68,42,24444,13,Successful,75.6,50.8,,,OpenPlay
Tackle,68,42,188,31,Successful,24.4,49.2,,,OpenPlay
BallRecovery,68,43,92547,31,Successful,30.4,45.7,,,OpenPlay
Foul,68,53,92547,31,Successful,34.8,83.8,,,OpenPlay
Foul,68,53,24444,13,Unsuccessful,65.2,16.2,,,OpenPlay
Card,68,56,24444,13,Successful,0.0,0.0,,,OpenPlay
SubstitutionOn,69,37,15834,31,Successful,0.0,0.0,,,OpenPlay
SubstitutionOff,69,37,5625,31,Successful,0.0,0.0,,,OpenPlay
Pass,69,45,121454,31,Successful,35.0,86.8,38.6,31.8,OpenPlay
Pass,69,49,101374,31,Successful,43.7,32.2,40,67.8,OpenPlay
Pass,69,50,121454,31,Successful,40.0,67.8,53.4,66.3,OpenPlay
Pass,69,54,92547,31,Successful,49.8,66.1,41.5,35.5,OpenPlay
OffsideGiven,70,,78498,31,Unsuccessful,81.3,55.1,,,OpenPlay
Pass,70,0,101374,31,Unsuccessful,54.3,26.1,65.1,23.9,OpenPlay
Interception,70,0,25244,13,Successful,31.9,74.4,,,OpenPlay
BallRecovery,70,1,4522,13,Successful,24.0,71.1,,,OpenPlay
Pass,70,2,4522,13,Successful,24.0,71.1,21.8,61.7,OpenPlay
Pass,70,3,30051,13,Unsuccessful,22.6,62.1,28.5,64.8,OpenPlay
BallRecovery,70,4,31281,31,Successful,69.4,38.5,,,OpenPlay
OffsidePass,70,4,31281,31,Successful,69.4,38.5,81.3,55.1,OpenPlay
OffsideProvoked,70,4,76810,13,Successful,21.1,56.7,,,OpenPlay
Pass,70,29,6775,13,Successful,18.5,54.0,69.9,67.2,OpenPlay
Pass,70,32,24444,13,Unsuccessful,69.9,67.2,59.4,78.1,OpenPlay
Pass,70,34,31281,31,Unsuccessful,37.0,28.2,42.1,28.3,OpenPlay
BlockedPass,70,35,4522,13,Successful,59.4,78.1,,,OpenPlay
Pass,71,0,31826,31,Successful,37.1,0.0,59,3.7,OpenPlay
Aerial,71,1,78498,31,Successful,59.4,4.3,,,OpenPlay
Aerial,71,1,30051,13,Unsuccessful,40.6,95.7,,,OpenPlay
Pass,71,2,78498,31,Successful,59.0,3.7,64,17.3,OpenPlay
Pass,71,5,15834,31,Successful,67.5,14.7,76.3,3.4,OpenPlay
TakeOn,71,5,78498,31,Successful,77.9,3.1,,,OpenPlay
Challenge,71,5,30051,13,Unsuccessful,22.1,96.9,,,OpenPlay
Pass,71,8,78498,31,Unsuccessful,92.4,8.0,86.4,46.9,OpenPlay
Clearance,71,9,84146,13,Unsuccessful,14.4,48.2,0,47.6,OpenPlay
CornerAwarded,71,10,78498,31,Successful,93.6,49.6,,,OpenPlay
CornerAwarded,71,10,84146,13,Unsuccessful,6.4,50.4,,,OpenPlay
Pass,71,35,92547,31,Unsuccessful,99.7,99.5,95.2,52.2,OpenPlay
Claim,71,36,6775,13,Successful,4.6,47.6,,,OpenPlay
Pass,71,48,6775,13,Successful,15.2,54.6,27.5,66,OpenPlay
Pass,71,54,30051,13,Unsuccessful,45.0,55.0,70.4,73.6,OpenPlay
Clearance,71,58,31826,31,Successful,29.1,18.6,43.8,13.7,OpenPlay
Pass,72,0,4522,13,Successful,60.5,85.3,73.7,97.5,OpenPlay
BallTouch,72,1,25244,13,Unsuccessful,73.7,97.5,,,OpenPlay
BallRecovery,72,4,31826,31,Successful,22.0,3.1,,,OpenPlay
Pass,72,4,31826,31,Successful,22.0,3.1,10.3,36,OpenPlay
Pass,72,7,5582,31,Unsuccessful,11.1,36.0,63.1,36.4,OpenPlay
Pass,72,12,76810,13,Unsuccessful,36.0,59.6,75.2,65.2,OpenPlay
Pass,72,19,101374,31,Successful,28.3,39.5,35.2,63.9,OpenPlay
TakeOn,72,24,92547,31,Successful,46.2,53.5,,,OpenPlay
Challenge,72,24,24444,13,Unsuccessful,53.8,46.5,,,OpenPlay
Pass,72,27,92547,31,Successful,53.7,40.1,59,31.6,OpenPlay
Pass,72,29,31281,31,Successful,64.8,21.8,72.6,3.7,OpenPlay
Pass,72,33,98317,31,Unsuccessful,84.4,9.7,85.3,18.2,OpenPlay
Clearance,72,33,23072,13,Successful,13.9,81.1,13.9,81.1,OpenPlay
Pass,73,0,31826,31,Successful,92.1,0.0,93.8,6.7,OpenPlay
Pass,73,1,78498,31,Successful,93.8,6.7,89.8,2.3,OpenPlay
Dispossessed,73,3,31826,31,Successful,89.8,3.2,,,OpenPlay
Tackle,73,3,4522,13,Successful,10.2,96.8,,,OpenPlay
BallRecovery,73,4,25244,13,Successful,19.6,95.1,,,OpenPlay
Pass,73,5,25244,13,Successful,19.8,95.6,14.1,97.7,OpenPlay
Pass,73,6,4522,13,Successful,14.5,94.1,11.7,93,OpenPlay
Pass,73,7,13756,13,Successful,11.7,97.5,21.2,97.5,OpenPlay
Pass,73,9,25244,13,Unsuccessful,23.5,97.2,56.5,76.4,OpenPlay
BallRecovery,73,13,121454,31,Successful,44.6,14.9,,,OpenPlay
Pass,73,14,121454,31,Successful,44.6,14.9,14.7,33.3,OpenPlay
Pass,73,18,5582,31,Successful,14.9,36.0,37.5,78.5,OpenPlay
Pass,73,23,101374,31,Successful,37.5,78.5,37.8,60.6,OpenPlay
Pass,73,24,188,31,Successful,37.8,60.6,45.9,63.6,OpenPlay
Pass,73,28,92547,31,Successful,56.1,48.2,68.3,36.1,OpenPlay
Pass,73,30,78498,31,Successful,68.4,36.3,66.4,28.5,OpenPlay
Pass,73,32,31826,31,Successful,67.7,28.6,63.7,35.5,OpenPlay
Pass,73,33,92547,31,Successful,63.3,35.5,71.5,6.2,OpenPlay
Pass,73,38,98317,31,Unsuccessful,82.7,10.3,82.9,14.6,OpenPlay
Clearance,73,38,25244,13,Successful,18.9,91.3,,,OpenPlay
Pass,73,43,98317,31,Successful,87.2,1.9,79.9,5.9,OpenPlay
Pass,73,45,31281,31,Successful,78.6,8.0,96.6,59.9,OpenPlay
MissedShots,73,49,131523,31,Successful,96.9,59.9,,,Assisted
Pass,74,18,6775,13,Unsuccessful,4.8,42.1,72.5,42.9,OpenPlay
BallRecovery,74,24,121454,31,Successful,28.8,44.6,,,OpenPlay
Pass,74,25,121454,31,Successful,28.8,44.6,10.6,42.4,OpenPlay
Pass,74,26,5582,31,Successful,10.6,42.4,20.5,59.1,OpenPlay
Pass,74,31,121454,31,Successful,29.3,73.8,47.5,97.4,OpenPlay
BallTouch,74,33,131523,31,Unsuccessful,46.7,97.8,,,OpenPlay
Pass,74,54,125211,13,Successful,49.0,0.0,62.2,3.1,OpenPlay
Pass,74,55,24444,13,Successful,62.2,3.1,52.2,1.9,OpenPlay
Pass,74,57,125211,13,Successful,52.2,1.9,56,14,OpenPlay
Pass,74,58,13756,13,Successful,57.4,18.8,64.2,35.4,OpenPlay
OffsideGiven,75,,15834,31,Unsuccessful,78.8,88.7,,,OpenPlay
Pass,75,1,4522,13,Successful,68.8,23.1,78.5,3.4,OpenPlay
TakeOn,75,9,84146,13,Unsuccessful,87.9,28.2,,,OpenPlay
Tackle,75,9,131523,31,Successful,12.1,71.8,,,OpenPlay
BallRecovery,75,11,92547,31,Successful,25.0,66.7,,,OpenPlay
Pass,75,14,92547,31,Unsuccessful,19.9,59.9,43.5,32.2,OpenPlay
Pass,75,16,23072,13,Unsuccessful,58.4,67.8,68.6,62.4,OpenPlay
Pass,75,18,31281,31,Unsuccessful,32.1,37.4,34.6,35.1,OpenPlay
BlockedPass,75,18,25244,13,Successful,66.4,63.9,,,OpenPlay
BallRecovery,75,19,25244,13,Successful,58.8,63.1,,,OpenPlay
Pass,75,19,25244,13,Successful,58.8,63.3,36.5,62.6,OpenPlay
Pass,75,21,30051,13,Successful,31.0,62.1,9.7,54,OpenPlay
Pass,75,24,6775,13,Successful,9.7,54.0,66.4,51,OpenPlay
BallTouch,75,28,13756,13,Unsuccessful,66.6,51.5,,,OpenPlay
BallRecovery,75,32,121454,31,Successful,24.7,44.9,,,OpenPlay
Pass,75,39,121454,31,Successful,34.2,76.4,42.1,65.1,OpenPlay
Pass,75,42,31281,31,Successful,45.7,67.2,58.2,88.7,OpenPlay
OffsidePass,75,44,188,31,Successful,60.6,90.8,78.8,88.7,OpenPlay
OffsideProvoked,75,44,30051,13,Successful,32.9,41.6,,,OpenPlay
Pass,76,8,6775,13,Unsuccessful,30.9,28.0,76.5,22.5,OpenPlay
Clearance,76,12,121454,31,Unsuccessful,20.3,78.5,33,100,OpenPlay
Pass,76,19,125211,13,Successful,64.2,0.0,74.3,7.3,OpenPlay
Pass,76,21,13756,13,Successful,74.3,7.3,68.3,3.2,OpenPlay
Pass,76,23,125211,13,Successful,67.3,13.5,76.3,28.9,OpenPlay
Pass,76,26,69738,13,Successful,78.3,37.0,80.7,61.4,OpenPlay
Dispossessed,76,28,25244,13,Successful,79.6,64.8,,,OpenPlay
Tackle,76,28,31826,31,Successful,20.4,35.2,,,OpenPlay
Foul,76,31,92547,31,Successful,27.0,45.4,,,OpenPlay
Foul,76,31,4522,13,Unsuccessful,74.6,50.3,,,OpenPlay
Pass,76,53,5582,31,Successful,24.2,43.4,84.4,9.1,OpenPlay
Foul,76,57,98317,31,Successful,79.0,8.8,,,OpenPlay
Foul,76,57,23072,13,Unsuccessful,21.0,91.2,,,OpenPlay
Pass,77,45,92547,31,Unsuccessful,85.0,11.7,89.5,44.8,OpenPlay
Aerial,77,47,121454,31,Unsuccessful,89.2,44.8,,,OpenPlay
Aerial,77,47,24444,13,Successful,10.8,55.2,,,OpenPlay
Clearance,77,47,24444,13,Successful,10.8,53.6,21.6,30.9,OpenPlay
SavedShot,77,49,15834,31,Successful,78.8,64.3,,,OpenPlay
Save,77,49,84146,13,Successful,18.1,33.0,,,OpenPlay
CornerAwarded,77,50,15834,31,Successful,79.2,66.0,,,OpenPlay
CornerAwarded,77,50,84146,13,Unsuccessful,20.8,34.0,,,OpenPlay
Pass,78,3,15834,31,Successful,99.5,99.5,78.9,88.3,OpenPlay
Pass,78,6,188,31,Successful,78.9,88.3,72.1,68.7,OpenPlay
Pass,78,9,131523,31,Successful,72.7,76.0,93.4,83.9,OpenPlay
Pass,78,12,15834,31,Successful,93.4,83.9,86.1,90.8,OpenPlay
Pass,78,13,188,31,Successful,86.1,90.8,79.5,62.6,OpenPlay
TakeOn,78,17,92547,31,Successful,77.6,72.4,,,OpenPlay
Challenge,78,17,24444,13,Unsuccessful,22.4,27.6,,,OpenPlay
Pass,78,19,92547,31,Successful,76.3,77.8,80.2,93.8,OpenPlay
Pass,78,21,188,31,Successful,82.3,93.5,92,44.3,OpenPlay
Aerial,78,23,78498,31,Successful,91.7,44.3,,,OpenPlay
Aerial,78,23,30051,13,Unsuccessful,8.3,55.7,,,OpenPlay
ShotOnPost,78,24,78498,31,Successful,92.0,44.3,,,Assisted
Pass,78,54,6775,13,Unsuccessful,5.1,41.3,67.1,28.8,OpenPlay
Pass,78,59,121454,31,Unsuccessful,32.3,69.2,60.2,68.9,OpenPlay
Pass,79,0,76810,13,Successful,35.1,31.9,56.9,32.4,OpenPlay
Pass,79,1,24444,13,Unsuccessful,56.9,32.4,68.4,49.9,OpenPlay
BallRecovery,79,3,101374,31,Successful,26.8,46.0,,,OpenPlay
Pass,79,7,101374,31,Successful,30.2,40.1,56.8,3.1,OpenPlay
BallTouch,79,13,98317,31,Unsuccessful,59.6,2.0,,,OpenPlay
Pass,79,24,23072,13,Successful,46.7,100.0,55.3,88.3,OpenPlay
Pass,79,26,13756,13,Successful,55.3,88.3,43.9,96.6,OpenPlay
Pass,79,27,23072,13,Successful,43.8,96.9,43,87.5,OpenPlay
Challenge,79,28,31281,31,Unsuccessful,54.0,13.8,,,OpenPlay
TakeOn,79,28,4522,13,Successful,46.0,86.2,,,OpenPlay
Pass,79,30,4522,13,Successful,65.1,72.4,68.8,86,OpenPlay
Pass,79,32,13756,13,Successful,68.1,86.3,78.1,89.9,OpenPlay
Pass,79,35,25244,13,Successful,75.8,90.5,62,65.7,OpenPlay
Pass,79,37,69738,13,Successful,60.2,65.2,55.3,41.3,OpenPlay
Pass,79,39,76810,13,Successful,55.3,41.3,64.1,16.7,OpenPlay
Pass,79,43,125211,13,Successful,67.0,15.6,77.4,2.5,OpenPlay
Dispossessed,79,52,84146,13,Successful,98.1,4.6,,,OpenPlay
Tackle,79,52,131523,31,Unsuccessful,1.9,95.4,,,OpenPlay
BallTouch,79,54,84146,13,Unsuccessful,92.5,2.2,,,OpenPlay
SubstitutionOff,80,50,84146,13,Successful,0.0,0.0,,,OpenPlay
SubstitutionOn,80,50,6321,13,Successful,0.0,0.0,,,OpenPlay
Pass,81,9,131523,31,Unsuccessful,11.0,100.0,23.5,97.3,OpenPlay
Interception,81,10,13756,13,Successful,78.0,1.9,,,OpenPlay
BallRecovery,81,10,13756,13,Successful,78.0,1.9,,,OpenPlay
Pass,81,11,13756,13,Successful,78.0,1.9,79.9,7.1,OpenPlay
BallTouch,81,12,6321,13,Unsuccessful,79.9,7.1,,,OpenPlay
BlockedPass,81,13,188,31,Successful,23.2,90.8,,,OpenPlay
BallTouch,81,14,24444,13,Unsuccessful,81.2,18.0,,,OpenPlay
TakeOn,81,15,92547,31,Successful,25.3,77.5,,,OpenPlay
Challenge,81,15,6321,13,Unsuccessful,74.7,22.5,,,OpenPlay
BallRecovery,81,16,92547,31,Successful,23.2,82.1,,,OpenPlay
TakeOn,81,16,92547,31,Successful,23.2,76.8,,,OpenPlay
Challenge,81,16,4522,13,Unsuccessful,76.8,23.2,,,OpenPlay
Foul,81,21,92547,31,Successful,27.2,63.8,,,OpenPlay
Foul,81,21,6321,13,Unsuccessful,72.8,36.2,,,OpenPlay
Pass,81,25,101374,31,Unsuccessful,26.3,65.5,58.6,38.6,OpenPlay
Interception,81,27,30051,13,Successful,47.3,64.8,,,OpenPlay
BallRecovery,81,28,6321,13,Successful,55.2,59.3,,,OpenPlay
Pass,81,28,6321,13,Successful,54.3,59.3,46.4,57.6,OpenPlay
Pass,81,29,69738,13,Successful,46.4,57.6,68,61.4,OpenPlay
Pass,81,31,4522,13,Successful,63.5,61.2,66.7,48.4,OpenPlay
Pass,81,34,6321,13,Successful,72.2,42.5,74.8,24,OpenPlay
Pass,81,38,13756,13,Successful,74.9,43.9,80.2,69,OpenPlay
Pass,81,43,4522,13,Successful,77.8,64.5,89.3,16.4,OpenPlay
Challenge,81,48,15834,31,Unsuccessful,12.4,73.3,,,OpenPlay
TakeOn,81,48,125211,13,Successful,87.6,26.7,,,OpenPlay
Pass,81,51,125211,13,Successful,92.5,33.8,92.3,41.5,OpenPlay
TakeOn,81,52,6321,13,Unsuccessful,92.4,41.7,,,OpenPlay
Tackle,81,52,121454,31,Unsuccessful,7.6,58.3,,,OpenPlay
BallTouch,81,53,6321,13,Successful,93.7,41.0,,,OpenPlay
Pass,82,15,5582,31,Unsuccessful,4.2,58.1,42.5,51,OpenPlay
Interception,82,16,6321,13,Successful,57.4,49.3,,,OpenPlay
KeeperPickup,82,18,5582,31,Successful,10.7,47.0,,,OpenPlay
Pass,82,19,5582,31,Successful,10.7,47.0,14.7,67.2,OpenPlay
Pass,82,21,121454,31,Successful,14.7,67.2,9.1,44,OpenPlay
Pass,82,22,5582,31,Successful,9.1,44.0,15,38.6,OpenPlay
Pass,82,31,101374,31,Successful,40.1,37.0,34.2,14.9,OpenPlay
Pass,82,34,31826,31,Unsuccessful,35.9,12.0,67.7,8.3,OpenPlay
Pass,82,35,30051,13,Unsuccessful,30.1,85.6,28.4,100,OpenPlay
Pass,82,47,31826,31,Successful,73.1,0.0,77.4,8.9,OpenPlay
Pass,82,50,98317,31,Unsuccessful,72.9,13.0,75.9,29.5,OpenPlay
Interception,82,51,6321,13,Successful,27.3,72.0,,,OpenPlay
BallRecovery,82,52,69738,13,Successful,24.8,77.2,,,OpenPlay
Pass,82,52,69738,13,Successful,24.8,77.2,13.3,73.5,OpenPlay
Pass,82,53,30051,13,Successful,13.3,73.5,12.4,83.9,OpenPlay
BallTouch,82,54,23072,13,Successful,12.4,83.9,,,OpenPlay
Dispossessed,82,57,4522,13,Successful,19.4,95.8,,,OpenPlay
Tackle,82,57,98317,31,Successful,80.6,4.2,,,OpenPlay
TakeOn,82,58,98317,31,Successful,81.7,5.8,,,OpenPlay
Challenge,82,58,4522,13,Unsuccessful,18.3,94.2,,,OpenPlay
BallRecovery,83,0,98317,31,Successful,82.5,15.8,,,OpenPlay
Dispossessed,83,1,98317,31,Successful,89.0,24.6,,,OpenPlay
Tackle,83,1,23072,13,Successful,11.0,75.4,,,OpenPlay
BallRecovery,83,2,23072,13,Successful,3.9,84.8,,,OpenPlay
Clearance,83,3,23072,13,Successful,1.8,91.7,14,100,OpenPlay
Pass,83,12,31826,31,Successful,87.9,0.0,93.8,18,OpenPlay
Pass,83,15,15834,31,Successful,96.3,5.8,91.5,2.5,OpenPlay
Pass,83,16,98317,31,Successful,91.5,2.5,94.7,23.7,OpenPlay
Clearance,83,18,69738,13,Successful,3.2,75.4,,,OpenPlay
Pass,83,18,31826,31,Unsuccessful,94.7,23.7,94.2,25.3,OpenPlay
BallTouch,83,19,6321,13,Successful,2.8,72.6,,,OpenPlay
BallRecovery,83,21,6321,13,Successful,1.3,73.9,,,OpenPlay
Pass,83,22,6321,13,Successful,1.3,73.9,7.7,78.8,OpenPlay
Pass,83,23,23072,13,Successful,7.7,78.8,16.2,93.5,OpenPlay
Pass,83,28,25244,13,Successful,49.3,85.6,62.2,96.5,OpenPlay
Pass,83,30,4522,13,Successful,61.0,88.0,71.8,11.6,OpenPlay
Pass,83,37,13756,13,Successful,69.8,8.2,73.3,35.8,OpenPlay
Pass,83,39,6321,13,Successful,73.3,35.8,71.6,9.8,OpenPlay
Pass,83,44,13756,13,Successful,72.7,16.7,75.6,67.3,OpenPlay
Pass,83,49,4522,13,Unsuccessful,77.2,59.0,81.6,54.4,OpenPlay
Interception,83,50,31281,31,Successful,20.3,41.9,,,OpenPlay
BallTouch,83,51,6321,13,Unsuccessful,89.9,53.0,,,OpenPlay
Clearance,83,52,121454,31,Successful,8.4,54.2,12.6,44.6,OpenPlay
Aerial,83,54,5582,31,Unsuccessful,12.0,46.6,,,OpenPlay
Aerial,83,54,24444,13,Successful,88.0,53.4,,,OpenPlay
MissedShots,83,55,24444,13,Successful,88.9,51.3,,,OpenPlay
Clearance,83,59,101374,31,Successful,5.6,34.3,36.6,18.3,OpenPlay
Pass,84,1,23072,13,Successful,68.5,79.1,78,87.2,OpenPlay
Pass,84,6,25244,13,Unsuccessful,83.3,73.8,87.4,68.7,OpenPlay
Interception,84,9,31826,31,Successful,12.0,29.7,,,OpenPlay
Pass,84,10,31826,31,Unsuccessful,12.5,29.5,57,46.3,OpenPlay
Pass,84,12,76810,13,Successful,45.7,48.8,48.7,33.4,OpenPlay
Aerial,84,12,78498,31,Unsuccessful,55.2,48.8,,,OpenPlay
Aerial,84,12,76810,13,Successful,44.8,51.2,,,OpenPlay
BallRecovery,84,13,125211,13,Successful,48.7,33.4,,,OpenPlay
Pass,84,14,125211,13,Successful,57.9,23.0,66.3,4.1,OpenPlay
Pass,84,20,13756,13,Successful,65.8,5.3,73.9,2.5,OpenPlay
Pass,84,22,125211,13,Successful,73.9,2.5,63.6,4.6,OpenPlay
Pass,84,25,13756,13,Successful,61.0,4.9,46.8,19.4,OpenPlay
Pass,84,28,76810,13,Successful,46.7,19.4,55.6,34.9,OpenPlay
Challenge,84,33,188,31,Unsuccessful,28.2,63.3,,,OpenPlay
TakeOn,84,33,69738,13,Successful,71.8,36.7,,,OpenPlay
Pass,84,34,69738,13,Successful,74.5,38.2,81.8,49.9,OpenPlay
Pass,84,35,24444,13,Unsuccessful,81.8,49.9,82.5,57.9,OpenPlay
Clearance,84,37,31826,31,Successful,18.2,43.6,56.3,66.4,OpenPlay
BallRecovery,84,40,76810,13,Successful,47.1,20.6,,,OpenPlay
Pass,84,41,76810,13,Successful,49.5,18.9,73.2,3.2,OpenPlay
Pass,84,46,13756,13,Successful,82.3,23.7,83.7,45.5,OpenPlay
MissedShots,84,47,6321,13,Successful,83.7,45.5,,,Assisted
Pass,85,3,5582,31,Successful,5.0,63.0,19.6,87.8,OpenPlay
Pass,85,4,121454,31,Successful,19.6,87.8,9.8,59.1,OpenPlay
Pass,85,8,5582,31,Successful,10.5,58.8,22.5,88.1,OpenPlay
Pass,85,15,121454,31,Unsuccessful,26.7,95.6,58.7,75.7,OpenPlay
Pass,85,16,69738,13,Successful,45.1,23.7,52.8,15.9,OpenPlay
BallRecovery,85,17,13756,13,Successful,52.8,15.9,,,OpenPlay
Pass,85,17,13756,13,Successful,52.8,15.9,61.3,2.2,OpenPlay
Pass,85,22,4522,13,Successful,61.1,24.4,84.3,14,OpenPlay
Pass,85,25,25244,13,Successful,84.3,14.0,89.4,49.9,BigChanceCreated
SavedShot,85,27,6321,13,Successful,89.4,49.9,,,Assisted
Save,85,27,5582,31,Successful,1.8,49.3,,,OpenPlay
KeeperPickup,85,28,5582,31,Successful,1.8,49.3,,,OpenPlay
Pass,85,33,5582,31,Successful,1.8,49.3,31.6,48.4,OpenPlay
Pass,85,35,188,31,Successful,31.6,48.4,46.8,79.3,OpenPlay
Pass,85,38,92547,31,Successful,54.4,91.5,80.9,84.4,OpenPlay
Pass,85,41,78498,31,Unsuccessful,95.2,75.3,93.4,57.3,OpenPlay
Clearance,85,42,30051,13,Successful,7.4,44.2,16.4,56.1,OpenPlay
SavedShot,85,44,98317,31,Successful,86.3,45.0,,,OpenPlay
Save,85,44,6775,13,Successful,7.3,53.3,,,OpenPlay
Clearance,85,46,30051,13,Successful,13.6,55.8,29.5,70.5,OpenPlay
Pass,85,49,31281,31,Successful,68.2,29.2,82.7,10.7,OpenPlay
Dispossessed,85,52,98317,31,Successful,79.7,12.0,,,OpenPlay
Tackle,85,52,24444,13,Successful,20.3,88.0,,,OpenPlay
BallRecovery,85,55,25244,13,Successful,48.4,81.2,,,OpenPlay
TakeOn,85,56,25244,13,Unsuccessful,48.8,83.1,,,OpenPlay
Tackle,85,56,101374,31,Unsuccessful,51.2,16.9,,,OpenPlay
BallTouch,85,57,25244,13,Successful,48.9,78.4,,,OpenPlay
BallRecovery,85,59,121454,31,Successful,47.0,46.9,,,OpenPlay
Pass,86,0,121454,31,Successful,45.6,53.6,17.7,45.8,OpenPlay
Pass,86,4,5582,31,Successful,17.7,45.8,30.5,26.2,OpenPlay
Pass,86,8,101374,31,Successful,23.8,25.9,34.7,38,OpenPlay
Pass,86,9,31281,31,Successful,34.7,38.0,22.2,39.8,OpenPlay
Pass,86,10,101374,31,Successful,22.2,39.8,29.4,76,OpenPlay
Pass,86,17,121454,31,Successful,45.8,78.5,60.1,62.7,OpenPlay
Pass,86,18,188,31,Unsuccessful,59.1,64.0,79.8,87.5,OpenPlay
Pass,86,20,125211,13,Successful,23.9,19.7,32.4,19.8,OpenPlay
BallRecovery,86,21,13756,13,Successful,32.4,19.8,,,OpenPlay
Pass,86,21,13756,13,Successful,32.4,19.8,32,28,OpenPlay
Pass,86,23,69738,13,Unsuccessful,32.0,28.0,33.2,28.2,OpenPlay
Foul,86,25,188,31,Unsuccessful,67.2,70.8,,,OpenPlay
Foul,86,25,,13,Successful,32.8,29.2,,,OpenPlay
Pass,87,1,6775,13,Successful,34.1,29.2,75,50.9,OpenPlay
Pass,87,4,24444,13,Successful,74.6,50.9,78.5,58.5,OpenPlay
Pass,87,6,4522,13,Successful,79.2,58.2,86.8,70.8,OpenPlay
SavedShot,87,7,25244,13,Successful,86.2,62.7,,,Assisted
Save,87,7,101374,31,Successful,12.6,39.5,,,OpenPlay
Pass,87,10,25244,13,Successful,78.7,63.3,74.1,54.3,OpenPlay
Pass,87,12,6321,13,Successful,74.1,54.3,67.5,49,OpenPlay
Pass,87,14,69738,13,Successful,67.6,65.1,70.3,93.2,OpenPlay
Pass,87,16,23072,13,Successful,70.2,95.0,58.3,75.6,OpenPlay
Pass,87,21,69738,13,Successful,57.1,95.0,63,95.4,OpenPlay
BallTouch,87,22,23072,13,Unsuccessful,63.2,97.0,,,OpenPlay
Pass,87,36,31826,31,Successful,31.2,0.0,25.2,8,OpenPlay
Pass,87,38,101374,31,Unsuccessful,25.2,8.0,68.3,21.9,OpenPlay
Aerial,87,39,78498,31,Unsuccessful,68.2,27.2,,,OpenPlay
Aerial,87,39,30051,13,Successful,31.8,72.8,,,OpenPlay
Pass,87,39,30051,13,Successful,31.0,67.3,42.1,66,OpenPlay
Pass,87,41,69738,13,Unsuccessful,42.0,67.3,36.6,81.1,OpenPlay
Pass,87,44,98317,31,Successful,57.1,13.4,64.1,5,OpenPlay
Pass,87,45,188,31,Successful,64.1,5.0,60.8,18.8,OpenPlay
Pass,87,47,98317,31,Successful,60.8,18.8,79.5,29.8,OpenPlay
SavedShot,87,51,15834,31,Successful,86.7,27.1,,,Assisted
Save,87,51,6775,13,Successful,1.8,49.6,,,OpenPlay
KeeperPickup,87,52,6775,13,Successful,1.8,49.6,,,OpenPlay
Pass,88,0,6775,13,Successful,13.9,36.9,30.5,8.9,OpenPlay
Foul,88,9,31281,31,Unsuccessful,61.4,95.6,,,OpenPlay
Foul,88,9,13756,13,Successful,38.6,4.4,,,OpenPlay
SubstitutionOff,88,34,31826,31,Successful,0.0,0.0,,,OpenPlay
SubstitutionOn,88,34,8943,31,Successful,0.0,0.0,,,OpenPlay
SubstitutionOff,88,41,25244,13,Successful,0.0,0.0,,,OpenPlay
SubstitutionOn,88,41,27550,13,Successful,0.0,0.0,,,OpenPlay
FormationChange,88,42,,13,Successful,0.0,0.0,,,OpenPlay
Pass,88,54,76810,13,Successful,42.0,7.7,21.6,40.1,OpenPlay
Pass,89,1,6775,13,Unsuccessful,23.7,43.6,78.7,31,OpenPlay
Clearance,89,6,121454,31,Successful,19.4,71.9,27.2,77.3,OpenPlay
Pass,89,6,13756,13,Successful,76.3,37.6,82.1,29.4,OpenPlay
Pass,89,7,24444,13,Successful,82.1,29.4,87.7,35.1,OpenPlay
Pass,89,15,13756,13,Successful,84.5,19.5,84.5,28,OpenPlay
Pass,89,16,24444,13,Successful,84.5,28.0,80.3,27.1,OpenPlay
ShotOnPost,89,18,13756,13,Successful,78.6,46.0,,,Assisted
Pass,89,39,5582,31,Successful,4.5,40.4,20,31.2,OpenPlay
Pass,89,40,101374,31,Unsuccessful,42.0,10.4,45.3,11.6,OpenPlay
BlockedPass,89,41,4522,13,Successful,58.1,87.1,,,OpenPlay
BallRecovery,89,43,4522,13,Successful,75.3,94.1,,,OpenPlay
Dispossessed,89,48,4522,13,Successful,81.8,96.9,,,OpenPlay
Tackle,89,48,188,31,Successful,18.2,3.1,,,OpenPlay
BallRecovery,89,51,101374,31,Successful,14.2,6.8,,,OpenPlay
Foul,89,52,101374,31,Successful,10.7,7.6,,,OpenPlay
Foul,89,52,4522,13,Unsuccessful,89.3,92.4,,,OpenPlay
Pass,90,10,5582,31,Unsuccessful,13.0,10.1,71.7,29.2,OpenPlay
Aerial,90,13,8943,31,Unsuccessful,72.4,38.4,,,OpenPlay
Aerial,90,13,30051,13,Successful,27.6,61.6,,,OpenPlay
Clearance,90,13,30051,13,Successful,27.3,65.5,30.1,65.5,OpenPlay
BallTouch,90,14,8943,31,Successful,70.1,30.6,,,OpenPlay
BallRecovery,90,16,6321,13,Successful,29.0,46.9,,,OpenPlay
Pass,90,16,6321,13,Successful,29.0,46.9,23.8,83,OpenPlay
Pass,90,18,23072,13,Successful,23.8,83.0,72.5,60.3,OpenPlay
Pass,90,21,24444,13,Successful,72.7,60.6,70.9,67.4,OpenPlay
Challenge,90,23,101374,31,Unsuccessful,29.2,33.4,,,OpenPlay
TakeOn,90,23,4522,13,Successful,70.8,66.6,,,OpenPlay
Pass,90,24,4522,13,Successful,70.8,65.5,71.9,62.5,OpenPlay
Pass,90,25,24444,13,Successful,72.3,65.1,82.1,81.8,OpenPlay
Foul,90,32,15834,31,Unsuccessful,1.4,7.4,,,OpenPlay
Foul,90,32,27550,13,Successful,98.6,92.6,,,OpenPlay
Pass,90,59,4522,13,Successful,98.0,94.2,94.1,84.4,OpenPlay
BallTouch,91,7,27550,13,Unsuccessful,98.7,97.7,,,OpenPlay
Pass,91,19,5582,31,Unsuccessful,4.3,38.9,56.3,100,OpenPlay
Pass,91,37,125211,13,Unsuccessful,51.7,0.0,69.2,9.8,OpenPlay
Interception,91,39,31281,31,Successful,31.1,89.6,,,OpenPlay
BallRecovery,91,41,31281,31,Successful,31.1,89.6,,,OpenPlay
Pass,91,42,31281,31,Unsuccessful,31.6,95.6,65.2,97.4,OpenPlay
Pass,91,44,76810,13,Successful,34.6,3.4,43.1,6.4,OpenPlay
Pass,91,45,125211,13,Unsuccessful,43.1,6.4,58.8,2.9,OpenPlay
BallTouch,91,47,131523,31,Unsuccessful,44.3,97.1,,,OpenPlay
Pass,91,55,125211,13,Successful,48.1,0.0,59.2,2.6,OpenPlay
Pass,91,57,13756,13,Successful,55.5,2.5,46.1,25.8,OpenPlay
Pass,91,58,69738,13,Successful,43.8,32.1,35,28.5,OpenPlay
Pass,92,2,30051,13,Successful,37.7,20.0,78.3,23.3,OpenPlay
BallTouch,92,4,24444,13,Unsuccessful,78.4,23.1,,,OpenPlay
BallRecovery,92,8,121454,31,Successful,19.5,84.1,,,OpenPlay
Pass,92,11,121454,31,Unsuccessful,22.4,97.8,45.7,87.5,OpenPlay
BallRecovery,92,11,69738,13,Successful,54.9,17.1,,,OpenPlay
Pass,92,12,69738,13,Successful,55.0,17.1,68.4,21,OpenPlay
Pass,92,13,4522,13,Successful,68.8,20.9,66.6,5.5,OpenPlay
Pass,92,19,13756,13,Successful,81.0,23.7,81.5,53.6,OpenPlay
Pass,92,21,4522,13,Successful,81.1,49.3,90.4,45.1,OpenPlay
Dispossessed,92,23,13756,13,Successful,90.6,43.0,,,OpenPlay
Tackle,92,23,121454,31,Unsuccessful,9.4,57.0,,,OpenPlay
Pass,92,26,13756,13,Successful,96.7,59.7,95.5,64.6,OpenPlay
Pass,92,27,27550,13,Successful,96.9,65.1,96.2,73.2,OpenPlay
Pass,92,28,13756,13,Successful,96.2,73.2,92.5,58.7,OpenPlay
Save,92,29,121454,31,Successful,10.1,40.3,,,OpenPlay
SavedShot,92,29,24444,13,Successful,91.7,60.2,,,Assisted
BallTouch,92,32,6321,13,Successful,85.2,46.1,,,OpenPlay
BallRecovery,92,33,188,31,Successful,18.2,47.8,,,OpenPlay
Pass,92,33,188,31,Successful,18.2,47.8,33.9,83.2,OpenPlay
Pass,92,38,98317,31,Successful,59.0,73.2,62.7,47.9,OpenPlay
Pass,92,41,92547,31,Successful,73.7,40.0,79.8,62.6,OpenPlay
Dispossessed,92,43,78498,31,Successful,88.4,67.1,,,OpenPlay
Tackle,92,43,76810,13,Successful,11.6,32.9,,,OpenPlay
Pass,92,51,98317,31,Successful,61.9,100.0,57.4,89.4,OpenPlay
Pass,92,53,188,31,Successful,57.4,89.4,78.6,95.6,OpenPlay
Pass,92,54,98317,31,Successful,81.6,93.9,80.7,71.2,OpenPlay
BallTouch,92,55,131523,31,Unsuccessful,80.7,71.2,,,OpenPlay
Pass,92,56,6321,13,Unsuccessful,15.4,30.7,23.3,36.7,OpenPlay
Pass,93,1,8943,31,Unsuccessful,75.7,71.8,78.3,61.1,OpenPlay
Interception,93,2,27550,13,Successful,21.6,41.6,,,OpenPlay
BallRecovery,93,3,69738,13,Successful,22.2,36.4,,,OpenPlay
Pass,93,3,69738,13,Successful,22.2,36.4,30.3,43,OpenPlay
Pass,93,8,24444,13,Successful,42.4,43.1,72.5,96.3,OpenPlay
TakeOn,93,21,13756,13,Unsuccessful,85.2,73.8,,,OpenPlay
Tackle,93,21,188,31,Unsuccessful,14.8,26.2,,,OpenPlay
Foul,93,24,188,31,Unsuccessful,14.4,17.6,,,OpenPlay
Foul,93,24,27550,13,Successful,85.6,82.4,,,OpenPlay
Card,93,28,188,31,Successful,0.0,0.0,,,OpenPlay
Pass,94,1,4522,13,Successful,85.1,81.5,83.5,79.9,OpenPlay
Pass,94,2,13756,13,Successful,83.5,79.9,85.6,82,OpenPlay
End,94,8,,13,Successful,0.0,0.0,,,OpenPlay
End,94,8,,31,Successful,0.0,0.0,,,OpenPlay
End,0,0,,13,Successful,0.0,0.0,,,OpenPlay
End,0,0,,31,Successful,0.0,0.0,,,OpenPlay
FormationSet,0,0,,13,Successful,0.0,0.0,,,OpenPlay
FormationSet,0,0,,31,Successful,0.0,0.0,,,OpenPlay
