player,player_id,team_name,team_id,mins_played,goals,total_shots,assists,chances_created,total_pass,accurate_pass,expected_goals
Aaron Cresswell,55459,West Ham United,21,3071,1,21,7,34,1299,1002,0.78
Aaron Lennon,17349,Burnley,90,1916,0,14,2,11,468,328,0.83
Aaron Mooy,74471,Huddersfield Town,38,3071,4,29,3,50,1902,1513,2.97
Aaron Ramsdale,225321,Bournemouth,91,0,0,0,0,0,0,0,0.0
Aaron Ramsey,41792,Arsenal,3,1846,7,56,8,28,1239,1052,6.14
Aaron Wan-Bissaka,214590,Crystal Palace,31,628,0,0,0,3,203,148,0.0
Abdelhamid Sabiri,246878,Huddersfield Town,38,219,0,5,1,3,98,66,0.26
Abdoulaye Doucouré,121599,Watford,57,3325,7,47,3,40,2244,1877,3.54
Adam Lallana,39155,Liverpool,14,235,0,11,0,7,220,189,1.48
Adam Legzdins,28609,Burnley,90,0,0,0,0,0,0,0,0.0
Adam Smith,54469,Bournemouth,91,2069,1,13,3,22,912,751,0.53
Ademola Lookman,219352,Everton,11,153,0,3,1,2,45,38,0.1
Adrian Mariappa,20145,Watford,57,2208,0,10,0,4,961,740,0.66
Adrien Silva,46483,Leicester City,13,761,0,11,1,7,433,353,0.33
Adrián,60706,West Ham United,21,1710,0,0,0,0,520,221,0.0
Ahmed Hegazi,77777,West Bromwich Albion,35,3387,2,14,0,7,1186,867,1.65
Ahmed Musa,90714,Leicester City,13,0,0,0,0,0,0,0,0.0
Aiden O'Neill,234483,Burnley,90,0,0,0,0,0,0,0,0.0
Ainsley Maitland-Niles,154043,Arsenal,3,908,0,5,0,8,536,457,0.24
Alberto Moreno,100059,Liverpool,14,1264,0,12,0,15,783,660,0.5
Aleksandar Dragovic,60598,Leicester City,13,767,0,1,0,0,337,287,0.07
Aleksandar Mitrovic,128389,Newcastle United,4,89,1,4,0,3,54,39,1.19
Alex Iwobi,153133,Arsenal,3,1843,3,45,5,36,1137,985,3.86
Alex McCarthy,58376,Southampton,20,1620,0,0,0,0,406,156,0.0
Alex Oxlade-Chamberlain,81880,Liverpool,14,1726,3,47,7,39,836,688,2.45
Alex Palmer,112520,West Bromwich Albion,35,0,0,0,0,0,0,0,0.0
Alex Pritchard,106450,Huddersfield Town,38,1002,1,20,1,21,344,246,1.19
Alexander Sørloth,143877,Crystal Palace,31,360,0,7,0,6,107,65,0.52
Alexandre Lacazette,59966,Arsenal,3,2211,14,68,4,36,723,554,13.69
Alexis Sánchez,37265,Manchester United,1,2553,9,88,6,77,1454,1075,10.97
Alfie Mawson,149266,Swansea City,80,3420,2,20,1,5,1744,1415,1.88
Alfie Whiteman,175941,Tottenham Hotspur,6,0,0,0,0,0,0,0,0.0
Ali Gabr,185431,West Bromwich Albion,35,0,0,0,0,0,0,0,0.0
Allan-Roméo Nyom,67527,West Bromwich Albion,35,2308,0,3,1,14,753,574,0.06
Ander Herrera,59846,Manchester United,1,1260,0,12,2,11,1042,913,0.37
Anders Lindegaard,39725,Burnley,90,0,0,0,0,0,0,0,0.0
Andre Gray,73426,Watford,57,1496,5,34,2,18,299,215,6.9
Andreas Christensen,135363,Chelsea,8,2070,0,12,0,4,1349,1260,0.89
Andrew Robertson,122798,Liverpool,14,1943,1,12,5,24,1421,1237,0.54
Andrew Surman,15237,Bournemouth,91,1852,2,18,5,16,1177,993,1.18
Andros Townsend,60252,Crystal Palace,31,3129,2,62,7,66,1023,804,2.99
André Ayew,45124,Swansea City,80,1843,3,26,4,16,582,458,5.17
André Carrillo,100412,Watford,57,1536,1,24,2,20,709,543,2.31
Andy Carroll,40142,West Ham United,21,746,3,28,0,7,248,152,1.82
Andy King,13152,Swansea City,80,1253,3,14,0,6,560,459,1.49
Angel Rangel,42996,Swansea City,80,155,0,0,0,1,95,83,0.0
Angelo Ogbonna,40669,West Ham United,21,2880,1,8,0,7,1013,808,0.68
Anthony Knockaert,83543,Brighton and Hove Albion,36,2426,3,46,1,32,984,820,4.13
Anthony Martial,148225,Manchester United,1,1581,9,49,5,33,731,599,6.38
Antonio Rüdiger,102380,Chelsea,8,2336,2,15,1,3,1709,1529,1.76
Arthur Masuaku,105717,West Ham United,21,1871,0,9,3,17,683,550,0.25
Artur Boruc,18726,Bournemouth,91,0,0,0,0,0,0,0,0.0
Ashley Barnes,44699,Burnley,90,2157,9,60,0,17,510,310,6.69
Ashley Westwood,60551,Burnley,90,1107,0,8,1,8,599,489,0.64
Ashley Williams,19159,Everton,11,1832,1,13,0,3,732,591,0.86
Ashley Young,18892,Manchester United,1,2445,2,18,4,26,1285,1022,0.78
Asmir Begovic,40349,Bournemouth,91,3420,0,0,0,1,945,485,0.0
Axel Tuanzebe,180804,Manchester United,1,1,0,0,0,0,0,0,0.0
Aymeric Laporte,146941,Manchester City,43,807,0,3,0,2,811,750,0.09
Ayoze Pérez,168580,Newcastle United,4,2494,8,60,5,36,718,512,6.21
Badou Ndiaye,163463,Stoke City,110,1140,2,19,1,7,337,278,1.59
Bakary Sako,44343,Crystal Palace,31,468,3,17,0,6,131,87,1.98
Ben Chilwell,172850,Leicester City,13,1852,0,6,2,21,901,666,0.2
Ben Davies,115556,Tottenham Hotspur,6,2325,2,18,6,47,1304,1045,1.07
Ben Foster,9089,West Bromwich Albion,35,3330,0,0,0,2,1079,497,0.0
Ben Hamer,38038,Leicester City,13,274,0,0,0,0,71,40,0.0
Ben Johnson,222018,West Ham United,21,0,0,0,0,0,0,0,0.0
Ben Mee,51927,Burnley,90,2610,0,25,0,6,1071,818,1.85
Ben Watson,16045,Watford,57,458,0,1,0,3,236,194,0.05
Ben Woodburn,182436,Liverpool,14,6,0,0,0,0,8,7,0.0
Beni Baningime,195855,Everton,11,193,0,0,0,0,82,67,0.0
Benik Afobe,88498,Bournemouth,91,533,0,8,0,2,152,112,1.75
Benjamin Mendy,102826,Manchester City,43,361,0,5,1,9,188,161,0.13
Beram Kayal,38490,Brighton and Hove Albion,36,740,0,4,0,12,227,179,0.23
Bernardo Silva,165809,Manchester City,43,1520,6,25,4,31,935,813,3.77
Boaz Myhill,12086,West Bromwich Albion,35,90,0,0,0,0,19,10,0.0
Bojan,40276,Stoke City,110,72,0,1,0,1,25,22,0.03
Brad Smith,120447,Bournemouth,91,0,0,0,0,0,0,0,0.0
Brahim Díaz,216183,Manchester City,43,50,0,3,0,0,28,25,0.48
Bruno,11352,Brighton and Hove Albion,36,2017,0,2,0,10,973,798,0.09
Bruno Martins Indi,85352,Stoke City,110,1246,0,4,0,3,351,281,1.01
Callum Hudson-Odoi,209046,Chelsea,8,27,0,2,0,0,16,12,0.08
Callum Wilson,75115,Bournemouth,91,1987,8,53,2,19,393,277,7.6
Calum Chambers,101184,Arsenal,3,869,0,10,0,2,600,500,1.4
Cameron Carter-Vickers,168763,Tottenham Hotspur,6,0,0,0,0,0,0,0,0.0
Carl Stewart,179725,Watford,57,0,0,0,0,0,0,0,0.0
Cenk Tosun,66838,Everton,11,991,5,19,0,15,263,185,2.94
Cesc Fàbregas,17878,Chelsea,8,2308,2,38,4,90,2190,1826,2.38
Chancel Mbemba,149736,Newcastle United,4,672,0,0,0,4,213,153,0.0
Charlie Adam,20208,Stoke City,110,408,0,10,0,6,246,156,1.64
Charlie Austin,78356,Southampton,20,1030,7,48,0,4,244,167,7.1
Charlie Daniels,41320,Bournemouth,91,3004,1,20,3,30,1568,1234,0.65
Charlie Taylor,103914,Burnley,90,949,0,0,0,4,326,218,0.0
Charly Musonda,171162,Chelsea,8,35,0,2,1,1,18,15,0.17
Cheikhou Kouyaté,55037,West Ham United,21,2801,2,23,3,16,955,725,2.66
Chicharito,43020,West Ham United,21,1543,8,29,0,21,373,274,4.96
Chris Brunt,19151,West Bromwich Albion,35,1921,0,25,7,37,882,649,1.83
Chris Löwe,54284,Huddersfield Town,38,1594,0,8,0,5,619,449,0.36
Chris Smalling,55909,Manchester United,1,2535,4,13,0,2,1137,996,1.71
Chris Wood,60689,Burnley,90,1633,10,39,1,11,415,250,7.27
Christian Atsu,104953,Newcastle United,4,1781,2,35,2,25,448,346,4.04
Christian Benteke,54861,Crystal Palace,31,2236,3,60,5,28,672,379,10.2
Christian Eriksen,80607,Tottenham Hotspur,6,3226,10,97,10,95,2258,1860,7.05
Christian Fuchs,37402,Leicester City,13,1918,0,11,1,18,896,664,0.54
Christian Kabasele,85624,Watford,57,2332,2,10,0,3,903,675,0.71
Christopher Schindler,85368,Huddersfield Town,38,3266,0,10,1,9,1389,1130,1.1
Ciaran Clark,58845,Newcastle United,4,1745,2,11,1,4,699,501,1.73
Claudio Bravo,33148,Manchester City,43,225,0,0,0,0,55,50,0.0
Claudio Yacob,55829,West Bromwich Albion,35,900,0,8,0,1,374,312,0.48
Collin Quaner,84112,Huddersfield Town,38,1272,0,16,4,17,422,313,1.42
Connor Goldson,85128,Brighton and Hove Albion,36,199,0,3,0,0,83,61,0.23
Connor Mahoney,169743,Bournemouth,91,0,0,0,0,0,0,0,0.0
Connor Roberts,192290,Swansea City,80,268,0,0,0,0,135,108,0.0
Conor Masterson,153477,Liverpool,14,0,0,0,0,0,0,0,0.0
Costel Pantilimon,56827,Watford,57,0,0,0,0,0,0,0,0.0
Craig Cathcart,41338,Watford,57,495,0,2,0,0,185,143,0.14
Craig Dawson,60232,West Bromwich Albion,35,2509,2,16,0,10,906,630,2.32
Cuco Martina,56192,Everton,11,1831,0,2,2,13,780,608,0.1
Curtis Jones,206915,Liverpool,14,0,0,0,0,0,0,0,0.0
Cédric Soares,58822,Southampton,20,2797,0,23,3,24,1275,935,0.73
César Azpilicueta,41328,Chelsea,8,3330,2,13,6,31,2760,2394,1.25
Dale Stephens,40845,Brighton and Hove Albion,36,3240,0,19,3,17,1757,1472,1.2
Daley Blind,58877,Manchester United,1,361,0,3,0,4,224,191,0.09
Damien Delaney,7906,Crystal Palace,31,95,0,0,0,0,38,30,0.0
Dan Gosling,40387,Bournemouth,91,1943,2,22,1,17,1062,820,2.06
Daniel Amartey,155569,Leicester City,13,488,0,0,0,0,250,199,0.0
Daniel Bachmann,154506,Watford,57,0,0,0,0,0,0,0,0.0
Daniel Drinkwater,61603,Chelsea,8,522,1,6,0,5,385,331,0.18
Daniel Sturridge,40755,West Bromwich Albion,35,547,2,24,1,16,158,125,2.48
Danilo,100180,Manchester City,43,1341,3,19,2,6,1111,999,1.12
Danny Ings,84939,Liverpool,14,265,1,8,0,3,76,47,1.12
Danny Rose,38290,Tottenham Hotspur,6,801,0,7,1,10,378,308,0.68
Danny Simpson,40725,Leicester City,13,2313,0,3,0,4,904,673,0.17
Danny Ward,95463,Liverpool,14,0,0,0,0,0,0,0,0.0
Danny Welbeck,50175,Arsenal,3,1185,5,32,2,13,392,313,5.6
Danny Williams,80755,Huddersfield Town,38,1116,0,12,0,4,414,319,0.41
Darren Fletcher,14295,Stoke City,110,2222,1,11,1,23,1048,823,0.36
Daryl Janmaat,52940,Watford,57,1822,3,24,0,12,768,583,1.84
David Luiz,41270,Chelsea,8,839,1,11,0,1,492,420,0.93
David Ospina,48844,Arsenal,3,380,0,0,0,0,117,81,0.0
David Silva,20664,Manchester City,43,2435,9,54,11,61,2429,2160,7.22
David de Gea,51940,Manchester United,1,3330,0,0,0,1,942,542,0.0
Davide Zappacosta,105700,Chelsea,8,1095,1,25,1,13,445,378,1.4
Davinson Sánchez,173904,Tottenham Hotspur,6,2535,0,9,0,4,1867,1670,0.52
Davy Klaassen,109065,Everton,11,250,0,2,0,2,99,79,0.07
Davy Pröpper,66242,Brighton and Hove Albion,36,3120,0,36,4,19,1387,1085,1.93
DeAndre Yedlin,151119,Newcastle United,4,2842,0,6,2,19,1000,750,0.15
Dean Marney,15982,Burnley,90,0,0,0,0,0,0,0,0.0
Dean Whitehead,5589,Huddersfield Town,38,68,0,0,0,0,50,42,0.0
Declan Rice,204480,West Ham United,21,1423,0,5,0,2,573,451,0.2
Dejan Lovren,38454,Liverpool,14,2125,2,14,1,6,1803,1595,1.36
Dele Alli,108823,Tottenham Hotspur,6,2970,9,69,10,64,1251,966,9.3
Demarai Gray,172632,Leicester City,13,1690,3,36,1,27,557,442,2.53
Diafra Sakho,73889,West Ham United,21,294,2,9,0,1,64,39,1.42
Didier Ndong,144660,Watford,57,0,0,0,0,0,0,0,0.0
Diego Cavalieri,51917,Crystal Palace,31,0,0,0,0,0,0,0,0.0
Dion Henry,199806,Crystal Palace,31,0,0,0,0,0,0,0,0.0
Divock Origi,152760,Liverpool,14,9,0,0,0,0,2,1,0.0
Dodi Lukébakio,219002,Watford,57,15,0,1,0,2,6,6,0.03
Domingos Quina,216058,West Ham United,21,0,0,0,0,0,0,0,0.0
Dominic Calvert-Lewin,177815,Everton,11,1875,4,43,6,20,493,300,4.9
Dominic Solanke,154566,Liverpool,14,583,1,22,1,15,197,148,3.49
Dujon Sterling,199583,Chelsea,8,0,0,0,0,0,0,0,0.0
Dusan Tadic,62399,Southampton,20,2810,6,40,3,59,1111,831,5.82
Dwight Gayle,104547,Newcastle United,4,1961,6,57,3,21,433,313,8.93
Dwight McNeil,433154,Burnley,90,1,0,0,0,0,1,1,0.0
Eddie Nketiah,205533,Arsenal,3,17,0,1,0,0,7,6,0.06
Eden Hazard,42786,Chelsea,8,2432,12,71,4,84,1369,1145,7.76
Ederson,121160,Manchester City,43,3195,0,0,0,1,928,792,0.0
Edimilson Fernandes,163526,West Ham United,21,845,0,7,1,7,268,210,0.3
Eduardo,41251,Chelsea,8,0,0,0,0,0,0,0,0.0
Eldin Jakupovic,11974,Leicester City,13,180,0,0,0,0,43,23,0.0
Eliaquim Mangala,57112,Everton,11,618,0,2,0,1,413,373,0.21
Elias Kachunga,87428,Huddersfield Town,38,1338,1,12,1,10,339,225,1.93
Emerson,109533,Chelsea,8,279,0,2,1,1,131,105,0.12
Emerson Hyndman,122342,Bournemouth,91,59,0,0,0,1,24,21,0.0
Emre Can,112338,Liverpool,14,2094,3,27,4,25,1543,1320,1.84
Erdal Rakip,163776,Crystal Palace,31,0,0,0,0,0,0,0,0.0
Eric Bailly,197365,Manchester United,1,1000,1,3,0,2,426,367,1.1
Eric Dier,93264,Tottenham Hotspur,6,2827,0,32,2,15,2248,1939,1.96
Eric Maxim Choupo-Moting,42564,Stoke City,110,2247,5,60,5,20,641,468,6.03
Erik Lamela,62974,Tottenham Hotspur,6,832,2,20,2,16,446,369,3.43
Erik Pieters,39487,Stoke City,110,2720,0,3,1,13,1000,716,0.09
Erwin Mulder,40346,Swansea City,80,0,0,0,0,0,0,0,0.0
Ethan Ampadu,199598,Chelsea,8,10,0,0,0,0,19,19,0.0
Etienne Capoue,38439,Watford,57,1541,1,23,0,8,875,721,0.83
Ezequiel Schelotto,74375,Brighton and Hove Albion,36,1315,0,6,0,5,455,344,0.24
Fabian Delph,41823,Manchester City,43,1746,1,10,2,11,1614,1501,0.25
Federico Fernández,57145,Swansea City,80,2677,1,8,1,6,1210,996,0.68
Fernandinho,27789,Manchester City,43,2885,5,47,3,21,2975,2679,2.08
Fernando Llorente,19760,Tottenham Hotspur,6,225,1,6,0,4,88,60,1.0
Fikayo Tomori,194794,Chelsea,8,0,0,0,0,0,0,0,0.0
Florent Hadergjonaj,172246,Huddersfield Town,38,1672,0,8,1,26,618,413,0.25
Florian Lejeune,77359,Newcastle United,4,2104,0,13,2,7,1071,823,0.62
Fousseni Diabaté,210207,Leicester City,13,583,0,6,1,7,227,179,0.53
Francis Coquelin,56864,Arsenal,3,156,0,1,0,1,96,79,0.06
Fraser Forster,40383,Southampton,20,1800,0,0,0,0,444,191,0.0
Freddie Ladapo,94926,Crystal Palace,31,16,0,0,0,0,7,5,0.0
Freddy Woodman,155503,Newcastle United,4,0,0,0,0,0,0,0,0.0
Fredrik Ulvestad,95508,Burnley,90,0,0,0,0,0,0,0,0.0
Gabriel Jesus,205651,Manchester City,43,1671,13,56,3,19,591,471,14.18
Gareth Barry,1632,West Bromwich Albion,35,1927,1,16,1,17,927,709,1.56
Gareth McAuley,19272,West Bromwich Albion,35,456,0,0,0,0,125,81,0.0
Gary Cahill,19419,Chelsea,8,2084,0,10,0,3,1330,1184,0.5
Gaëtan Bong,42748,Brighton and Hove Albion,36,2238,0,4,0,9,772,544,0.08
Geoff Cameron,50089,Stoke City,110,1524,0,5,0,6,506,366,0.31
George Thomas,174248,Leicester City,13,0,0,0,0,0,0,0,0.0
Georges-Kévin Nkoudou,168566,Burnley,90,225,0,4,0,1,83,66,0.15
Georginio Wijnaldum,41733,Liverpool,14,2387,1,38,2,22,1266,1138,2.8
Gerard Deulofeu,94924,Watford,57,438,1,8,0,11,142,106,0.53
Glen Johnson,9047,Stoke City,110,550,0,2,0,4,188,125,0.08
Glenn Murray,20529,Brighton and Hove Albion,36,2196,12,53,0,17,664,366,12.27
Grady Diangana,179830,West Ham United,21,0,0,0,0,0,0,0,0.0
Granit Xhaka,84450,Arsenal,3,3266,1,66,7,39,3116,2708,2.44
Grzegorz Krychowiak,73494,West Bromwich Albion,35,1642,0,17,2,13,812,637,0.8
Guido Carrillo,98914,Southampton,20,452,0,11,1,4,123,81,0.66
Gylfi Sigurdsson,55422,Everton,11,2262,4,39,3,38,700,524,3.02
Hal Robson-Kanu,49440,West Bromwich Albion,35,822,2,19,0,8,184,123,2.42
Hamza Choudhury,197469,Leicester City,13,376,0,2,1,1,164,138,0.04
Harry Arter,48615,Bournemouth,91,961,1,11,0,3,586,512,0.33
Harry Kane,78830,Tottenham Hotspur,6,3083,30,184,2,33,657,468,24.79
Harry Maguire,95658,Leicester City,13,3420,2,30,4,18,1740,1364,2.8
Harry Souttar,194190,Stoke City,110,0,0,0,0,0,0,0,0.0
Harry Winks,157668,Tottenham Hotspur,6,771,0,3,1,10,642,578,0.08
Harvey Barnes,201666,Leicester City,13,8,0,1,0,0,6,6,0.07
Henri Saivet,43521,Newcastle United,4,84,1,1,0,0,24,15,0.05
Henrikh Mkhitaryan,57249,Arsenal,3,1727,3,36,9,44,980,787,2.24
Heurelho Gomes,18656,Watford,57,2129,0,0,0,0,630,352,0.0
Hugo Lloris,37915,Tottenham Hotspur,6,3240,0,0,0,0,996,749,0.0
Héctor Bellerín,98745,Arsenal,3,3051,2,29,3,33,1842,1563,2.23
Ibrahim Afellay,19568,Stoke City,110,163,0,0,0,0,81,71,0.0
Idrissa Gueye,80801,Everton,11,2757,2,23,1,16,1566,1327,1.52
Ilkay Gündogan,59859,Manchester City,43,1510,4,35,1,20,1402,1286,3.05
Isaac Hayden,153127,Newcastle United,4,1372,1,14,0,11,527,397,0.96
Isaac Success,173514,Watford,57,0,0,0,0,0,0,0,0.0
Isaiah Brown,112516,Brighton and Hove Albion,36,306,0,1,0,6,129,90,0.05
Islam Slimani,149828,Newcastle United,4,370,1,7,1,6,157,107,1.53
Jack Butland,105666,Stoke City,110,3150,0,0,0,1,1169,540,0.0
Jack Cork,40145,Burnley,90,3420,2,15,1,19,1584,1277,2.2
Jack Simpson,222434,Bournemouth,91,72,0,0,0,0,5,4,0.0
Jack Stephens,88900,Southampton,20,1979,2,11,0,4,928,701,1.35
Jack Wilshere,54102,Arsenal,3,1187,1,15,3,15,808,698,1.1
Jacob Murphy,114243,Newcastle United,4,1145,1,22,1,10,281,184,1.8
Jairo Riedewald,173954,Crystal Palace,31,435,0,1,0,0,155,123,0.04
Jake Livermore,49944,West Bromwich Albion,35,2675,2,15,2,20,1103,867,2.33
Jakob Haugaard,112316,Stoke City,110,0,0,0,0,0,0,0,0.0
Jamaal Lascelles,101148,Newcastle United,4,2928,3,12,0,6,1184,913,1.09
James Collins,8380,West Ham United,21,1050,1,4,0,2,389,283,0.3
James Daly,432705,Crystal Palace,31,0,0,0,0,0,0,0,0.0
James McArthur,50471,Crystal Palace,31,2433,5,30,1,21,1070,846,3.75
James McCarthy,50472,Everton,11,206,0,1,0,1,97,72,0.06
James McClean,63370,West Bromwich Albion,35,1395,1,30,0,18,358,259,1.84
James Milner,15157,Liverpool,14,1762,0,21,3,34,1480,1279,1.07
James Morrison,18008,West Bromwich Albion,35,206,1,4,0,3,88,77,1.02
James Tarkowski,17761,Burnley,90,2790,0,18,0,7,1091,798,1.43
James Tomkins,49413,Crystal Palace,31,2388,3,23,0,1,887,725,2.42
James Ward-Prowse,101178,Southampton,20,1714,3,28,3,36,747,589,2.19
Jamie Murphy,2513,Brighton and Hove Albion,36,166,0,1,0,1,43,37,0.06
Jamie Vardy,101668,Leicester City,13,3255,20,71,1,32,463,280,16.08
Jan Bednarek,171771,Southampton,20,427,1,1,0,0,181,136,0.15
Jan Vertonghen,39194,Tottenham Hotspur,6,3205,0,24,0,12,2488,2148,0.97
Jaroslaw Jach,185478,Crystal Palace,31,0,0,0,0,0,0,0,0.0
Jason Eyenga Lokilo,218112,Crystal Palace,31,0,0,0,0,0,0,0,0.0
Jason Puncheon,19197,Crystal Palace,31,569,0,10,0,5,238,200,1.51
Javier Manquillo,109528,Newcastle United,4,1759,0,2,1,11,540,405,0.08
Jay Fulton,96305,Swansea City,80,17,0,0,0,0,8,5,0.0
Jay Rodriguez,44683,West Bromwich Albion,35,2823,7,69,1,21,704,510,8.43
Jayson Molumby,220738,Brighton and Hove Albion,36,0,0,0,0,0,0,0,0.0
Jeff Hendrick,83314,Burnley,90,2340,2,25,2,26,802,650,2.02
Jeffrey Schlupp,86417,Crystal Palace,31,1748,0,15,1,12,654,485,1.24
Jeremie Boga,135365,Chelsea,8,18,0,0,0,0,4,4,0.0
Jermain Defoe,7958,Bournemouth,91,1083,4,27,1,13,131,97,3.55
Jerome Sinclair,133801,Watford,57,29,0,0,0,1,8,7,0.0
Jesse Lingard,109322,Manchester United,1,1823,8,56,5,26,932,818,7.13
Jesé,93127,Stoke City,110,616,1,12,1,9,146,113,0.93
Jesús Gámez,27462,Newcastle United,4,97,0,1,0,4,45,37,0.05
Jiri Skalak,88170,Brighton and Hove Albion,36,0,0,0,0,0,0,0,0.0
Joe Allen,40555,Stoke City,110,3142,2,24,6,31,1358,1101,1.83
Joe Hart,15749,West Ham United,21,1710,0,0,1,2,544,241,0.0
Joe Lolley,168172,Huddersfield Town,38,219,1,3,0,1,65,51,0.12
Joe Rodon,214225,Swansea City,80,0,0,0,0,0,0,0,0.0
Joel Coleman,168977,Huddersfield Town,38,0,0,0,0,0,0,0,0.0
Joel Matip,60914,Liverpool,14,1995,1,11,0,5,1655,1468,1.9
Joel Pereira,168196,Manchester United,1,0,0,0,0,0,0,0,0.0
Joel Robles,78315,Everton,11,0,0,0,0,0,0,0,0.0
Joel Ward,55494,Crystal Palace,31,1616,0,5,1,8,681,489,0.24
John Stones,97299,Manchester City,43,1306,0,11,0,0,1246,1194,0.76
Jon Flanagan,91979,Liverpool,14,0,0,0,0,0,0,0,0.0
Jon Gorenc Stankovic,192301,Huddersfield Town,38,0,0,0,0,0,0,0,0.0
Jonas Lössl,57513,Huddersfield Town,38,3420,0,0,1,3,1284,724,0.0
Jonathan Hogg,79619,Huddersfield Town,38,2406,0,12,0,9,1413,1203,0.41
Jonathan Leko,173809,West Bromwich Albion,35,0,0,0,0,0,0,0,0.0
Jonathan Walters,12813,Burnley,90,36,0,1,0,0,9,4,0.19
Jonjo Shelvey,50232,Newcastle United,4,2267,1,42,3,41,1382,1001,2.37
Jonjoe Kenny,153673,Everton,11,1589,0,3,1,10,587,402,0.15
Jonny Evans,37642,West Bromwich Albion,35,2273,2,10,2,8,961,769,2.15
Jordan Ayew,80146,Swansea City,80,2856,7,66,2,16,835,690,7.44
Jordan Henderson,56979,Liverpool,14,2172,1,15,1,25,2085,1760,1.23
Jordan Hugill,167522,West Ham United,21,22,0,0,0,0,9,3,0.0
Jordan Pickford,111234,Everton,11,3420,0,1,0,3,1162,517,0.04
Jordi Osei-Tutu,209413,Arsenal,3,0,0,0,0,0,0,0,0.0
Jordon Ibe,103912,Bournemouth,91,2000,2,54,6,36,695,559,2.96
Jordon Mutch,49438,Crystal Palace,31,0,0,0,0,0,0,0,0.0
Joselu,61316,Newcastle United,4,1716,4,47,1,16,593,372,5.92
Joseph Gomez,171287,Liverpool,14,1901,0,5,2,17,1337,1130,0.27
Joseph Willock,200089,Arsenal,3,82,0,1,0,0,40,31,0.08
Josh Cullen,172567,West Ham United,21,6,0,0,0,0,4,3,0.0
Josh Pask,179829,West Ham United,21,0,0,0,0,0,0,0,0.0
Josh Sims,153379,Southampton,20,161,0,11,0,1,62,48,0.61
Josh Tymon,221267,Stoke City,110,162,0,0,0,0,81,71,0.0
Joshua King,78007,Bournemouth,91,2453,8,51,3,38,689,502,6.61
José Fonte,38580,West Ham United,21,690,0,8,1,4,347,280,0.61
José Holebas,40868,Watford,57,2381,0,17,4,39,958,655,0.59
José Izquierdo,167473,Brighton and Hove Albion,36,1987,5,52,3,21,523,408,3.76
Joy Mukena,209420,Watford,57,0,0,0,0,0,0,0,0.0
João Mário,109788,West Ham United,21,1027,2,16,1,16,442,362,1.66
Juan Foyth,234908,Tottenham Hotspur,6,0,0,0,0,0,0,0,0.0
Juan Mata,43670,Manchester United,1,1930,3,28,5,51,1215,1054,3.74
Julian Speroni,11554,Crystal Palace,31,990,0,0,0,0,294,130,0.0
Julien Ngoy,200455,Stoke City,110,19,0,0,0,0,5,4,0.0
Junior Stanislas,56872,Bournemouth,91,1296,5,45,2,24,489,378,3.88
Jérémy Pied,40833,Southampton,20,180,0,2,1,2,96,74,0.04
Jóhann Gudmundsson,60586,Burnley,90,2840,2,54,8,67,805,593,3.52
Jürgen Locadia,106757,Brighton and Hove Albion,36,223,1,6,1,1,51,36,1.09
Kane Wilson,215457,West Bromwich Albion,35,0,0,0,0,0,0,0,0.0
Karl Darlow,59735,Newcastle United,4,900,0,0,0,0,297,137,0.0
Kasey Palmer,160190,Huddersfield Town,38,169,0,2,0,1,53,41,0.09
Kasper Schmeichel,17745,Leicester City,13,2966,0,0,0,1,1032,512,0.0
Kazaiah Sterling,198504,Tottenham Hotspur,6,0,0,0,0,0,0,0,0.0
Kelechi Iheanacho,173515,Leicester City,13,824,3,29,3,11,246,195,4.21
Kenedy,167767,Newcastle United,4,1030,2,23,2,13,351,272,2.41
Keshi Anderson,204216,Crystal Palace,31,0,0,0,0,0,0,0,0.0
Kevin De Bruyne,61366,Manchester City,43,3083,8,94,16,106,2693,2247,5.2
Kevin Long,41674,Burnley,90,1440,1,10,2,6,541,388,1.15
Kevin Mirallas,26901,Everton,11,137,0,4,0,1,54,44,0.19
Kevin Wimmer,97485,Stoke City,110,1321,0,1,0,3,504,387,0.07
Ki Sung-Yueng,76542,Swansea City,80,1869,2,20,2,19,836,736,0.94
Kieran Gibbs,42427,West Bromwich Albion,35,2830,0,9,1,22,1014,760,0.4
Kieran Trippier,77794,Tottenham Hotspur,6,1913,0,7,5,41,1266,1031,0.41
Kiko Femenía,54484,Watford,57,1714,1,9,1,18,794,661,0.36
Konstantinos Mavropanos,233963,Arsenal,3,195,0,0,0,0,103,91,0.0
Konstantinos Stafylidis,93001,Stoke City,110,334,0,4,0,2,94,73,0.12
Kristoffer Nordfeldt,61760,Swansea City,80,0,0,0,0,0,0,0,0.0
Kurt Zouma,103192,Stoke City,110,2888,1,20,0,6,1021,797,1.25
Kyle Bartley,59940,Swansea City,80,234,0,2,0,2,115,93,0.14
Kyle Jameson,247286,West Bromwich Albion,35,0,0,0,0,0,0,0,0.0
Kyle Naughton,49539,Swansea City,80,3033,0,12,2,12,1638,1226,0.36
Kyle Scott,181911,Chelsea,8,0,0,0,0,0,0,0,0.0
Kyle Taylor,431774,Bournemouth,91,0,0,0,0,0,0,0,0.0
Kyle Walker,58621,Manchester City,43,2787,0,13,6,30,2362,2073,0.65
Kyle Walker-Peters,158534,Tottenham Hotspur,6,188,0,0,2,3,97,80,0.0
Lasse Sørensen,226029,Stoke City,110,76,0,0,1,2,54,40,0.0
Laurent Depoitre,147303,Huddersfield Town,38,1808,6,25,1,14,482,275,3.82
Laurent Koscielny,51507,Arsenal,3,2227,2,9,0,7,1745,1553,1.86
Layton Ndukwu,173804,Leicester City,13,0,0,0,0,0,0,0,0.0
Lee Chung-Yong,75773,Crystal Palace,31,132,0,1,0,2,67,55,0.03
Lee Grant,6744,Stoke City,110,270,0,0,0,0,78,44,0.0
Leighton Baines,12745,Everton,11,1910,2,7,3,24,754,604,2.1
Leon Britton,15114,Swansea City,80,304,0,0,0,0,137,127,0.0
Leonardo Ulloa,54316,Brighton and Hove Albion,36,281,1,3,0,8,134,97,0.81
Leroy Fer,49277,Swansea City,80,1399,1,12,1,10,632,512,1.69
Leroy Sané,182156,Manchester City,43,2422,10,57,15,58,1091,919,5.76
Levi Lumeka,221245,Crystal Palace,31,25,0,1,0,0,7,5,0.06
Lewis Cook,155408,Bournemouth,91,2239,0,18,2,28,1228,975,0.48
Lewis Dunk,83299,Brighton and Hove Albion,36,3420,1,27,1,11,1496,1172,2.67
Liam Rosenior,15137,Brighton and Hove Albion,36,163,0,2,0,0,65,47,0.05
Loris Karius,104542,Liverpool,14,1710,0,0,0,0,521,350,0.0
Lucas Moura,95715,Tottenham Hotspur,6,208,0,5,1,6,113,88,0.18
Luciano Narsingh,57586,Swansea City,80,617,1,9,0,11,194,157,0.84
Luis Antonio Valencia,20695,Manchester United,1,2742,3,16,1,23,1602,1367,0.52
Luka Milivojevic,66975,Crystal Palace,31,3081,10,42,1,21,1652,1325,8.21
Lukas Nmecha,174594,Manchester City,43,14,0,0,0,0,5,5,0.0
Lukasz Fabianski,37096,Swansea City,80,3420,0,0,0,1,1113,594,0.0
Luke Garbutt,80183,Everton,11,0,0,0,0,0,0,0,0.0
Luke Shaw,106760,Manchester United,1,788,0,12,0,9,477,405,0.41
Lys Mousset,178304,Bournemouth,91,585,2,22,0,4,161,102,1.2
Maarten Stekelenburg,10318,Everton,11,0,0,0,0,0,0,0,0.0
Mamadou Sakho,40784,Crystal Palace,31,1600,1,3,2,2,739,631,1.17
Mame Biram Diouf,61858,Stoke City,110,2601,6,59,2,20,558,319,6.52
Manolo Gabbiadini,61548,Southampton,20,1074,5,22,0,7,223,158,2.48
Manuel Lanzini,86934,West Ham United,21,2048,5,44,6,40,1213,1064,3.9
Marc Albrighton,51938,Leicester City,13,2543,2,20,7,47,1005,675,1.61
Marc Pugh,20037,Bournemouth,91,982,0,19,0,10,469,376,1.32
Marcos Alonso,82263,Chelsea,8,2860,7,65,2,34,1347,1070,4.15
Marcos Rojo,58893,Manchester United,1,640,0,5,0,2,358,292,0.15
Marcus Browne,195859,West Ham United,21,0,0,0,0,0,0,0,0.0
Marcus Rashford,176297,Manchester United,1,1807,7,61,5,22,576,451,5.24
Mario Lemina,151086,Southampton,20,1721,1,23,1,8,971,853,0.83
Mark Noble,18073,West Ham United,21,2405,4,15,0,20,1324,1110,2.37
Marko Arnautovic,41464,West Ham United,21,2322,11,71,6,35,684,489,8.79
Marko Grujic,210237,Liverpool,14,14,0,0,0,1,14,11,0.0
Markus Suttner,43808,Brighton and Hove Albion,36,1178,0,3,0,6,438,332,0.11
Marouane Fellaini,41184,Manchester United,1,612,4,10,0,5,393,335,3.51
Martin Cranie,18006,Huddersfield Town,38,180,0,0,0,0,90,71,0.0
Martin Dubravka,67089,Newcastle United,4,1080,0,0,0,0,316,171,0.0
Martin Kelly,58786,Crystal Palace,31,1194,0,5,0,2,343,254,0.43
Martin Olsson,28654,Swansea City,80,3154,0,18,1,13,1144,841,0.9
Marvin Zeegelaar,66247,Watford,57,995,0,0,1,7,422,337,0.0
Mason Holgate,194164,Everton,11,1183,0,6,0,7,475,320,0.56
Massadio Haidara,92170,Newcastle United,4,3,0,0,0,0,2,2,0.0
Mat Ryan,131897,Brighton and Hove Albion,36,3420,0,0,0,0,1053,505,0.0
Mathieu Debuchy,27334,Arsenal,3,0,0,0,0,0,0,0,0.0
Matt Butcher,200370,Bournemouth,91,0,0,0,0,0,0,0,0.0
Matt Macey,113534,Arsenal,3,0,0,0,0,0,0,0,0.0
Matt Phillips,50229,West Bromwich Albion,35,2097,2,28,2,33,497,361,2.42
Matt Ritchie,56983,Newcastle United,4,2812,3,59,5,52,1046,758,3.08
Matt Targett,169359,Southampton,20,167,0,0,0,2,80,58,0.0
Matteo Darmian,40002,Manchester United,1,444,0,2,0,1,195,163,0.03
Matthew Lowton,68983,Burnley,90,2295,0,4,3,14,823,567,0.1
Matty James,61604,Leicester City,13,994,0,11,0,2,446,363,1.36
Max Melbourne,209419,West Bromwich Albion,35,0,0,0,0,0,0,0,0.0
Maya Yoshida,80447,Southampton,20,2051,2,19,0,5,1062,894,2.04
Mesut Özil,37605,Arsenal,3,2164,4,39,8,84,1809,1564,4.38
Michael Carrick,2404,Manchester United,1,109,0,2,0,1,99,84,0.52
Michael Folivi,204760,Watford,57,0,0,0,0,0,0,0,0.0
Michael Hefele,87856,Huddersfield Town,38,32,0,0,0,0,9,8,0.0
Michael Keane,106611,Everton,11,2560,0,15,1,4,1157,900,1.14
Michael Obafemi,220598,Southampton,20,8,0,1,0,0,1,1,0.37
Michail Antonio,57531,West Ham United,21,1358,3,34,1,14,385,261,2.44
Michel Vorm,39215,Tottenham Hotspur,6,90,0,0,0,0,24,21,0.0
Michy Batshuayi,94245,Chelsea,8,353,2,13,1,1,96,67,1.12
Miguel Britos,52153,Watford,57,798,1,4,0,3,388,313,0.82
Mike van der Hoorn,97615,Swansea City,80,1949,1,10,0,5,858,655,0.97
Mikel Merino,195384,Newcastle United,4,1343,1,16,1,16,812,644,0.59
Mohamed Diamé,28147,Newcastle United,4,2043,2,20,0,13,816,665,1.37
Mohamed Elneny,153256,Arsenal,3,869,0,8,1,10,837,784,0.3
Mohamed Salah,118748,Liverpool,14,2921,32,144,10,62,946,726,24.34
Molla Wagué,103127,Watford,57,440,1,3,0,0,145,108,0.4
Morgan Schneiderlin,42774,Everton,11,2128,0,5,0,7,1130,948,0.39
Moritz Bauer,102366,Stoke City,110,1308,0,3,0,14,286,189,0.17
Moses Makasi,156660,West Ham United,21,0,0,0,0,0,0,0,0.0
Mousa Dembélé,39104,Tottenham Hotspur,6,1883,0,11,0,18,1422,1311,0.35
Moussa Sissoko,45268,Tottenham Hotspur,6,1394,1,19,1,27,869,726,2.25
Muhamed Besic,87447,Everton,11,46,0,0,0,1,28,27,0.0
N'Golo Kanté,116594,Chelsea,8,2998,1,25,1,41,2150,1919,0.77
Nacer Chadli,54908,West Bromwich Albion,35,216,1,4,0,2,69,53,0.18
Nacho Monreal,38411,Arsenal,3,2242,5,22,2,13,1719,1539,1.7
Nahki Wells,92383,Burnley,90,46,0,3,0,0,16,16,0.58
Nathan Aké,126184,Bournemouth,91,3353,2,18,3,9,1589,1333,1.43
Nathan Dyer,21083,Swansea City,80,1312,0,10,0,10,512,415,0.94
Nathan Ferguson,232423,West Bromwich Albion,35,0,0,0,0,0,0,0,0.0
Nathan Redmond,83283,Southampton,20,1947,1,44,3,42,799,613,2.18
Nathan Trott,232398,West Ham United,21,0,0,0,0,0,0,0,0.0
Nathaniel Chalobah,89085,Watford,57,447,0,12,0,1,182,132,0.86
Nathaniel Clyne,57328,Liverpool,14,174,0,2,0,1,104,83,0.13
Nemanja Matic,62398,Manchester United,1,3119,1,18,1,24,2601,2281,0.66
Nick Pope,98747,Burnley,90,3114,0,0,0,4,1099,429,0.0
Nicolás Otamendi,57410,Manchester City,43,2968,4,32,0,12,3074,2825,2.74
Niki Mäenpää,48860,Brighton and Hove Albion,36,0,0,0,0,0,0,0,0.0
Nikola Vlasic,180151,Everton,11,575,0,5,0,12,203,150,0.26
Nordin Amrabat,44604,Watford,57,200,0,1,0,3,66,40,0.05
Nya Kirby,209043,Crystal Palace,31,0,0,0,0,0,0,0,0.0
Oleksandr Zinchenko,206325,Manchester City,43,533,0,5,0,8,672,621,0.1
Oliver Burke,197937,West Bromwich Albion,35,358,0,4,2,4,140,111,0.48
Oliver McBurnie,169432,Swansea City,80,269,0,5,1,1,99,68,0.42
Olivier Giroud,44346,Chelsea,8,984,7,48,1,20,375,249,6.95
Orestis Karnezis,48332,Watford,57,1291,0,0,0,0,373,167,0.0
Oriol Romeu,78056,Southampton,20,2901,1,27,0,22,1843,1522,2.63
Oumar Niasse,113688,Everton,11,1081,8,37,2,11,250,156,7.05
Pablo Zabaleta,20658,West Ham United,21,3291,0,6,1,17,1153,844,0.35
Pape Souaré,79228,Crystal Palace,31,8,0,0,0,0,9,8,0.0
Pascal Groß,60307,Brighton and Hove Albion,36,2947,7,44,8,82,1215,926,3.33
Patrice Evra,14075,West Ham United,21,228,0,0,0,0,97,68,0.0
Patrick van Aanholt,74230,Crystal Palace,31,2185,5,33,1,18,882,681,3.09
Paul Dummett,106618,Newcastle United,4,1603,0,4,0,6,599,416,0.26
Paul Pogba,74208,Manchester United,1,2151,6,76,10,39,1721,1468,7.65
Paulo Gazzaniga,102884,Tottenham Hotspur,6,90,0,0,0,0,22,17,0.0
Pedro,49579,Chelsea,8,1523,4,56,2,26,654,543,3.06
Pedro Obiang,59779,West Ham United,21,1562,2,13,0,6,757,609,0.38
Per Mertesacker,17127,Arsenal,3,365,1,2,0,0,247,226,0.19
Peter Crouch,3773,Stoke City,110,1555,5,23,2,21,634,373,4.18
Petr Cech,11334,Arsenal,3,3040,0,0,0,0,811,530,0.0
Phil Bardsley,17997,Burnley,90,1125,0,2,0,5,417,282,0.04
Phil Foden,209244,Manchester City,43,45,0,0,1,2,44,40,0.0
Phil Jagielka,7645,Everton,11,2065,0,7,0,1,966,733,0.51
Phil Jones,76359,Manchester United,1,1975,0,2,0,2,1083,988,0.41
Philip Billing,168991,Huddersfield Town,38,760,0,7,0,2,371,281,0.2
Philippe Coutinho,84583,Liverpool,14,1116,7,54,6,40,690,544,3.51
Pierre-Emerick Aubameyang,54694,Arsenal,3,1058,10,31,4,13,317,220,8.62
Pierre-Emile Højbjerg,132015,Southampton,20,1671,0,16,0,13,1108,943,0.96
Rafael Camacho,217989,Liverpool,14,0,0,0,0,0,0,0,0.0
Ragnar Klavan,33871,Liverpool,14,1449,1,1,0,4,1198,1086,0.87
Raheem Sterling,103955,Manchester City,43,2592,18,87,11,55,1170,983,16.25
Rajiv van La Parra,51344,Huddersfield Town,38,2144,3,43,0,14,633,503,3.09
Ramadan Sobhi,205102,Stoke City,110,1234,2,13,0,15,421,324,1.24
Ramiro Funes Mori,121221,Everton,11,119,0,1,0,0,54,42,0.05
Rayhaan Tulloch,220693,West Bromwich Albion,35,0,0,0,0,0,0,0,0.0
Reece Burke,156658,West Ham United,21,0,0,0,0,0,0,0,0.0
Reece Oxford,173792,West Ham United,21,4,0,0,0,0,2,0,0.0
Reiss Nelson,200641,Arsenal,3,146,0,2,0,1,79,73,0.09
Rekeem Harper,232427,West Bromwich Albion,35,20,0,0,0,2,5,4,0.0
Renato Sanches,171319,Swansea City,80,703,0,12,0,6,379,317,0.49
Richarlison,212319,Watford,57,2827,5,95,4,26,804,514,10.28
Riyad Mahrez,103025,Leicester City,13,2960,12,73,10,58,1276,1016,6.53
Rob Holding,156074,Arsenal,3,820,0,1,0,2,603,510,0.11
Robbie Brady,90517,Burnley,90,1279,1,24,2,26,454,309,1.2
Robert Elliot,19838,Newcastle United,4,1440,0,0,0,0,491,263,0.0
Robert Green,1243,Huddersfield Town,38,0,0,0,0,0,0,0,0.0
Roberto Firmino,92217,Liverpool,14,2776,15,84,7,57,1169,849,10.66
Roberto Pereyra,61566,Watford,57,1622,5,33,2,24,676,574,3.34
Rolando Aarons,155513,Newcastle United,4,137,0,2,0,0,41,28,0.07
Romelu Lukaku,66749,Manchester United,1,2869,16,86,7,33,721,493,13.43
Roque Mesa,106899,Swansea City,80,757,0,7,0,5,486,420,0.17
Ross Barkley,88894,Chelsea,8,131,0,2,0,2,50,38,0.76
Ruben Loftus-Cheek,126187,Crystal Palace,31,1875,2,32,3,26,723,596,3.5
Ryan Bertrand,40146,Southampton,20,3136,0,20,4,36,1480,1167,1.67
Ryan Fraser,90105,Bournemouth,91,2009,5,30,3,42,816,625,1.81
Ryan Shawcross,37869,Stoke City,110,2372,1,24,1,2,665,448,2.5
Sadio Mané,110979,Liverpool,14,2206,10,70,7,49,962,773,10.76
Saido Berahino,91972,Stoke City,110,485,0,10,1,3,95,74,2.01
Salomón Rondón,57134,West Bromwich Albion,35,2771,7,79,3,23,833,557,7.02
Sam Baldock,28462,Brighton and Hove Albion,36,30,0,0,0,0,7,4,0.0
Sam Byram,113564,West Ham United,21,247,0,4,0,2,84,50,0.3
Sam Clucas,74033,Swansea City,80,2042,3,20,1,15,786,657,2.71
Sam Field,195864,West Bromwich Albion,35,539,1,5,0,4,166,126,0.54
Sam Hughes,216554,Leicester City,13,0,0,0,0,0,0,0,0.0
Sam McQueen,153373,Southampton,20,142,0,1,0,3,63,46,0.04
Sam Vokes,40399,Burnley,90,980,4,33,1,8,265,131,2.84
Sandro Ramírez,108438,Everton,11,276,0,9,0,1,82,66,0.46
Scott Arfield,39158,Burnley,90,1335,2,18,1,7,353,244,1.44
Scott Dann,19188,Crystal Palace,31,1435,1,19,0,5,566,452,2.31
Scott Malone,79733,Huddersfield Town,38,1115,0,8,1,10,493,355,0.53
Scott McTominay,195851,Manchester United,1,629,0,1,0,2,343,302,0.03
Sead Haksabanovic,198501,West Ham United,21,0,0,0,0,0,0,0,0.0
Sead Kolasinac,111457,Arsenal,3,2152,2,21,4,19,1268,1016,2.23
Sebastian Prödl,41945,Watford,57,1568,0,8,0,2,568,444,0.64
Serge Aurier,80226,Tottenham Hotspur,6,1429,2,15,2,15,776,616,0.81
Sergio Agüero,37572,Manchester City,43,1969,21,94,6,40,628,520,16.3
Sergio Romero,42899,Manchester United,1,90,0,0,0,0,20,12,0.0
Shane Duffy,61933,Brighton and Hove Albion,36,3294,0,28,1,8,1358,1039,2.3
Shane Long,20452,Southampton,20,1578,2,33,1,21,395,264,3.73
Shinji Okazaki,78412,Leicester City,13,1328,6,28,2,15,386,283,6.67
Shkodran Mustafi,69140,Arsenal,3,2274,3,13,1,7,1734,1494,0.82
Simon Francis,15149,Bournemouth,91,2707,0,13,1,27,1606,1181,0.6
Simon Mignolet,66797,Liverpool,14,1710,0,0,0,0,498,346,0.0
Sofiane Boufal,128198,Southampton,20,1213,2,30,2,21,532,418,1.66
Solly March,109345,Brighton and Hove Albion,36,1842,1,28,1,20,637,495,1.49
Son Heung-Min,85971,Tottenham Hotspur,6,2309,12,75,6,39,916,780,10.26
Stefano Okaka,20046,Watford,57,445,1,10,1,5,154,102,1.83
Stephen Ireland,20481,Stoke City,110,128,0,3,0,1,66,55,0.37
Stephen Ward,40616,Burnley,90,2462,1,6,1,16,923,638,0.34
Steve Cook,56917,Bournemouth,91,2766,2,22,1,5,1321,1001,1.62
Steve Mounie,169141,Huddersfield Town,38,1858,7,49,1,17,523,324,5.17
Steve Sidwell,11735,Brighton and Hove Albion,36,0,0,0,0,0,0,0,0.0
Steven Davis,17339,Southampton,20,1521,3,13,0,18,1044,873,0.92
Steven Defour,39847,Burnley,90,2008,1,19,1,19,1016,851,0.75
Stuart Taylor,3201,Southampton,20,0,0,0,0,0,0,0,0.0
Sullay Kaikai,138009,Crystal Palace,31,13,0,0,0,0,6,4,0.0
Séamus Coleman,59949,Everton,11,1035,0,5,1,7,357,262,1.05
Tammy Abraham,173879,Swansea City,80,1720,5,42,1,12,300,203,6.88
Tashan Oakley-Boothe,199404,Tottenham Hotspur,6,0,0,0,0,0,0,0,0.0
Terence Kongolo,109434,Huddersfield Town,38,1047,0,2,0,3,311,222,0.28
Theo Walcott,20467,Everton,11,1216,3,19,3,14,326,247,2.48
Thibaut Courtois,60772,Chelsea,8,3150,0,0,0,0,983,692,0.0
Thomas Edwards,209212,Stoke City,110,483,0,1,0,1,162,116,0.01
Tiemoué Bakayoko,169102,Chelsea,8,2124,2,40,2,16,1107,955,3.17
Tim Krul,20480,Brighton and Hove Albion,36,0,0,0,0,0,0,0,0.0
Timothy Fosu-Mensah,201084,Crystal Palace,31,1594,0,8,0,6,612,456,0.23
Toby Alderweireld,55605,Tottenham Hotspur,6,1177,0,10,0,3,915,785,0.4
Tom Carroll,93464,Swansea City,80,2569,0,20,4,47,1444,1193,0.94
Tom Cleverley,43250,Watford,57,1905,1,16,2,29,1137,936,1.88
Tom Davies,173807,Everton,11,1901,2,21,1,10,691,539,1.51
Tom Heaton,21205,Burnley,90,306,0,0,0,0,94,48,0.0
Tom Ince,86176,Huddersfield Town,38,2453,2,70,0,18,685,545,6.44
Tomer Hemed,38499,Brighton and Hove Albion,36,848,2,17,2,3,234,146,1.87
Tommy Smith,104545,Huddersfield Town,38,1908,0,8,1,15,792,560,0.19
Toni Martínez,178867,West Ham United,21,0,0,0,0,0,0,0,0.0
Tosin Adarabioyo,109646,Manchester City,43,0,0,0,0,0,0,0,0.0
Trent Alexander-Arnold,169187,Liverpool,14,1575,1,12,1,25,1007,778,0.95
Trevoh Chalobah,180736,Chelsea,8,0,0,0,0,0,0,0,0.0
Troy Deeney,41725,Watford,57,1841,5,36,2,26,542,307,7.18
Tyrese Campbell,200884,Stoke City,110,75,0,2,0,0,17,9,0.21
Tyrone Mings,149484,Bournemouth,91,202,0,1,0,1,113,88,0.01
Uwe Hünemeier,19071,Brighton and Hove Albion,36,17,0,0,0,0,4,1,0.0
Vicente Iborra,54513,Leicester City,13,1415,3,14,0,8,857,698,1.66
Victor Lindelöf,184667,Manchester United,1,1284,0,1,0,2,751,682,0.01
Victor Moses,49013,Chelsea,8,2118,3,35,3,20,833,638,3.04
Victor Wanyama,54756,Tottenham Hotspur,6,839,1,12,0,5,617,538,0.48
Vincent Janssen,165990,Tottenham Hotspur,6,1,0,0,0,0,0,0,0.0
Vincent Kompany,17476,Manchester City,43,1396,1,9,1,4,1429,1323,0.78
Virgil van Dijk,97032,Liverpool,14,2253,0,27,0,8,1770,1564,2.08
Wayne Hennessey,20066,Crystal Palace,31,2430,0,0,0,1,689,318,0.0
Wayne Rooney,13017,Everton,11,2282,10,45,2,34,1162,903,8.7
Wayne Routledge,11829,Swansea City,80,423,0,5,0,6,160,110,0.42
Wes Morgan,15033,Leicester City,13,2818,0,13,0,5,913,740,1.64
Wesley Hoedt,167075,Southampton,20,2520,0,15,1,9,1323,1044,1.33
Wilfred Ndidi,203341,Leicester City,13,2899,0,41,3,12,1684,1281,2.08
Wilfried Bony,57001,Swansea City,80,704,2,20,0,4,208,131,1.6
Wilfried Zaha,82403,Crystal Palace,31,2551,9,64,3,53,623,469,9.21
Will Hughes,108413,Watford,57,993,2,12,3,17,403,321,0.6
Willian,47431,Chelsea,8,1883,6,54,7,62,924,741,5.49
Willy Caballero,20310,Chelsea,8,270,0,0,0,0,88,61,0.0
Winston Reid,48717,West Ham United,21,1454,0,5,0,4,659,539,0.26
Xherdan Shaqiri,68312,Stoke City,110,3049,8,69,7,77,1055,839,4.99
Yannick Bolasie,55452,Everton,11,854,1,19,0,4,210,132,1.54
Yaya Touré,14664,Manchester City,43,228,0,5,2,7,416,390,0.37
Yohan Benalouane,41321,Leicester City,13,90,0,2,0,0,27,17,0.06
Yohan Cabaye,27341,Crystal Palace,31,2386,0,38,1,42,1293,1065,2.35
Younes Kaboul,37742,Watford,57,151,0,0,0,0,76,52,0.0
Zanka,48760,Huddersfield Town,38,3420,0,13,2,9,1561,1198,1.92
Zlatan Ibrahimovic,9808,Manchester United,1,102,0,4,0,2,76,58,0.21
Álvaro Morata,88482,Chelsea,8,2067,11,79,6,35,576,422,12.98
