Event,Minute,Second,Player,Team,Outcome,X,Y,endX,endY,passtype,Assist
Start,0,0,,248,Successful,0.0,0.0,,,OpenPlay,False
Start,0,0,,607,Successful,0.0,0.0,,,OpenPlay,False
Pass,0,1,114168,607,Successful,50.0,49.5,40.3,38.2,OpenPlay,False
Pass,0,3,117776,607,Successful,34.6,36.4,24.1,26.1,OpenPlay,False
Pass,0,5,19859,607,Successful,24.1,26.1,7.8,42.8,OpenPlay,False
Pass,0,7,141646,607,Unsuccessful,7.8,42.8,63,5.8,OpenPlay,False
Aerial,0,11,239872,607,Unsuccessful,62.8,6.6,,,OpenPlay,False
Aerial,0,11,143524,248,Successful,37.2,93.4,,,OpenPlay,False
Clearance,0,12,143524,248,Successful,36.6,93.6,43.9,100,OpenPlay,False
Pass,0,54,136481,607,Successful,56.1,0.0,32.8,40.1,ThrowIn,False
Pass,0,55,11895,607,Successful,32.8,40.1,37,67.2,OpenPlay,False
Pass,0,57,329409,607,Successful,38.0,70.3,35.8,58.3,OpenPlay,False
Pass,0,59,11895,607,Successful,35.9,48.0,43.6,17.2,OpenPlay,False
Pass,1,2,19859,607,Successful,46.2,13.7,53.1,7.1,OpenPlay,False
Pass,1,4,114168,607,Successful,53.0,6.8,58,21,OpenPlay,False
Pass,1,6,117776,607,Successful,58.2,19.2,60.8,5.3,OpenPlay,False
Pass,1,8,239872,607,Successful,60.0,5.6,54.6,6,OpenPlay,False
Pass,1,10,114168,607,Successful,46.0,12.3,32.7,50.1,OpenPlay,False
Pass,1,12,11895,607,Successful,34.0,46.0,37.5,72.6,OpenPlay,False
Pass,1,17,329409,607,Successful,45.4,75.0,54.4,94.7,OpenPlay,False
Pass,1,20,328968,607,Successful,58.3,94.6,47.3,92.1,OpenPlay,False
Pass,1,21,329409,607,Successful,44.7,91.7,32.9,40,OpenPlay,False
Pass,1,26,19859,607,Successful,34.3,43.1,41,10.7,OpenPlay,False
Pass,1,28,117776,607,Successful,42.1,5.5,57.4,2.2,OpenPlay,False
Pass,1,32,136481,607,Successful,52.7,1.7,36.6,7.7,OpenPlay,False
Pass,1,34,19859,607,Unsuccessful,37.8,4.4,69.4,24.3,OpenPlay,False
Aerial,1,36,329620,607,Unsuccessful,70.4,21.6,,,OpenPlay,False
Aerial,1,36,130435,248,Successful,29.6,78.4,,,OpenPlay,False
Pass,1,37,130435,248,Successful,27.3,80.6,24.6,64.8,OpenPlay,False
BallRecovery,1,39,262262,248,Successful,24.8,65.5,,,OpenPlay,False
Pass,1,40,262262,248,Unsuccessful,24.8,65.5,41.2,91.9,OpenPlay,False
BallTouch,1,42,136481,607,Successful,59.1,8.7,,,OpenPlay,False
Pass,1,47,143524,248,Successful,44.0,100.0,52.4,78.9,ThrowIn,False
Pass,1,48,18701,248,Successful,48.0,82.2,39.6,80.2,OpenPlay,False
Pass,1,50,139111,248,Successful,38.0,75.4,31.5,42.1,OpenPlay,False
Pass,1,54,262262,248,Successful,35.4,30.6,47.2,4,OpenPlay,False
Pass,1,59,347858,248,Successful,45.8,4.6,40.1,7.4,OpenPlay,False
Pass,2,1,262262,248,Successful,40.1,7.4,34,35.4,OpenPlay,False
Pass,2,3,44208,248,Successful,33.0,35.7,33,67,OpenPlay,False
Pass,2,5,130435,248,Successful,33.0,64.9,31.3,34,OpenPlay,False
Pass,2,9,44208,248,Unsuccessful,35.2,26.5,66.1,6.4,OpenPlay,False
Pass,2,12,328968,607,Unsuccessful,32.3,93.4,44.7,90.7,OpenPlay,False
Pass,2,14,262262,248,Unsuccessful,55.3,8.9,62.5,8.9,OpenPlay,False
Aerial,2,15,347858,248,Unsuccessful,63.6,12.0,,,OpenPlay,False
Aerial,2,15,328968,607,Successful,36.4,88.0,,,OpenPlay,False
Pass,2,16,328968,607,Successful,38.0,90.1,40.9,82.2,OpenPlay,False
Pass,2,17,329409,607,Successful,40.0,82.0,44.4,82.2,OpenPlay,False
BallRecovery,2,18,328968,607,Successful,44.6,81.4,,,OpenPlay,False
Dispossessed,2,19,328968,607,Successful,44.0,74.4,,,OpenPlay,False
Tackle,2,19,262262,248,Unsuccessful,56.0,25.6,,,OpenPlay,False
Pass,2,23,141646,607,Successful,18.8,43.7,27.1,42.4,OpenPlay,False
Pass,2,25,19859,607,Successful,27.2,42.5,36.5,4.6,OpenPlay,False
Pass,2,28,117776,607,Unsuccessful,38.0,4.8,62.7,0,OpenPlay,False
Pass,2,37,143524,248,Successful,37.1,100.0,45.1,91.8,ThrowIn,False
Pass,2,39,29072,248,Successful,45.1,91.8,53.8,83.9,OpenPlay,False
Pass,2,40,18701,248,Unsuccessful,54.8,83.3,44.3,78.7,OpenPlay,False
BallRecovery,2,41,114168,607,Successful,57.1,25.2,,,OpenPlay,False
Pass,2,45,114168,607,Successful,52.6,29.9,52.4,44.7,OpenPlay,False
Pass,2,47,329409,607,Successful,53.4,54.0,62.4,53.6,OpenPlay,False
Pass,2,48,241019,607,Successful,62.4,53.6,57.1,47,OpenPlay,False
Pass,2,50,329409,607,Unsuccessful,57.5,46.4,72.4,32.8,OpenPlay,False
BallRecovery,2,51,143524,248,Successful,26.5,70.6,,,OpenPlay,False
Pass,2,52,143524,248,Successful,25.9,70.9,5.4,52,OpenPlay,False
Pass,2,56,10714,248,Successful,7.4,44.2,15,28.2,OpenPlay,False
Pass,3,1,44208,248,Successful,22.4,31.8,19.2,66.6,OpenPlay,False
Pass,3,7,130435,248,Successful,22.1,65.8,47.7,2.2,OpenPlay,False
Pass,3,11,262262,248,Successful,55.1,3.2,62.4,6.5,OpenPlay,False
BallTouch,3,12,347858,248,Unsuccessful,63.8,6.1,,,OpenPlay,False
Pass,3,26,328968,607,Successful,29.8,100.0,41.9,96,ThrowIn,False
Pass,3,29,114168,607,Unsuccessful,41.7,96.2,46.6,89.6,OpenPlay,False
Pass,3,30,44208,248,Unsuccessful,53.3,9.9,52.3,69.7,OpenPlay,False
TakeOn,3,34,239872,607,Unsuccessful,55.7,27.7,,,OpenPlay,False
Tackle,3,34,143524,248,Successful,44.3,72.3,,,OpenPlay,False
Pass,3,41,239872,607,Successful,58.1,0.0,55.7,7.9,ThrowIn,False
Pass,3,42,117776,607,Successful,55.3,10.6,57,3.6,OpenPlay,False
Pass,3,43,239872,607,Successful,57.0,3.8,43.2,11.2,OpenPlay,False
Pass,3,47,19859,607,Successful,46.0,21.3,54.8,94.4,OpenPlay,False
Pass,3,54,328968,607,Successful,42.7,85.3,28.1,72.4,OpenPlay,False
Pass,3,57,11895,607,Successful,27.5,70.9,22.6,49.7,OpenPlay,False
Pass,3,59,19859,607,Successful,22.5,50.7,7.1,44.8,OpenPlay,False
Pass,4,2,141646,607,Successful,7.1,44.8,38.8,7.6,OpenPlay,False
Pass,4,5,136481,607,Unsuccessful,38.8,7.6,58,0,OpenPlay,False
Pass,4,11,143524,248,Successful,44.6,100.0,44.9,91.1,ThrowIn,False
Pass,4,13,139111,248,Unsuccessful,53.7,83.1,63.7,81.6,OpenPlay,False
BallRecovery,4,15,19859,607,Successful,36.6,17.4,,,OpenPlay,False
Pass,4,16,19859,607,Successful,35.8,11.0,44.4,7.7,OpenPlay,False
Pass,4,17,239872,607,Successful,44.3,8.7,52.1,21.3,OpenPlay,False
Pass,4,19,329620,607,Successful,52.7,21.1,45,20.7,OpenPlay,False
Pass,4,20,117776,607,Successful,44.9,26.0,52,56.3,OpenPlay,False
Pass,4,22,329409,607,Successful,52.6,58.1,59.1,63.9,OpenPlay,False
Pass,4,23,114168,607,Successful,60.1,65.1,74.4,85.1,OpenPlay,False
Pass,4,26,328968,607,Unsuccessful,74.5,85.9,86.6,45.4,OpenPlay,False
Foul,4,28,130435,248,Successful,13.0,54.6,,,OpenPlay,False
Foul,4,28,329620,607,Unsuccessful,87.0,45.4,,,OpenPlay,False
Pass,4,53,10714,248,Unsuccessful,11.5,55.4,36,0,OpenPlay,False
Pass,5,0,241019,607,Successful,69.4,100.0,69.4,92.9,ThrowIn,False
Pass,5,1,114168,607,Successful,69.5,93.4,69.5,98.7,OpenPlay,False
Foul,5,3,136345,248,Unsuccessful,32.0,1.5,,,OpenPlay,False
Foul,5,3,241019,607,Successful,68.0,98.5,,,OpenPlay,False
Pass,5,49,117776,607,Successful,74.2,97.9,87.3,52.8,ShotAssist,False
Aerial,5,51,44208,248,Unsuccessful,11.2,47.5,,,OpenPlay,False
Aerial,5,51,19859,607,Successful,88.8,52.5,,,OpenPlay,False
MissedShots,5,52,19859,607,Successful,88.0,52.6,,,OpenPlay,False
Pass,6,13,10714,248,Successful,4.6,49.0,19.4,71.8,OpenPlay,False
Pass,6,14,130435,248,Successful,23.2,64.7,33.5,93.6,OpenPlay,False
Pass,6,17,143524,248,Successful,34.8,89.4,22.8,69.7,OpenPlay,False
Pass,6,19,130435,248,Successful,22.2,61.8,25.9,28.1,OpenPlay,False
Pass,6,22,44208,248,Successful,27.9,26.0,24.2,52.6,OpenPlay,False
Pass,6,26,130435,248,Successful,26.4,44.7,30.8,16.3,OpenPlay,False
Pass,6,29,44208,248,Unsuccessful,35.9,9.7,61,12,OpenPlay,False
BallRecovery,6,30,328968,607,Successful,39.3,85.5,,,OpenPlay,False
Pass,6,31,328968,607,Unsuccessful,39.3,86.8,48.1,85.9,OpenPlay,False
Aerial,6,32,241019,607,Unsuccessful,48.9,86.6,,,OpenPlay,False
Aerial,6,32,262262,248,Successful,51.1,13.4,,,OpenPlay,False
Pass,6,33,262262,248,Successful,49.7,12.4,61.3,15.3,OpenPlay,False
BallTouch,6,35,18701,248,Unsuccessful,61.4,14.3,,,OpenPlay,False
Clearance,6,37,11895,607,Successful,31.3,92.9,31.2,100,OpenPlay,False
Pass,6,45,262262,248,Successful,66.4,0.0,74.2,11.6,ThrowIn,False
Pass,6,47,18701,248,Successful,74.2,12.4,68.8,10.4,OpenPlay,False
Pass,6,51,136345,248,Unsuccessful,66.0,1.4,68,2.6,OpenPlay,False
BlockedPass,6,51,241019,607,Successful,32.3,96.9,,,OpenPlay,False
Pass,6,53,262262,248,Successful,64.1,5.0,64.1,9.5,OpenPlay,False
Pass,6,55,347858,248,Successful,64.8,11.0,58.2,9.8,OpenPlay,False
Pass,6,57,44208,248,Successful,58.2,9.8,73.2,86.6,OpenPlay,False
Pass,7,1,127970,248,Successful,72.5,90.1,82.5,96.2,OpenPlay,False
Pass,7,3,143524,248,Unsuccessful,82.1,96.4,83.1,91.3,OpenPlay,False
Clearance,7,3,239872,607,Successful,16.5,7.1,17.1,9.5,OpenPlay,False
Pass,7,8,143524,248,Successful,89.7,100.0,82.2,73.2,ThrowIn,False
Pass,7,10,139111,248,Successful,89.9,84.7,91.2,93.4,OpenPlay,False
Pass,7,12,143524,248,Unsuccessful,91.0,93.4,91,91.1,OpenPlay,False
Clearance,7,12,117776,607,Successful,6.8,10.3,6.8,10.3,OpenPlay,False
BallTouch,7,13,143524,248,Successful,91.0,92.9,,,OpenPlay,False
BallRecovery,7,14,136481,607,Successful,6.3,14.9,,,OpenPlay,False
Pass,7,17,136481,607,Unsuccessful,2.4,10.4,31.6,0,OpenPlay,False
Pass,7,29,143524,248,Successful,75.2,100.0,81.2,88.6,ThrowIn,False
BallTouch,7,30,29072,248,Unsuccessful,80.6,88.8,,,OpenPlay,False
BallRecovery,7,31,117776,607,Successful,19.2,13.7,,,OpenPlay,False
Pass,7,32,117776,607,Successful,19.1,14.3,20.4,28.7,OpenPlay,False
Pass,7,36,329409,607,Successful,25.6,28.5,41.6,25.5,OpenPlay,False
Pass,7,40,114168,607,Successful,55.4,15.5,86.2,84.1,OpenPlay,False
Dispossessed,7,45,241019,607,Successful,87.0,85.3,,,OpenPlay,False
Tackle,7,45,262262,248,Unsuccessful,13.0,14.7,,,OpenPlay,False
BallTouch,7,46,241019,607,Successful,86.6,86.2,,,OpenPlay,False
BallRecovery,7,47,262262,248,Successful,13.5,11.0,,,OpenPlay,False
Pass,7,48,262262,248,Successful,13.4,8.9,20.1,10.8,OpenPlay,False
Pass,7,49,347858,248,Successful,21.2,10.9,13,17.3,OpenPlay,False
Pass,7,50,262262,248,Unsuccessful,13.2,18.2,35.1,15.5,OpenPlay,False
Pass,7,51,329409,607,Unsuccessful,63.8,83.5,73.4,100,OpenPlay,False
OffsideGiven,8,,239872,607,Unsuccessful,61.5,28.9,,,OpenPlay,False
Pass,8,2,262262,248,Unsuccessful,25.6,0.0,43,7.7,ThrowIn,False
Foul,8,5,18701,248,Unsuccessful,43.6,8.7,,,OpenPlay,False
Foul,8,5,11895,607,Successful,56.4,91.3,,,OpenPlay,False
Pass,8,19,11895,607,Successful,51.0,73.8,38.7,53.8,OpenPlay,False
Pass,8,21,19859,607,Successful,38.7,50.9,40.9,67.6,OpenPlay,False
Dispossessed,8,22,11895,607,Successful,41.0,67.2,,,OpenPlay,False
Tackle,8,22,18701,248,Unsuccessful,59.0,32.8,,,OpenPlay,False
Pass,8,26,11895,607,Successful,34.4,65.4,12.9,39.1,OpenPlay,False
OffsideProvoked,8,31,130435,248,Successful,39.3,74.6,,,OpenPlay,False
OffsidePass,8,31,141646,607,Successful,13.8,32.0,61.5,28.9,OpenPlay,False
Pass,8,55,130435,248,Successful,32.3,69.3,21.4,42.7,OpenPlay,False
Pass,8,57,44208,248,Successful,21.6,42.3,28.5,7.7,OpenPlay,False
Pass,9,2,262262,248,Unsuccessful,39.5,7.5,100,6.1,OpenPlay,False
Pass,9,34,141646,607,Successful,4.8,49.0,54.5,4.3,OpenPlay,False
Pass,9,39,136481,607,Unsuccessful,54.7,4.4,63.4,13.7,OpenPlay,False
Aerial,9,40,329620,607,Unsuccessful,63.1,14.9,,,OpenPlay,False
Aerial,9,40,130435,248,Successful,36.9,85.1,,,OpenPlay,False
Pass,9,41,130435,248,Unsuccessful,39.3,87.0,47,81.8,OpenPlay,False
Foul,9,45,29072,248,Successful,43.4,82.6,,,OpenPlay,False
Foul,9,45,117776,607,Unsuccessful,56.6,17.4,,,OpenPlay,False
Pass,10,5,139111,248,Successful,44.0,73.8,37.5,78.1,OpenPlay,False
Pass,10,7,130435,248,Successful,37.7,73.8,35.6,31.4,OpenPlay,False
Pass,10,11,44208,248,Successful,38.0,23.1,44.3,1.9,OpenPlay,False
Pass,10,13,262262,248,Unsuccessful,44.3,1.9,46.8,1.7,OpenPlay,False
BlockedPass,10,13,241019,607,Successful,53.4,95.2,,,OpenPlay,False
BallRecovery,10,14,241019,607,Successful,49.1,95.4,,,OpenPlay,False
Pass,10,15,241019,607,Successful,47.7,95.0,43.2,84.2,OpenPlay,False
TakeOn,10,19,329409,607,Unsuccessful,41.0,93.6,,,OpenPlay,False
Tackle,10,19,347858,248,Unsuccessful,59.0,6.4,,,OpenPlay,False
Pass,10,20,328968,607,Unsuccessful,40.2,96.5,49.5,100,OpenPlay,False
Pass,10,32,262262,248,Unsuccessful,48.4,0.0,62,8.9,ThrowIn,False
Pass,10,35,11895,607,Successful,37.5,90.1,41.2,87.2,OpenPlay,False
BallRecovery,10,36,329409,607,Successful,42.0,87.8,,,OpenPlay,False
Pass,10,37,329409,607,Successful,40.9,82.6,37.2,69,OpenPlay,False
Pass,10,42,117776,607,Successful,46.3,42.7,60.4,9.1,OpenPlay,False
Pass,10,44,136481,607,Successful,59.8,8.7,77.8,9.1,OpenPlay,False
Pass,10,47,239872,607,Unsuccessful,80.6,6.0,83.8,8.7,OpenPlay,False
Interception,10,48,130435,248,Successful,17.0,91.1,,,OpenPlay,False
Pass,10,49,130435,248,Unsuccessful,15.6,91.7,17,92,OpenPlay,False
BallTouch,10,50,239872,607,Successful,83.2,7.1,,,OpenPlay,False
Pass,11,2,143524,248,Unsuccessful,18.4,100.0,32.2,94.2,ThrowIn,False
Pass,11,4,117776,607,Successful,67.8,6.4,71.9,5.2,OpenPlay,False
BallRecovery,11,5,239872,607,Successful,72.2,4.0,,,OpenPlay,False
Pass,11,6,239872,607,Unsuccessful,72.7,5.0,72.1,11.2,OpenPlay,False
BallTouch,11,7,139111,248,Successful,27.1,90.7,,,OpenPlay,False
Pass,11,9,114168,607,Successful,66.0,31.2,64,43.1,ShotAssist,False
MissedShots,11,12,329409,607,Successful,73.8,56.9,,,OpenPlay,False
Pass,11,23,10714,248,Unsuccessful,4.9,39.7,63.2,22.2,OpenPlay,False
BallTouch,11,26,328968,607,Unsuccessful,38.2,79.6,,,OpenPlay,False
Pass,11,28,18701,248,Successful,63.4,23.3,89,5.2,OpenPlay,False
Pass,11,31,347858,248,Successful,88.0,6.9,91.5,92.9,OpenPlay,False
Pass,11,36,127970,248,Unsuccessful,87.6,95.6,77.1,93.8,OpenPlay,False
BallRecovery,11,38,239872,607,Successful,24.9,6.4,,,OpenPlay,False
BallTouch,11,39,239872,607,Unsuccessful,25.6,7.3,,,OpenPlay,False
Pass,11,50,143524,248,Successful,71.2,100.0,74.5,83.1,ThrowIn,False
Pass,11,51,18701,248,Successful,74.2,83.3,63.8,70.5,OpenPlay,False
Pass,11,53,136345,248,Successful,63.2,80.2,47.7,54.2,OpenPlay,False
Pass,11,55,44208,248,Successful,46.9,54.6,56.4,31,OpenPlay,False
Pass,11,58,262262,248,Successful,61.2,17.1,67.4,3.1,OpenPlay,False
TakeOn,12,3,347858,248,Unsuccessful,66.7,10.8,,,OpenPlay,False
Clearance,12,4,11895,607,Successful,24.6,69.9,25.8,70.9,OpenPlay,False
BallTouch,12,5,347858,248,Successful,73.5,28.5,,,OpenPlay,False
BallRecovery,12,6,11895,607,Successful,24.2,71.9,,,OpenPlay,False
Pass,12,7,11895,607,Successful,25.1,70.3,25.2,76.3,OpenPlay,False
Pass,12,8,329409,607,Successful,21.9,75.4,9,57.1,OpenPlay,False
Pass,12,10,141646,607,Successful,8.7,56.9,47.7,46.6,OpenPlay,False
Pass,12,13,329620,607,Successful,48.7,46.8,37.3,6.5,OpenPlay,False
Pass,12,17,239872,607,Successful,35.6,5.6,30.1,18,OpenPlay,False
Pass,12,23,19859,607,Successful,28.9,28.7,26.4,41.5,OpenPlay,False
Pass,12,26,11895,607,Successful,25.9,53.2,32.8,69.3,OpenPlay,False
Pass,12,29,329409,607,Successful,32.3,70.1,29.8,56.5,OpenPlay,False
Pass,12,32,11895,607,Successful,30.6,51.8,33.2,32.6,OpenPlay,False
Pass,12,35,19859,607,Successful,40.5,30.4,85.2,17.3,OpenPlay,False
Pass,12,39,329620,607,Successful,85.0,14.1,81.6,19.2,OpenPlay,False
Pass,12,43,239872,607,Successful,74.5,10.6,74.1,18.6,OpenPlay,False
Pass,12,45,114168,607,Successful,73.4,20.9,71.7,29.1,OpenPlay,False
Pass,12,46,239872,607,Successful,71.5,31.0,78.2,37.3,OpenPlay,False
Pass,12,47,241019,607,Successful,77.8,37.1,77.8,32.8,OpenPlay,False
Pass,12,48,329620,607,Successful,78.8,33.8,78.9,26.8,OpenPlay,False
Pass,12,50,114168,607,Successful,79.9,27.4,89.3,67.2,OpenPlay,False
Pass,12,52,239872,607,Successful,90.2,66.8,80.8,65.5,OpenPlay,False
Foul,12,55,347858,248,Successful,20.4,34.8,,,OpenPlay,False
Foul,12,55,241019,607,Unsuccessful,79.6,65.2,,,OpenPlay,False
Pass,13,17,10714,248,Successful,21.5,35.7,26.5,13.1,OpenPlay,False
Pass,13,20,44208,248,Successful,23.9,16.3,13.4,45.2,OpenPlay,False
Pass,13,22,10714,248,Successful,13.4,45.8,22.2,75.7,OpenPlay,False
Pass,13,25,130435,248,Successful,20.2,74.0,8.1,58.1,OpenPlay,False
Pass,13,28,10714,248,Successful,7.7,53.6,15.2,21.9,OpenPlay,False
Pass,13,32,44208,248,Successful,20.9,21.0,7.5,48.8,OpenPlay,False
Pass,13,37,10714,248,Successful,8.5,45.8,20.9,24.2,OpenPlay,False
Pass,13,40,44208,248,Successful,23.1,18.2,30.5,5.3,OpenPlay,False
Pass,13,43,136345,248,Successful,36.8,4.0,45.9,1.7,OpenPlay,False
Pass,13,46,262262,248,Successful,48.9,2.9,53,16.7,OpenPlay,False
Pass,13,47,18701,248,Successful,53.3,17.2,48.4,17.4,OpenPlay,False
Pass,13,49,136345,248,Successful,51.0,22.3,45,40.8,OpenPlay,False
Pass,13,50,139111,248,Successful,46.7,39.6,59.7,30.5,OpenPlay,False
Foul,13,53,18701,248,Successful,68.5,28.3,,,OpenPlay,False
Foul,13,53,329409,607,Unsuccessful,31.5,71.7,,,OpenPlay,False
Card,14,19,329409,607,Successful,0.0,0.0,,,OpenPlay,False
Pass,15,13,127970,248,Unsuccessful,69.8,28.1,100,59,OpenPlay,False
Pass,15,24,141646,607,Successful,5.0,38.8,34.8,8.7,OpenPlay,False
Pass,15,29,114168,607,Successful,46.9,8.3,60.5,4.8,OpenPlay,False
Pass,15,31,136481,607,Successful,58.4,4.7,56.4,4.7,OpenPlay,False
Pass,15,32,114168,607,Unsuccessful,60.0,2.9,65.7,0,OpenPlay,False
Pass,15,45,143524,248,Unsuccessful,38.7,100.0,55.7,93,ThrowIn,False
Interception,15,47,19859,607,Successful,41.0,7.9,,,OpenPlay,False
BallTouch,15,48,139111,248,Unsuccessful,49.6,84.7,,,OpenPlay,False
BallRecovery,15,50,117776,607,Successful,53.3,23.9,,,OpenPlay,False
Pass,15,51,117776,607,Successful,52.1,23.5,54.3,36.3,OpenPlay,False
Pass,15,53,241019,607,Successful,58.6,40.6,67.1,35.2,OpenPlay,False
Pass,15,54,329620,607,Successful,67.2,35.5,68,29.9,OpenPlay,False
Foul,16,3,139111,248,Unsuccessful,25.6,89.6,,,OpenPlay,False
Foul,16,3,114168,607,Successful,74.4,10.4,,,OpenPlay,False
Pass,16,36,117776,607,Unsuccessful,74.1,10.2,92.4,71.8,OpenPlay,False
Aerial,16,38,11895,607,Unsuccessful,92.0,69.6,,,OpenPlay,False
Aerial,16,38,262262,248,Successful,8.0,30.4,,,OpenPlay,False
Clearance,16,39,262262,248,Successful,7.7,29.9,0,16.1,OpenPlay,False
CornerAwarded,16,40,262262,248,Unsuccessful,7.4,28.9,,,OpenPlay,False
CornerAwarded,16,40,117776,607,Successful,74.9,9.5,,,OpenPlay,False
Pass,17,15,117776,607,Successful,99.4,99.5,88,43.9,CornerTaken,False
Aerial,17,18,44208,248,Unsuccessful,10.8,58.8,,,OpenPlay,False
Aerial,17,18,19859,607,Successful,89.2,41.2,,,OpenPlay,False
Pass,17,19,19859,607,Unsuccessful,88.0,42.1,86.3,45,OpenPlay,False
Clearance,17,21,143524,248,Successful,13.2,56.3,47.6,44.5,OpenPlay,False
Pass,17,25,328968,607,Unsuccessful,47.5,58.2,71.1,77.2,OpenPlay,False
BallRecovery,17,27,262262,248,Successful,27.3,16.8,,,OpenPlay,False
Pass,17,29,262262,248,Successful,30.9,19.0,46.9,30.1,OpenPlay,False
BallTouch,17,31,127970,248,Unsuccessful,46.5,31.6,,,OpenPlay,False
Pass,17,32,328968,607,Unsuccessful,48.1,62.7,48.4,60.8,OpenPlay,False
BlockedPass,17,32,127970,248,Successful,51.6,39.5,,,OpenPlay,False
BallRecovery,17,33,19859,607,Successful,44.9,50.4,,,OpenPlay,False
Pass,17,34,19859,607,Unsuccessful,45.7,50.5,100,88.8,OpenPlay,False
Pass,17,49,10714,248,Successful,5.1,44.1,25.8,19,OpenPlay,False
Pass,17,51,44208,248,Successful,27.8,23.7,36,6,OpenPlay,False
Pass,17,54,136345,248,Unsuccessful,39.5,4.4,79.2,11.2,OpenPlay,False
BallRecovery,17,57,328968,607,Successful,20.5,89.4,,,OpenPlay,False
Pass,17,58,328968,607,Unsuccessful,15.2,95.8,16.5,95.8,OpenPlay,False
BlockedPass,17,58,347858,248,Successful,83.6,4.6,,,OpenPlay,False
Pass,18,21,262262,248,Successful,77.4,0.0,81.3,15.5,ThrowIn,False
Pass,18,23,18701,248,Successful,80.5,10.6,74.6,13.9,OpenPlay,False
Pass,18,24,136345,248,Successful,74.6,15.3,80.2,13.7,OpenPlay,False
Pass,18,27,18701,248,Unsuccessful,78.6,18.2,97,24.6,OpenPlay,False
Foul,18,30,347858,248,Unsuccessful,96.6,25.4,,,OpenPlay,False
Foul,18,30,11895,607,Successful,3.4,74.6,,,OpenPlay,False
Pass,18,54,141646,607,Successful,4.3,73.4,18.8,35.1,OpenPlay,False
Pass,18,59,19859,607,Successful,22.8,36.5,20.9,70.5,OpenPlay,False
Pass,19,3,11895,607,Successful,21.6,70.7,30.1,55.9,OpenPlay,False
Pass,19,7,329409,607,Successful,38.0,65.5,41.7,96.2,OpenPlay,False
Pass,19,13,328968,607,Successful,43.4,91.7,55,84.7,OpenPlay,False
Pass,19,14,114168,607,Unsuccessful,55.3,85.3,51.9,76.3,OpenPlay,False
Pass,19,15,29072,248,Successful,47.3,23.9,45.7,19.8,OpenPlay,False
Pass,19,16,136345,248,Unsuccessful,45.7,20.7,47.7,22.9,OpenPlay,False
BallTouch,19,17,329409,607,Successful,53.0,75.8,,,OpenPlay,False
Pass,19,18,136345,248,Successful,40.9,21.1,36.5,20.9,OpenPlay,False
BallRecovery,19,19,44208,248,Successful,37.6,20.7,,,OpenPlay,False
Pass,19,20,44208,248,Successful,37.9,21.7,39.3,30.5,OpenPlay,False
Pass,19,21,139111,248,Successful,41.0,32.6,46.6,41.9,OpenPlay,False
Pass,19,23,29072,248,Successful,47.0,62.7,43.6,83.7,OpenPlay,False
Pass,19,27,143524,248,Successful,43.3,81.4,27.6,62.3,OpenPlay,False
Pass,19,30,130435,248,Successful,24.5,53.8,30.5,27.9,OpenPlay,False
Pass,19,36,44208,248,Successful,46.0,17.6,55.6,2,OpenPlay,False
Challenge,19,39,241019,607,Unsuccessful,40.2,95.4,,,OpenPlay,False
TakeOn,19,39,262262,248,Successful,59.8,4.6,,,OpenPlay,False
Dispossessed,19,41,262262,248,Successful,59.8,10.6,,,OpenPlay,False
Tackle,19,41,329409,607,Successful,40.2,89.4,,,OpenPlay,False
BallRecovery,19,42,329409,607,Successful,41.3,88.8,,,OpenPlay,False
Pass,19,43,329409,607,Unsuccessful,43.3,87.4,53.7,89.8,OpenPlay,False
BallRecovery,19,44,44208,248,Successful,46.6,8.7,,,OpenPlay,False
Pass,19,45,44208,248,Successful,45.9,8.1,53,9.1,OpenPlay,False
Pass,19,46,262262,248,Successful,58.1,8.5,62.1,19.6,OpenPlay,False
Pass,19,49,18701,248,Successful,63.0,21.2,58.3,21.2,OpenPlay,False
Pass,19,53,136345,248,Successful,53.3,28.0,46.7,56.4,OpenPlay,False
Pass,19,56,130435,248,Successful,46.7,56.4,57.4,89.4,OpenPlay,False
Dispossessed,20,1,143524,248,Successful,63.1,96.2,,,OpenPlay,False
Tackle,20,1,329620,607,Successful,36.9,3.8,,,OpenPlay,False
Pass,20,5,143524,248,Successful,68.1,100.0,76.5,92.9,ThrowIn,False
Pass,20,7,29072,248,Unsuccessful,80.8,91.9,82.3,71.5,OpenPlay,False
BallRecovery,20,9,19859,607,Successful,18.2,30.5,,,OpenPlay,False
Pass,20,10,19859,607,Unsuccessful,17.9,29.9,32.6,32,OpenPlay,False
BallRecovery,20,12,136345,248,Successful,67.7,68.4,,,OpenPlay,False
Pass,20,16,136345,248,Successful,70.4,59.2,73.8,50.1,OpenPlay,False
BallTouch,20,17,18701,248,Unsuccessful,73.3,46.7,,,OpenPlay,False
Pass,20,18,241019,607,Successful,25.5,59.8,21.6,68.2,OpenPlay,False
BallRecovery,20,19,328968,607,Successful,21.5,67.8,,,OpenPlay,False
Pass,20,20,328968,607,Successful,21.8,68.6,26.4,73,OpenPlay,False
Pass,20,21,241019,607,Unsuccessful,25.9,72.8,24.8,57.5,OpenPlay,False
BallRecovery,20,22,127970,248,Successful,75.6,42.3,,,OpenPlay,False
Pass,20,24,127970,248,Successful,77.6,34.9,86.9,23.9,OpenPlay,False
Pass,20,26,18701,248,Unsuccessful,89.3,23.7,92.5,55.7,OpenPlay,False
Clearance,20,28,136481,607,Successful,7.4,43.9,14.8,54,OpenPlay,False
Clearance,20,30,117776,607,Successful,14.5,55.0,40.6,29.5,OpenPlay,False
Aerial,20,33,143524,248,Unsuccessful,59.3,71.5,,,OpenPlay,False
Aerial,20,33,239872,607,Successful,40.7,28.5,,,OpenPlay,False
Pass,20,34,239872,607,Successful,40.5,27.7,33.6,17.2,OpenPlay,False
BallRecovery,20,35,114168,607,Successful,35.3,16.1,,,OpenPlay,False
Pass,20,37,114168,607,Successful,38.5,10.4,52.1,5.6,OpenPlay,False
Pass,20,39,239872,607,Successful,48.1,6.2,45.2,12.8,OpenPlay,False
Pass,20,42,114168,607,Successful,54.7,26.8,62.3,34.5,OpenPlay,False
Pass,20,44,241019,607,Successful,61.5,34.8,56.7,30.3,OpenPlay,False
Pass,20,46,114168,607,Successful,57.0,31.8,74.5,90.7,OpenPlay,False
Pass,20,50,328968,607,Unsuccessful,86.3,85.1,93.6,0,OpenPlay,False
Pass,21,12,143524,248,Successful,9.4,100.0,28.5,94.1,ThrowIn,False
Aerial,21,14,19859,607,Unsuccessful,67.1,7.5,,,OpenPlay,False
Aerial,21,14,18701,248,Successful,32.9,92.5,,,OpenPlay,False
Pass,21,15,18701,248,Unsuccessful,32.0,93.1,24.9,88.2,OpenPlay,False
Pass,21,16,114168,607,Successful,74.6,11.4,79.8,3.1,OpenPlay,False
Pass,21,17,239872,607,Unsuccessful,78.8,1.7,86,14.9,OpenPlay,False
Clearance,21,18,130435,248,Successful,13.7,85.1,14.1,85.7,OpenPlay,False
Foul,21,20,,248,Successful,14.0,85.6,,,OpenPlay,False
Foul,21,20,329620,607,Unsuccessful,86.0,14.4,,,OpenPlay,False
Pass,21,55,10714,248,Unsuccessful,18.5,85.7,61.4,89.4,OpenPlay,False
Aerial,21,56,29072,248,Unsuccessful,61.3,89.4,,,OpenPlay,False
Aerial,21,56,19859,607,Successful,38.7,10.6,,,OpenPlay,False
Pass,21,57,19859,607,Successful,39.2,11.2,31.6,10.2,OpenPlay,False
BallRecovery,21,58,136481,607,Successful,30.8,12.0,,,OpenPlay,False
Pass,21,59,136481,607,Unsuccessful,30.5,11.6,39.5,26.4,OpenPlay,False
Pass,22,2,139111,248,Unsuccessful,61.0,71.5,85.3,66.7,OpenPlay,False
KeeperPickup,22,4,141646,607,Successful,14.7,32.2,,,OpenPlay,False
Pass,22,5,141646,607,Successful,14.7,32.2,20.5,31.3,OpenPlay,False
Pass,22,8,19859,607,Successful,20.3,31.3,24.9,34.5,OpenPlay,False
Pass,22,12,329409,607,Successful,28.0,20.7,41.7,6.8,OpenPlay,False
Pass,22,16,239872,607,Unsuccessful,40.2,4.7,39.5,6.1,OpenPlay,False
BlockedPass,22,16,29072,248,Successful,59.5,96.6,,,OpenPlay,False
Dispossessed,22,19,117776,607,Successful,41.9,21.0,,,OpenPlay,False
Tackle,22,19,18701,248,Successful,58.1,79.0,,,OpenPlay,False
BallRecovery,22,20,127970,248,Successful,55.6,70.9,,,OpenPlay,False
Pass,22,21,127970,248,Successful,56.6,64.9,56.3,56.3,OpenPlay,False
Pass,22,23,136345,248,Successful,56.8,49.1,66.6,41.2,OpenPlay,False
Challenge,22,26,329409,607,Unsuccessful,29.3,54.8,,,OpenPlay,False
TakeOn,22,26,347858,248,Successful,70.7,45.2,,,OpenPlay,False
Pass,22,29,347858,248,Successful,71.1,64.5,76.5,66.2,OpenPlay,False
Pass,22,31,29072,248,Unsuccessful,76.6,64.7,81.8,48.2,OpenPlay,False
Interception,22,32,11895,607,Successful,19.5,50.1,,,OpenPlay,False
BallRecovery,22,33,329409,607,Successful,23.9,49.3,,,OpenPlay,False
Pass,22,34,329409,607,Successful,24.2,48.2,31.3,65.1,OpenPlay,False
TakeOn,22,36,241019,607,Unsuccessful,34.8,69.9,,,OpenPlay,False
Tackle,22,36,262262,248,Unsuccessful,65.2,30.1,,,OpenPlay,False
Pass,22,37,241019,607,Successful,38.2,79.1,51.9,95.4,OpenPlay,False
Pass,22,41,114168,607,Successful,49.0,89.3,78.7,24.7,OpenPlay,False
Pass,22,48,239872,607,Successful,80.1,26.2,80.9,45.7,OpenPlay,False
Dispossessed,22,50,241019,607,Successful,81.6,44.6,,,OpenPlay,False
Tackle,22,50,262262,248,Successful,18.4,55.4,,,OpenPlay,False
BallRecovery,22,51,136345,248,Successful,19.4,63.0,,,OpenPlay,False
Pass,22,52,136345,248,Successful,19.4,62.9,29.2,67.2,OpenPlay,False
Pass,23,0,127970,248,Successful,67.2,48.7,70.7,25.8,OpenPlay,False
Pass,23,4,29072,248,Successful,81.1,25.8,98.3,24.7,OpenPlay,False
Pass,23,6,347858,248,Unsuccessful,98.3,24.7,98.6,27.6,OpenPlay,False
BlockedPass,23,6,328968,607,Successful,1.3,71.1,,,OpenPlay,False
CornerAwarded,23,7,347858,248,Successful,99.2,25.6,,,OpenPlay,False
CornerAwarded,23,7,328968,607,Unsuccessful,0.8,70.9,,,OpenPlay,False
Pass,23,40,127970,248,Unsuccessful,99.4,0.7,93.3,55.5,CornerTaken,False
Claim,23,43,141646,607,Successful,7.4,43.5,,,OpenPlay,False
Pass,23,48,141646,607,Unsuccessful,15.4,35.3,77.1,32,OpenPlay,False
KeeperSweeper,23,51,10714,248,Successful,0.0,0.0,,,OpenPlay,False
BallRecovery,23,55,10714,248,Successful,19.7,82.4,,,OpenPlay,False
Clearance,23,56,10714,248,Successful,19.5,82.6,24.5,100,OpenPlay,False
Pass,24,2,136481,607,Successful,74.4,0.0,76.8,9.7,ThrowIn,False
BallTouch,24,3,239872,607,Unsuccessful,76.5,10.2,,,OpenPlay,False
BallRecovery,24,4,143524,248,Successful,20.7,87.0,,,OpenPlay,False
Pass,24,5,143524,248,Successful,20.2,87.4,23.8,78.3,OpenPlay,False
Pass,24,6,139111,248,Successful,28.2,82.8,36.3,91.1,OpenPlay,False
Pass,24,11,29072,248,Unsuccessful,44.9,82.6,84.7,56,OpenPlay,False
BallRecovery,24,14,141646,607,Successful,14.7,43.7,,,OpenPlay,False
Pass,24,15,141646,607,Successful,15.0,45.4,27.5,75.4,OpenPlay,False
Pass,24,20,11895,607,Successful,25.3,75.1,28.9,51.6,OpenPlay,False
Pass,24,26,329409,607,Successful,34.8,41.0,25.8,43.5,OpenPlay,False
Pass,24,29,19859,607,Successful,26.1,43.5,28.9,69,OpenPlay,False
Pass,24,31,11895,607,Successful,30.9,70.2,43.1,67.8,OpenPlay,False
Pass,24,34,329409,607,Successful,42.7,75.6,54.4,97.7,OpenPlay,False
Pass,24,36,328968,607,Successful,53.7,97.7,45,95,OpenPlay,False
Pass,24,39,329409,607,Successful,41.0,93.4,34.2,80.8,OpenPlay,False
Pass,24,41,11895,607,Successful,30.5,73.2,29.2,32.4,OpenPlay,False
Pass,24,46,19859,607,Successful,30.6,31.2,28.6,64.9,OpenPlay,False
Pass,24,48,11895,607,Successful,29.1,67.4,44.9,85.7,OpenPlay,False
Pass,24,56,329409,607,Successful,56.3,72.3,71.7,7.3,OpenPlay,False
Pass,25,0,136481,607,Successful,71.4,7.7,71.9,15.9,OpenPlay,False
Pass,25,3,239872,607,Successful,68.4,5.6,60.2,11.4,OpenPlay,False
Pass,25,6,117776,607,Successful,60.7,15.1,68.7,10.8,OpenPlay,False
Pass,25,9,136481,607,Successful,68.2,12.2,76.2,2,OpenPlay,False
TakeOn,25,10,239872,607,Unsuccessful,76.5,2.5,,,OpenPlay,False
Tackle,25,10,143524,248,Successful,23.5,97.5,,,OpenPlay,False
Pass,25,24,136481,607,Successful,75.5,0.0,73.4,12.4,ThrowIn,False
Pass,25,26,329409,607,Unsuccessful,71.1,10.7,72.6,11.7,OpenPlay,False
BlockedPass,25,26,136345,248,Successful,30.9,93.2,,,OpenPlay,False
Pass,25,31,136481,607,Successful,72.1,0.0,70.8,10.8,ThrowIn,False
Pass,25,33,329409,607,Successful,71.1,9.5,71.8,1.3,OpenPlay,False
BallTouch,25,34,136481,607,Unsuccessful,72.1,1.5,,,OpenPlay,False
Pass,25,56,143524,248,Successful,30.8,100.0,28.3,72.6,ThrowIn,False
Pass,26,1,139111,248,Successful,25.9,69.0,21.2,85.9,OpenPlay,False
Pass,26,2,143524,248,Successful,21.1,87.0,3.4,57.3,OpenPlay,False
Pass,26,5,10714,248,Unsuccessful,3.6,57.9,41.2,74.2,OpenPlay,False
BallRecovery,26,9,117776,607,Successful,57.0,26.6,,,OpenPlay,False
Pass,26,10,117776,607,Successful,58.5,27.2,60.5,36.1,OpenPlay,False
Dispossessed,26,11,329409,607,Successful,62.8,32.6,,,OpenPlay,False
Tackle,26,11,136345,248,Unsuccessful,37.2,67.4,,,OpenPlay,False
Pass,26,12,117776,607,Successful,61.3,30.6,65.9,47.6,OpenPlay,False
Pass,26,14,241019,607,Successful,65.6,49.1,70.3,41.6,OpenPlay,False
Pass,26,15,329620,607,Successful,70.3,41.6,70.2,57.3,OpenPlay,False
Pass,26,19,241019,607,Unsuccessful,68.8,55.3,69.8,44.5,OpenPlay,False
Interception,26,20,139111,248,Successful,29.8,57.1,,,OpenPlay,False
Pass,26,24,19859,607,Successful,53.5,35.7,61.4,26.8,OpenPlay,False
Pass,26,25,117776,607,Successful,59.4,18.8,68.8,4.4,OpenPlay,False
Pass,26,28,136481,607,Successful,69.0,15.3,69.5,26.8,OpenPlay,False
Pass,26,29,241019,607,Unsuccessful,69.5,26.8,74.5,28.6,OpenPlay,False
BallRecovery,26,30,139111,248,Successful,24.6,74.7,,,OpenPlay,False
Pass,26,31,139111,248,Successful,25.1,74.8,33,61.2,OpenPlay,False
TakeOn,26,33,136345,248,Unsuccessful,38.4,63.3,,,OpenPlay,False
Tackle,26,33,329409,607,Successful,61.6,36.7,,,OpenPlay,False
BallRecovery,26,34,329409,607,Successful,62.4,33.2,,,OpenPlay,False
Pass,26,36,329409,607,Successful,67.3,26.5,68.2,6.5,OpenPlay,False
Pass,26,39,114168,607,Successful,68.5,5.2,75,4.7,ShotAssist,False
MissedShots,26,47,136481,607,Successful,96.0,30.5,,,OpenPlay,False
Pass,27,17,10714,248,Unsuccessful,4.9,58.5,36.7,95.4,OpenPlay,False
Pass,27,19,136481,607,Successful,64.8,3.8,60.1,14.3,OpenPlay,False
BallRecovery,27,20,117776,607,Successful,62.8,16.4,,,OpenPlay,False
Pass,27,21,117776,607,Successful,60.5,14.3,65.1,33,ShotAssist,False
Save,27,25,44208,248,Successful,19.4,59.2,,,OpenPlay,False
SavedShot,27,25,114168,607,Successful,74.8,38.6,,,OpenPlay,False
CornerAwarded,27,26,44208,248,Unsuccessful,18.8,57.3,,,OpenPlay,False
CornerAwarded,27,26,114168,607,Successful,75.1,40.0,,,OpenPlay,False
Pass,28,8,117776,607,Successful,99.3,0.5,87.3,45.4,ShotAssist,False
SavedShot,28,12,19859,607,Successful,86.6,45.0,,,OpenPlay,False
Save,28,12,10714,248,Successful,1.8,51.9,,,OpenPlay,False
CornerAwarded,28,13,10714,248,Unsuccessful,1.8,53.6,,,OpenPlay,False
CornerAwarded,28,13,19859,607,Successful,87.0,44.3,,,OpenPlay,False
Pass,28,31,117776,607,Successful,99.4,0.5,85.9,56.5,CornerTaken,False
Aerial,28,32,143524,248,Unsuccessful,14.2,43.7,,,OpenPlay,False
Aerial,28,32,329409,607,Successful,85.8,56.3,,,OpenPlay,False
Pass,28,33,329409,607,Unsuccessful,85.5,56.5,86.6,54.4,OpenPlay,False
BallTouch,28,34,143524,248,Successful,13.1,45.0,,,OpenPlay,False
Pass,28,35,19859,607,Successful,81.5,46.4,74.2,48.2,OpenPlay,False
Pass,28,36,241019,607,Successful,74.4,46.0,71.5,26.8,OpenPlay,False
Pass,28,39,114168,607,Successful,69.2,25.0,75.6,6.9,OpenPlay,False
Pass,28,41,117776,607,Successful,75.9,8.7,97.4,17.4,OpenPlay,False
Pass,28,44,241019,607,Successful,98.2,16.9,89.6,31.8,OpenPlay,False
Pass,28,46,19859,607,Successful,91.5,30.7,89.2,12.2,OpenPlay,False
Pass,28,50,114168,607,Successful,91.6,13.2,89.2,96.2,OpenPlay,False
Pass,28,57,239872,607,Unsuccessful,91.2,90.7,94.2,53.2,OpenPlay,False
Foul,29,0,10714,248,Successful,6.6,45.6,,,OpenPlay,False
Foul,29,0,11895,607,Unsuccessful,93.4,54.4,,,OpenPlay,False
Pass,29,28,10714,248,Successful,7.4,48.0,23.1,52.4,OpenPlay,False
Pass,29,29,139111,248,Successful,27.4,48.8,37.3,33.1,OpenPlay,False
Pass,29,30,136345,248,Successful,37.3,33.1,53,20.7,OpenPlay,False
TakeOn,29,34,347858,248,Unsuccessful,54.4,25.0,,,OpenPlay,False
Tackle,29,34,328968,607,Successful,45.6,75.0,,,OpenPlay,False
BallRecovery,29,35,328968,607,Successful,49.4,74.1,,,OpenPlay,False
Pass,29,36,328968,607,Successful,51.4,73.3,55.1,68.5,OpenPlay,False
Pass,29,37,114168,607,Successful,55.1,68.5,73.7,94.8,OpenPlay,False
Pass,29,43,241019,607,Successful,79.2,78.4,75.3,53.3,OpenPlay,False
Pass,29,45,114168,607,Successful,74.5,48.7,77.9,34,ShotAssist,False
MissedShots,29,48,117776,607,Successful,80.5,32.6,,,OpenPlay,False
Pass,30,8,10714,248,Successful,4.4,57.5,21.3,54,OpenPlay,False
Foul,30,15,139111,248,Successful,45.2,70.2,,,OpenPlay,False
Foul,30,15,329620,607,Unsuccessful,54.8,29.8,,,OpenPlay,False
Pass,30,42,139111,248,Successful,42.9,68.7,47.9,57.3,OpenPlay,False
Pass,30,45,29072,248,Successful,48.4,59.8,36.3,43.5,OpenPlay,False
Pass,30,49,44208,248,Successful,40.0,30.3,48.7,3.8,OpenPlay,False
Pass,30,51,262262,248,Successful,51.1,4.0,58.7,12.2,OpenPlay,False
Pass,30,52,18701,248,Successful,59.2,7.0,63.2,2.9,OpenPlay,False
Pass,30,55,262262,248,Successful,70.3,16.1,69.8,24.3,OpenPlay,False
Pass,30,56,18701,248,Unsuccessful,69.8,24.3,100,34.9,OpenPlay,False
Pass,31,24,141646,607,Unsuccessful,4.7,49.1,73.5,36.4,OpenPlay,False
Pass,31,29,44208,248,Successful,27.5,66.8,2.8,68.5,OpenPlay,False
BallRecovery,31,33,10714,248,Successful,3.0,68.5,,,OpenPlay,False
Pass,31,35,10714,248,Successful,4.6,60.0,18.2,35.5,OpenPlay,False
Pass,31,42,44208,248,Successful,31.8,34.2,39.9,3.7,OpenPlay,False
Pass,31,45,262262,248,Successful,39.9,4.3,47.8,17,OpenPlay,False
Pass,31,49,18701,248,Successful,41.9,26.4,32.3,56.1,OpenPlay,False
Pass,31,52,130435,248,Successful,32.6,54.2,36.7,23.3,OpenPlay,False
Pass,31,57,44208,248,Successful,41.1,23.0,70.6,93.8,OpenPlay,False
Pass,32,2,127970,248,Successful,74.7,90.5,76.5,77.9,OpenPlay,False
Pass,32,3,29072,248,Successful,76.5,77.9,71.1,77.9,OpenPlay,False
Pass,32,5,127970,248,Successful,71.0,76.9,67.2,63.3,OpenPlay,False
Pass,32,7,139111,248,Successful,67.5,63.3,68.1,11.7,OpenPlay,False
Pass,32,11,262262,248,Successful,68.1,11.8,68,25.4,OpenPlay,False
Pass,32,12,136345,248,Successful,67.5,20.6,69.1,6.7,OpenPlay,False
Pass,32,14,262262,248,Unsuccessful,72.5,7.5,79.9,34.2,OpenPlay,False
BallRecovery,32,16,11895,607,Successful,19.9,62.1,,,OpenPlay,False
Pass,32,18,11895,607,Successful,21.5,64.6,26.1,73.8,OpenPlay,False
Pass,32,20,328968,607,Successful,26.5,77.2,34.9,92.3,OpenPlay,False
Foul,32,24,262262,248,Unsuccessful,68.8,5.6,,,OpenPlay,False
Foul,32,24,241019,607,Successful,31.2,94.4,,,OpenPlay,False
Pass,32,40,328968,607,Successful,32.5,92.6,31,79,OpenPlay,False
Pass,32,41,11895,607,Successful,31.0,79.0,28,49,OpenPlay,False
Pass,32,48,19859,607,Successful,31.2,43.9,31.9,63,OpenPlay,False
Pass,32,50,11895,607,Successful,28.9,70.3,37.3,64.9,OpenPlay,False
Pass,32,53,329409,607,Successful,36.3,72.7,44,96.5,OpenPlay,False
Pass,32,57,328968,607,Successful,43.2,95.7,38.5,75.6,OpenPlay,False
Pass,32,59,329409,607,Successful,36.5,70.9,43.5,52.5,OpenPlay,False
Pass,33,2,117776,607,Successful,46.7,59.0,57.4,65.5,OpenPlay,False
Pass,33,4,329620,607,Successful,54.6,56.1,55.9,32.4,OpenPlay,False
Pass,33,6,114168,607,Successful,56.9,31.3,68.6,31,OpenPlay,False
Pass,33,9,239872,607,Successful,66.3,17.6,60.6,21.2,OpenPlay,False
Pass,33,10,114168,607,Successful,60.6,21.2,64.4,15.6,OpenPlay,False
Pass,33,11,239872,607,Successful,64.7,15.9,61.8,18.3,OpenPlay,False
Pass,33,13,114168,607,Successful,60.6,19.8,60.4,50.7,OpenPlay,False
Pass,33,16,329409,607,Successful,56.6,51.9,46.5,58.4,OpenPlay,False
Pass,33,19,11895,607,Successful,54.4,68.6,60.3,95,OpenPlay,False
Pass,33,22,328968,607,Successful,58.7,95.1,65.7,86,OpenPlay,False
Pass,33,26,241019,607,Unsuccessful,69.4,84.9,86.8,100,OpenPlay,False
Pass,33,42,262262,248,Successful,19.7,0.0,31.9,14,ThrowIn,False
Aerial,33,44,117776,607,Unsuccessful,69.6,85.1,,,OpenPlay,False
Aerial,33,44,29072,248,Successful,30.4,14.9,,,OpenPlay,False
Pass,33,45,29072,248,Unsuccessful,31.9,14.0,40,8.5,OpenPlay,False
Pass,33,47,328968,607,Unsuccessful,62.8,90.9,66.8,86.6,OpenPlay,False
Pass,33,50,18701,248,Successful,42.2,10.3,57.9,4.7,OpenPlay,False
Pass,33,58,347858,248,Unsuccessful,86.0,27.2,100,66,OpenPlay,False
Pass,34,14,141646,607,Successful,1.1,38.6,23.4,9.3,OpenPlay,False
Pass,34,17,239872,607,Successful,24.2,13.7,31.9,32.1,OpenPlay,False
Pass,34,20,117776,607,Successful,31.5,33.3,21.4,32.8,OpenPlay,False
Pass,34,24,19859,607,Successful,27.4,40.6,23.2,50.4,OpenPlay,False
Pass,34,26,11895,607,Successful,26.2,54.5,32,73.9,OpenPlay,False
Pass,34,37,329409,607,Successful,53.9,79.0,61.9,8.9,OpenPlay,False
Pass,34,45,136481,607,Unsuccessful,86.2,17.8,91.2,39.8,OpenPlay,False
Clearance,34,46,130435,248,Successful,8.8,61.4,4.6,74.4,OpenPlay,False
Clearance,34,48,127970,248,Successful,4.6,75.2,15.5,61.1,OpenPlay,False
Clearance,34,51,139111,248,Successful,15.5,61.1,27.1,58.7,OpenPlay,False
BallRecovery,34,52,29072,248,Successful,27.1,58.7,,,OpenPlay,False
Pass,34,53,29072,248,Successful,27.1,58.7,24.2,53.4,OpenPlay,False
Pass,34,54,136345,248,Successful,23.9,52.4,28.5,27.4,OpenPlay,False
TakeOn,34,59,347858,248,Unsuccessful,39.7,31.6,,,OpenPlay,False
BallRecovery,35,2,11895,607,Successful,38.7,65.8,,,OpenPlay,False
Pass,35,4,11895,607,Successful,42.7,65.8,52.4,85.9,OpenPlay,False
Pass,35,11,328968,607,Successful,73.8,97.3,67.5,95.6,OpenPlay,False
Pass,35,15,241019,607,Successful,67.1,94.5,62.6,64.8,OpenPlay,False
Pass,35,21,114168,607,Successful,61.5,62.3,64.8,54,OpenPlay,False
Pass,35,22,241019,607,Successful,64.8,53.4,66,62.5,OpenPlay,False
Pass,35,23,114168,607,Unsuccessful,66.0,62.3,70.8,62.5,OpenPlay,False
Interception,35,25,44208,248,Successful,27.2,41.5,,,OpenPlay,False
BallRecovery,35,26,139111,248,Successful,31.8,43.9,,,OpenPlay,False
Pass,35,27,139111,248,Successful,32.3,52.8,37.9,56.3,OpenPlay,False
Pass,35,29,127970,248,Successful,46.3,48.2,54.4,32.2,OpenPlay,False
Pass,35,30,347858,248,Successful,54.3,31.5,60.8,37.7,OpenPlay,False
Pass,35,32,136345,248,Successful,60.8,36.7,89.5,7.3,OpenPlay,False
Pass,35,37,18701,248,Unsuccessful,88.8,8.5,89.2,45.6,OpenPlay,False
BallRecovery,35,39,19859,607,Successful,10.8,54.6,,,OpenPlay,False
Pass,35,40,19859,607,Successful,10.5,54.2,36.6,88,OpenPlay,False
Pass,35,45,241019,607,Successful,37.7,82.3,43.7,76.1,OpenPlay,False
Pass,35,46,114168,607,Successful,43.0,75.4,56.6,92.5,OpenPlay,False
Pass,35,51,241019,607,Successful,73.9,74.0,72.9,51.3,ShotAssist,False
SavedShot,35,55,114168,607,Successful,78.6,42.3,,,OpenPlay,False
BallTouch,35,56,329620,607,Successful,84.7,47.6,,,OpenPlay,False
Pass,36,23,10714,248,Successful,5.0,43.1,21.4,20.9,OpenPlay,False
Pass,36,27,44208,248,Successful,29.0,19.8,29.5,31,OpenPlay,False
Pass,36,31,139111,248,Successful,30.5,32.1,35.3,17.4,OpenPlay,False
Pass,36,35,44208,248,Successful,41.6,9.3,60.4,1.7,OpenPlay,False
Pass,36,38,262262,248,Successful,60.8,2.8,77.1,20,OpenPlay,False
Foul,36,40,347858,248,Unsuccessful,77.1,23.5,,,OpenPlay,False
Foul,36,40,,607,Successful,22.9,76.5,,,OpenPlay,False
Card,36,50,347858,248,Successful,0.0,0.0,,,OpenPlay,False
Pass,37,20,141646,607,Successful,11.8,45.6,30.8,96,OpenPlay,False
Pass,37,28,329409,607,Successful,57.7,97.7,63.2,88.6,OpenPlay,False
Dispossessed,37,32,328968,607,Successful,62.6,90.8,,,OpenPlay,False
Tackle,37,32,262262,248,Unsuccessful,37.4,9.2,,,OpenPlay,False
Dispossessed,37,33,328968,607,Successful,60.1,94.6,,,OpenPlay,False
Tackle,37,33,262262,248,Successful,39.9,5.4,,,OpenPlay,False
BallRecovery,37,34,262262,248,Successful,41.2,4.7,,,OpenPlay,False
Pass,37,35,262262,248,Unsuccessful,42.9,5.4,55.4,28.5,OpenPlay,False
BallRecovery,37,37,11895,607,Successful,43.1,71.4,,,OpenPlay,False
Pass,37,39,11895,607,Successful,45.5,68.1,44.8,32.8,OpenPlay,False
Pass,37,42,136481,607,Successful,44.0,27.7,53.7,5.6,OpenPlay,False
Pass,37,46,239872,607,Unsuccessful,53.6,14.9,61.4,27.2,OpenPlay,False
Pass,37,48,139111,248,Successful,39.3,71.7,48,74,OpenPlay,False
TakeOn,37,49,29072,248,Unsuccessful,45.8,75.1,,,OpenPlay,False
Tackle,37,49,114168,607,Successful,54.2,24.9,,,OpenPlay,False
Pass,37,50,117776,607,Successful,45.4,22.8,51,19.1,OpenPlay,False
Pass,37,52,114168,607,Unsuccessful,54.8,18.2,72.2,30.1,OpenPlay,False
Clearance,37,53,44208,248,Successful,27.3,71.1,21.9,100,OpenPlay,False
Pass,38,3,136481,607,Successful,71.3,0.0,59.6,13.5,ThrowIn,False
Pass,38,5,117776,607,Successful,57.8,13.7,60.7,4.8,OpenPlay,False
Pass,38,7,114168,607,Successful,61.7,5.4,70.7,14.5,OpenPlay,False
Pass,38,9,239872,607,Successful,70.1,16.7,73.6,25.4,OpenPlay,False
Pass,38,10,329620,607,Unsuccessful,74.6,27.9,67.7,29.7,OpenPlay,False
BallRecovery,38,11,136345,248,Successful,33.3,69.1,,,OpenPlay,False
Pass,38,13,136345,248,Successful,33.9,68.6,58.4,83.7,OpenPlay,False
Pass,38,14,18701,248,Successful,58.4,83.1,55.7,89.8,OpenPlay,False
Foul,38,18,127970,248,Successful,66.2,84.5,,,OpenPlay,False
Foul,38,18,117776,607,Unsuccessful,33.8,15.5,,,OpenPlay,False
Pass,39,5,136345,248,Unsuccessful,65.5,88.4,92.9,42.4,OpenPlay,False
Claim,39,9,141646,607,Successful,7.1,58.5,,,OpenPlay,False
Pass,39,17,141646,607,Successful,13.2,52.2,26.1,73,OpenPlay,False
Pass,39,20,328968,607,Successful,26.2,73.2,32.6,68.4,OpenPlay,False
Pass,39,25,329409,607,Successful,43.0,79.9,47.3,68.5,OpenPlay,False
Pass,39,26,241019,607,Successful,47.3,71.5,37.2,85.1,OpenPlay,False
Pass,39,30,329409,607,Successful,36.9,78.9,32.9,33.4,OpenPlay,False
Pass,39,37,19859,607,Successful,57.6,12.0,65.2,5,OpenPlay,False
Pass,39,40,136481,607,Unsuccessful,61.5,8.6,61.9,16.2,OpenPlay,False
Pass,39,41,127970,248,Successful,35.8,84.9,38.2,89.4,OpenPlay,False
BallRecovery,39,42,29072,248,Successful,38.3,90.1,,,OpenPlay,False
Pass,39,43,29072,248,Successful,38.0,90.5,38,80.4,OpenPlay,False
Pass,39,44,139111,248,Successful,39.0,83.3,42.9,92.3,OpenPlay,False
Pass,39,46,29072,248,Successful,43.9,88.4,43.9,64.5,ShotAssist,False
Challenge,39,48,329409,607,Unsuccessful,52.4,41.8,,,OpenPlay,False
TakeOn,39,48,136345,248,Successful,47.6,58.2,,,OpenPlay,False
MissedShots,39,52,136345,248,Successful,70.5,38.4,,,OpenPlay,False
Pass,40,27,141646,607,Unsuccessful,4.9,46.4,45.8,0,OpenPlay,False
Pass,40,35,29072,248,Successful,52.8,100.0,53.5,81.8,ThrowIn,False
Pass,40,36,18701,248,Successful,53.5,81.8,38.8,72.3,OpenPlay,False
Pass,40,38,44208,248,Unsuccessful,40.7,70.7,70.9,100,OpenPlay,False
Pass,40,48,136481,607,Successful,29.2,0.0,22.4,53.7,ThrowIn,False
Pass,40,53,11895,607,Successful,24.5,52.8,26.3,33.4,OpenPlay,False
Pass,40,58,19859,607,Successful,30.5,34.7,32.8,73.4,OpenPlay,False
Pass,41,2,11895,607,Successful,37.5,77.3,48.9,95.8,OpenPlay,False
Pass,41,6,241019,607,Successful,52.8,94.2,59.4,96,OpenPlay,False
Pass,41,8,328968,607,Successful,58.5,97.9,42.4,93.6,OpenPlay,False
Pass,41,12,241019,607,Successful,42.9,93.6,33.3,82.2,OpenPlay,False
Pass,41,14,11895,607,Successful,31.5,76.9,31.1,49.5,OpenPlay,False
Pass,41,17,19859,607,Successful,33.0,45.7,35.3,72.4,OpenPlay,False
Pass,41,20,11895,607,Successful,36.9,71.1,52.6,95.3,OpenPlay,False
Pass,41,26,328968,607,Successful,45.4,88.6,35,74.6,OpenPlay,False
Pass,41,29,11895,607,Successful,33.2,69.3,32.4,49,OpenPlay,False
Pass,41,35,19859,607,Successful,45.6,33.3,46.3,14.3,OpenPlay,False
Pass,41,40,117776,607,Successful,56.3,9.7,69.9,5,OpenPlay,False
Pass,41,42,239872,607,Successful,70.2,5.4,76.1,9.7,OpenPlay,False
Pass,41,43,136481,607,Successful,79.1,6.6,96,4.2,OpenPlay,False
Pass,41,51,239872,607,Successful,86.0,11.3,71.3,36.1,OpenPlay,False
Pass,41,53,329409,607,Successful,71.3,36.1,80.3,88.7,OpenPlay,False
Pass,41,59,241019,607,Successful,86.7,75.6,81.2,66.3,OpenPlay,False
Pass,42,0,239872,607,Unsuccessful,81.2,66.3,86.7,65.5,OpenPlay,False
Pass,42,1,44208,248,Successful,13.8,37.5,19.2,28.9,OpenPlay,False
BallRecovery,42,2,136345,248,Successful,19.2,28.9,,,OpenPlay,False
Pass,42,3,136345,248,Successful,20.5,23.3,36.2,27.2,ShotAssist,False
SavedShot,42,12,29072,248,Successful,73.8,44.1,,,OpenPlay,False
Save,42,12,19859,607,Successful,21.6,50.5,,,OpenPlay,False
CornerAwarded,42,14,29072,248,Successful,72.8,44.5,,,OpenPlay,False
CornerAwarded,42,14,19859,607,Unsuccessful,21.4,52.0,,,OpenPlay,False
Pass,42,50,136345,248,Successful,99.5,99.5,94.6,77.5,CornerTaken,False
Pass,42,53,347858,248,Successful,94.6,77.5,91.2,85.6,OpenPlay,False
Pass,42,54,136345,248,Unsuccessful,91.2,85.6,90.6,81.7,OpenPlay,False
Clearance,42,54,114168,607,Successful,11.8,16.7,11.8,16.7,OpenPlay,False
BallRecovery,42,55,114168,607,Successful,13.0,16.5,,,OpenPlay,False
Pass,42,58,114168,607,Successful,12.8,10.2,37,9.9,OpenPlay,False
Pass,43,6,241019,607,Successful,75.4,26.2,81.2,35.1,OpenPlay,False
Pass,43,11,329620,607,Unsuccessful,93.7,28.1,90.9,54,OpenPlay,False
Clearance,43,13,262262,248,Successful,9.1,46.1,23,70.8,OpenPlay,False
BallRecovery,43,14,347858,248,Successful,24.0,71.5,,,OpenPlay,False
Pass,43,16,347858,248,Successful,24.2,73.3,21.7,70.5,OpenPlay,False
Pass,43,17,127970,248,Successful,21.7,70.5,27.3,56.9,OpenPlay,False
Pass,43,19,44208,248,Successful,27.3,56.9,24.3,66,OpenPlay,False
Pass,43,20,127970,248,Successful,25.3,65.8,37.2,64.6,OpenPlay,False
Pass,43,21,136345,248,Unsuccessful,37.2,64.6,35.7,64.8,OpenPlay,False
BallRecovery,43,22,114168,607,Successful,64.3,43.7,,,OpenPlay,False
Pass,43,23,114168,607,Successful,64.4,41.2,87.3,13.7,OpenPlay,False
Pass,43,30,241019,607,Unsuccessful,88.6,31.4,91,44.7,OpenPlay,False
Clearance,43,31,44208,248,Successful,8.3,53.0,14.8,71.9,OpenPlay,False
Pass,43,35,241019,607,Successful,77.2,13.7,88.1,15.6,OpenPlay,False
Pass,43,37,136481,607,Successful,91.6,17.8,88.2,70.1,ShotAssist,False
MissedShots,43,39,114168,607,Successful,88.0,70.8,,,OpenPlay,False
Pass,44,4,10714,248,Successful,4.1,40.7,30.3,41.8,OpenPlay,False
Pass,44,5,139111,248,Successful,25.4,53.0,26.2,25.8,OpenPlay,False
Pass,44,7,44208,248,Successful,32.2,16.5,46.2,2.3,OpenPlay,False
Pass,44,10,262262,248,Successful,46.7,3.5,60.5,7.6,OpenPlay,False
Pass,44,14,18701,248,Successful,69.2,5.2,73.7,11.9,OpenPlay,False
Pass,44,15,347858,248,Successful,73.7,11.9,70.5,16.7,OpenPlay,False
Pass,44,17,18701,248,Successful,73.1,29.1,71.8,39,OpenPlay,False
Pass,44,18,29072,248,Successful,68.8,47.2,73.2,83.5,OpenPlay,False
Pass,44,22,143524,248,Unsuccessful,91.2,87.2,91.5,83.8,OpenPlay,False
Clearance,44,22,136481,607,Successful,8.2,13.1,8.2,13.1,OpenPlay,False
CornerAwarded,44,24,143524,248,Successful,90.7,86.6,,,OpenPlay,False
CornerAwarded,44,24,136481,607,Unsuccessful,9.1,15.9,,,OpenPlay,False
Pass,44,53,136345,248,Unsuccessful,99.5,99.5,94.5,47.6,CornerTaken,False
Claim,44,55,141646,607,Successful,5.0,52.4,,,OpenPlay,False
Pass,44,57,141646,607,Successful,9.0,55.3,34,71.3,OpenPlay,False
Pass,45,2,239872,607,Unsuccessful,44.9,69.9,59,41,OpenPlay,False
BallRecovery,45,3,143524,248,Successful,40.7,56.0,,,OpenPlay,False
End,45,4,,248,Successful,0.0,0.0,,,OpenPlay,False
End,45,4,,607,Successful,0.0,0.0,,,OpenPlay,False
Start,45,0,,248,Successful,0.0,0.0,,,OpenPlay,False
Start,45,0,,607,Successful,0.0,0.0,,,OpenPlay,False
Pass,45,1,18701,248,Successful,49.9,50.3,47.4,46.4,OpenPlay,False
Pass,45,3,29072,248,Successful,48.0,40.2,48,31,OpenPlay,False
Pass,45,5,136345,248,Successful,48.0,26.8,54,6.9,OpenPlay,False
Pass,45,6,262262,248,Successful,54.6,6.2,53,20.7,OpenPlay,False
Pass,45,9,136345,248,Successful,57.8,14.5,60,25.8,OpenPlay,False
Pass,45,10,29072,248,Successful,57.4,25.0,54,4.6,OpenPlay,False
Pass,45,12,262262,248,Successful,54.0,4.8,29.9,15.5,OpenPlay,False
Pass,45,16,44208,248,Successful,26.5,19.1,26.6,64.6,OpenPlay,False
Pass,45,20,130435,248,Successful,27.1,58.8,27.5,22.4,OpenPlay,False
Pass,45,25,44208,248,Unsuccessful,29.8,8.2,59,31.8,OpenPlay,False
BallRecovery,45,29,117776,607,Successful,41.7,71.3,,,OpenPlay,False
Pass,45,31,117776,607,Successful,41.1,80.9,57.6,83,OpenPlay,False
Pass,45,32,114168,607,Unsuccessful,57.6,83.0,53.1,75.1,OpenPlay,False
BallRecovery,45,33,136345,248,Successful,46.3,23.1,,,OpenPlay,False
Pass,45,34,136345,248,Successful,46.3,23.9,45.3,33.2,OpenPlay,False
Pass,45,35,139111,248,Successful,45.4,34.0,46.2,23.7,OpenPlay,False
Pass,45,36,136345,248,Successful,47.1,23.0,59,17,OpenPlay,False
Pass,45,39,18701,248,Successful,68.1,15.0,77.6,4.6,OpenPlay,False
Pass,45,43,347858,248,Unsuccessful,90.6,5.2,90.1,14.6,OpenPlay,False
BallTouch,45,44,328968,607,Successful,9.0,84.5,,,OpenPlay,False
Pass,45,46,117776,607,Successful,13.4,63.9,19.9,74.2,OpenPlay,False
BallRecovery,45,47,329409,607,Successful,20.8,74.8,,,OpenPlay,False
Foul,45,49,136345,248,Unsuccessful,78.8,24.4,,,OpenPlay,False
Foul,45,49,329409,607,Successful,21.2,75.6,,,OpenPlay,False
Pass,46,18,141646,607,Unsuccessful,22.4,74.4,74.4,92.7,OpenPlay,False
Aerial,46,22,329620,607,Unsuccessful,76.0,94.5,,,OpenPlay,False
Aerial,46,22,262262,248,Successful,24.0,5.5,,,OpenPlay,False
Pass,46,23,262262,248,Unsuccessful,24.5,4.8,30.8,9.9,OpenPlay,False
Pass,46,25,329409,607,Successful,64.5,90.3,67.2,96.6,OpenPlay,False
Pass,46,28,241019,607,Successful,65.6,96.5,71.3,95.9,OpenPlay,False
Pass,46,34,328968,607,Unsuccessful,76.2,84.7,82.6,84.9,OpenPlay,False
BallRecovery,46,35,347858,248,Successful,17.5,14.1,,,OpenPlay,False
BallTouch,46,36,347858,248,Unsuccessful,16.0,14.1,,,OpenPlay,False
BallRecovery,46,38,328968,607,Successful,78.8,96.5,,,OpenPlay,False
Pass,46,43,328968,607,Unsuccessful,85.9,93.6,86.3,89.6,OpenPlay,False
Clearance,46,43,262262,248,Successful,14.1,8.3,11.4,5.6,OpenPlay,False
Pass,46,55,328968,607,Successful,91.6,100.0,93.3,85.9,ThrowIn,False
BallTouch,46,57,241019,607,Unsuccessful,93.0,83.9,,,OpenPlay,False
BallRecovery,46,58,347858,248,Successful,6.5,12.8,,,OpenPlay,False
Pass,46,59,347858,248,Unsuccessful,5.6,6.0,35.5,11.8,OpenPlay,False
Aerial,47,1,18701,248,Unsuccessful,33.4,11.3,,,OpenPlay,False
Aerial,47,1,11895,607,Successful,66.6,88.7,,,OpenPlay,False
Pass,47,2,11895,607,Successful,63.1,86.8,67.5,84.5,OpenPlay,False
BallRecovery,47,3,329409,607,Successful,64.5,76.3,,,OpenPlay,False
Pass,47,6,329409,607,Successful,68.8,40.8,65.7,18.2,OpenPlay,False
Pass,47,10,136481,607,Successful,63.7,18.8,66.1,27,OpenPlay,False
Pass,47,11,329409,607,Successful,63.5,26.8,63,8.7,OpenPlay,False
Pass,47,14,136481,607,Successful,67.5,8.9,71.2,2.9,OpenPlay,False
Pass,47,16,239872,607,Successful,70.9,6.0,68.1,17.2,OpenPlay,False
Pass,47,18,329409,607,Successful,63.1,16.7,46.4,19.2,OpenPlay,False
Pass,47,21,19859,607,Successful,45.6,23.1,41.3,60.4,OpenPlay,False
Pass,47,23,11895,607,Successful,43.7,62.6,55.4,70.9,OpenPlay,False
Pass,47,27,117776,607,Successful,54.6,71.1,61.3,93.8,OpenPlay,False
Pass,47,30,328968,607,Successful,67.7,93.6,77.5,91.9,OpenPlay,False
Foul,47,35,262262,248,Unsuccessful,34.2,12.6,,,OpenPlay,False
Foul,47,35,241019,607,Successful,65.8,87.4,,,OpenPlay,False
Pass,47,38,241019,607,Successful,61.8,88.2,54.4,81.3,OpenPlay,False
Pass,47,39,11895,607,Successful,54.3,77.3,58.3,70.5,OpenPlay,False
Pass,47,41,114168,607,Successful,59.5,69.0,80.2,53.7,OpenPlay,False
BallTouch,47,42,239872,607,Unsuccessful,81.8,53.7,,,OpenPlay,False
BallRecovery,47,44,262262,248,Successful,20.3,30.6,,,OpenPlay,False
Pass,47,45,262262,248,Successful,20.7,32.8,28.2,41,OpenPlay,False
Pass,47,46,139111,248,Successful,27.2,39.6,19.8,31.4,OpenPlay,False
Pass,47,48,262262,248,Successful,23.8,29.5,29.7,35.2,OpenPlay,False
Pass,47,50,136345,248,Successful,29.7,35.2,18.8,35.7,OpenPlay,False
Pass,47,53,44208,248,Successful,18.5,35.7,30.1,97.2,OpenPlay,False
Dispossessed,48,0,143524,248,Successful,64.1,86.1,,,OpenPlay,False
Tackle,48,0,136481,607,Unsuccessful,35.9,13.9,,,OpenPlay,False
BallTouch,48,2,143524,248,Successful,62.4,86.3,,,OpenPlay,False
Pass,48,25,136481,607,Unsuccessful,26.6,0.0,44.6,5.6,ThrowIn,False
Aerial,48,28,329620,607,Unsuccessful,44.6,5.0,,,OpenPlay,False
Aerial,48,28,130435,248,Successful,55.4,95.0,,,OpenPlay,False
Pass,48,29,130435,248,Unsuccessful,55.4,95.6,61.4,100,OpenPlay,False
Pass,48,44,136481,607,Successful,39.3,0.0,45.3,5,ThrowIn,False
BallTouch,48,47,239872,607,Unsuccessful,45.4,6.5,,,OpenPlay,False
BallRecovery,48,49,29072,248,Successful,57.6,94.0,,,OpenPlay,False
TakeOn,48,50,29072,248,Unsuccessful,64.0,93.6,,,OpenPlay,False
Tackle,48,50,136481,607,Successful,36.0,6.4,,,OpenPlay,False
BallRecovery,48,51,136481,607,Successful,36.1,6.7,,,OpenPlay,False
Pass,48,59,136481,607,Successful,70.8,27.0,72.2,70.9,OpenPlay,False
Pass,49,3,241019,607,Unsuccessful,74.1,56.5,73.6,51.5,OpenPlay,False
BallTouch,49,4,139111,248,Successful,26.2,46.4,,,OpenPlay,False
Pass,49,5,29072,248,Unsuccessful,32.1,57.1,43,58.8,OpenPlay,False
Pass,49,8,19859,607,Unsuccessful,58.1,42.7,69.1,67.8,OpenPlay,False
BallRecovery,49,11,347858,248,Successful,29.8,32.2,,,OpenPlay,False
Pass,49,15,347858,248,Successful,36.3,39.6,34.8,45.6,OpenPlay,False
Pass,49,16,139111,248,Successful,33.8,45.4,36.6,12,OpenPlay,False
Pass,49,23,262262,248,Unsuccessful,69.4,15.3,79.1,30.7,OpenPlay,False
BallRecovery,49,24,11895,607,Successful,21.8,69.3,,,OpenPlay,False
Pass,49,25,11895,607,Successful,22.2,68.7,27.4,63.3,OpenPlay,False
Pass,49,28,117776,607,Successful,30.1,52.8,42.2,95.7,OpenPlay,False
Pass,49,34,241019,607,Successful,58.1,87.2,60.1,77.8,OpenPlay,False
Pass,49,38,114168,607,Successful,54.9,66.1,62,62.7,OpenPlay,False
Pass,49,40,329620,607,Successful,62.7,59.6,60.8,52,OpenPlay,False
Pass,49,41,114168,607,Successful,62.7,42.7,59.8,26.6,OpenPlay,False
Pass,49,44,136481,607,Successful,67.4,23.9,73.8,24.8,OpenPlay,False
Pass,49,46,114168,607,Successful,74.9,24.4,74.6,31,OpenPlay,False
Pass,49,47,239872,607,Successful,76.1,30.5,86.3,45,OpenPlay,False
Pass,49,48,329620,607,Unsuccessful,86.9,45.4,84.8,43.9,OpenPlay,False
Clearance,49,49,130435,248,Successful,15.4,55.7,16.8,54.2,OpenPlay,False
BallTouch,49,50,239872,607,Successful,83.3,45.2,,,OpenPlay,False
BallRecovery,49,51,136345,248,Successful,21.2,47.6,,,OpenPlay,False
Pass,49,52,136345,248,Successful,21.4,45.6,25.5,61,OpenPlay,False
Pass,49,53,139111,248,Successful,26.4,67.6,38.3,66.8,OpenPlay,False
Pass,50,0,127970,248,Unsuccessful,74.6,66.8,85.6,100,OpenPlay,False
Pass,50,31,136481,607,Unsuccessful,23.6,0.0,45.7,6.2,ThrowIn,False
Aerial,50,35,329620,607,Unsuccessful,45.4,6.9,,,OpenPlay,False
Aerial,50,35,143524,248,Successful,54.6,93.1,,,OpenPlay,False
Pass,50,36,143524,248,Successful,53.7,92.3,56.1,92.3,OpenPlay,False
Pass,50,37,127970,248,Successful,55.8,91.5,57,84.1,OpenPlay,False
BallRecovery,50,38,139111,248,Successful,56.9,85.7,,,OpenPlay,False
Pass,50,39,139111,248,Successful,56.9,85.7,65.3,79.1,OpenPlay,False
Pass,50,40,29072,248,Successful,65.3,79.1,59.3,80.9,OpenPlay,False
Pass,50,41,139111,248,Successful,59.7,81.2,67.5,11.6,OpenPlay,False
Pass,50,49,347858,248,Successful,87.6,14.5,86.3,93.4,OpenPlay,False
Pass,50,57,127970,248,Unsuccessful,92.4,71.5,90.8,69.7,OpenPlay,False
BlockedPass,50,57,117776,607,Successful,9.8,30.3,,,OpenPlay,False
MissedShots,50,59,127970,248,Successful,93.2,67.4,,,OpenPlay,False
Pass,51,36,141646,607,Successful,4.8,49.0,55.1,18,OpenPlay,False
Aerial,51,39,139111,248,Unsuccessful,44.0,85.6,,,OpenPlay,False
Aerial,51,39,136481,607,Successful,56.0,14.4,,,OpenPlay,False
Pass,51,40,136481,607,Unsuccessful,55.1,18.0,64.8,13.7,OpenPlay,False
BallRecovery,51,41,130435,248,Successful,30.9,90.5,,,OpenPlay,False
Pass,51,42,130435,248,Unsuccessful,32.9,87.2,54.6,97.3,OpenPlay,False
BallTouch,51,43,117776,607,Unsuccessful,47.1,3.8,,,OpenPlay,False
Pass,51,54,143524,248,Successful,50.4,100.0,56.3,98.1,ThrowIn,False
Pass,51,55,127970,248,Successful,56.3,98.1,53.1,93.5,OpenPlay,False
Pass,51,57,139111,248,Unsuccessful,55.1,89.9,85.9,70.6,OpenPlay,False
KeeperPickup,52,1,141646,607,Successful,13.0,32.7,,,OpenPlay,False
Pass,52,3,141646,607,Successful,13.5,35.4,24.7,73.8,OpenPlay,False
Pass,52,10,11895,607,Successful,35.6,79.1,48.5,99,OpenPlay,False
Pass,52,15,328968,607,Successful,56.0,90.5,65.6,96.2,OpenPlay,False
Pass,52,18,241019,607,Successful,61.4,96.9,66.1,83.5,OpenPlay,False
Pass,52,21,114168,607,Successful,66.8,91.1,63.9,77.6,OpenPlay,False
Pass,52,24,329409,607,Successful,63.5,82.0,60.1,85.5,OpenPlay,False
Pass,52,25,114168,607,Successful,55.9,82.4,44.8,13.8,OpenPlay,False
Pass,52,43,117776,607,Successful,46.6,7.0,47.4,32.1,OpenPlay,False
Pass,52,44,19859,607,Successful,46.0,25.8,64.8,5.8,OpenPlay,False
Pass,52,46,136481,607,Successful,63.7,4.6,73.2,25.8,OpenPlay,False
Pass,52,49,329620,607,Successful,73.8,25.2,69.7,24.4,OpenPlay,False
Pass,52,50,136481,607,Successful,66.8,26.0,57.8,13.9,OpenPlay,False
Pass,52,53,117776,607,Successful,55.6,14.0,54.5,30.3,OpenPlay,False
Pass,52,55,329409,607,Successful,54.0,24.6,44.4,29.1,OpenPlay,False
Pass,52,57,19859,607,Successful,44.4,29.1,42.1,65.8,OpenPlay,False
Pass,53,2,11895,607,Successful,58.4,70.5,63.5,94.2,OpenPlay,False
Pass,53,4,328968,607,Successful,64.4,95.0,69.2,94.4,OpenPlay,False
Pass,53,5,241019,607,Unsuccessful,69.0,93.6,70.2,92.4,OpenPlay,False
BlockedPass,53,5,262262,248,Successful,29.9,2.3,,,OpenPlay,False
Challenge,53,9,262262,248,Unsuccessful,34.8,22.0,,,OpenPlay,False
TakeOn,53,9,241019,607,Successful,65.2,78.0,,,OpenPlay,False
Pass,53,10,241019,607,Successful,66.5,74.0,71.8,58.8,ShotAssist,False
SavedShot,53,12,114168,607,Successful,75.8,43.5,,,OpenPlay,False
Save,53,12,10714,248,Successful,4.5,51.2,,,OpenPlay,False
KeeperPickup,53,13,10714,248,Successful,3.4,48.7,,,OpenPlay,False
Pass,53,27,10714,248,Successful,14.5,43.7,93.2,12.6,OpenPlay,False
Pass,53,31,347858,248,Unsuccessful,91.6,18.4,86.5,45,OpenPlay,False
Clearance,53,32,136481,607,Successful,13.5,54.4,36,69.9,OpenPlay,False
BallRecovery,53,35,241019,607,Successful,39.6,74.2,,,OpenPlay,False
Pass,53,47,241019,607,Successful,53.4,64.3,57.3,27.2,OpenPlay,False
Pass,53,54,136481,607,Successful,65.2,9.1,61.1,20.7,OpenPlay,False
Pass,53,56,114168,607,Successful,64.2,26.0,68,31.4,OpenPlay,False
Pass,53,58,329409,607,Unsuccessful,66.1,29.5,88,31.9,OpenPlay,False
BallTouch,54,1,44208,248,Unsuccessful,9.4,66.4,,,OpenPlay,False
CornerAwarded,54,2,44208,248,Unsuccessful,9.5,65.3,,,OpenPlay,False
CornerAwarded,54,2,329409,607,Successful,72.1,27.2,,,OpenPlay,False
Pass,54,36,117776,607,Unsuccessful,99.5,0.5,92,51.2,CornerTaken,False
Clearance,54,38,18701,248,Successful,8.3,48.9,13.1,57.5,OpenPlay,False
Clearance,54,41,44208,248,Successful,13.2,57.1,18.5,74.6,OpenPlay,False
Pass,54,42,127970,248,Unsuccessful,18.7,74.0,37,100,OpenPlay,False
SubstitutionOff,55,8,347858,248,Successful,0.0,0.0,,,OpenPlay,False
SubstitutionOn,55,8,316670,248,Successful,0.0,0.0,,,OpenPlay,False
Pass,55,20,136481,607,Successful,52.1,0.0,35.8,7.5,ThrowIn,False
Pass,55,22,19859,607,Successful,38.5,10.4,34.9,70.5,OpenPlay,False
Pass,55,29,11895,607,Successful,29.6,70.8,11.9,50.1,OpenPlay,False
Pass,55,36,141646,607,Successful,14.5,45.5,44,1.9,OpenPlay,False
Pass,55,39,136481,607,Unsuccessful,44.0,1.9,47.2,41.5,OpenPlay,False
BallRecovery,55,42,136345,248,Successful,52.3,59.0,,,OpenPlay,False
Pass,55,43,136345,248,Unsuccessful,52.6,57.6,69.6,49.3,OpenPlay,False
BallRecovery,55,45,11895,607,Successful,32.2,56.4,,,OpenPlay,False
Pass,55,46,11895,607,Unsuccessful,32.2,56.4,56.5,33.1,OpenPlay,False
Aerial,55,48,329620,607,Unsuccessful,56.8,32.8,,,OpenPlay,False
Aerial,55,48,130435,248,Successful,43.2,67.2,,,OpenPlay,False
Pass,55,49,130435,248,Successful,42.8,67.5,45.8,64.9,OpenPlay,False
BallRecovery,55,50,139111,248,Successful,45.8,64.9,,,OpenPlay,False
Pass,55,51,139111,248,Successful,44.7,64.1,36.5,54.8,OpenPlay,False
Pass,55,52,44208,248,Successful,35.4,42.4,56.4,2.9,OpenPlay,False
Pass,55,56,316670,248,Successful,50.4,8.5,42.3,11.2,OpenPlay,False
Pass,55,59,262262,248,Successful,44.6,15.3,34.6,32.4,OpenPlay,False
Pass,56,3,44208,248,Successful,35.4,32.8,32,76.7,OpenPlay,False
Pass,56,6,130435,248,Successful,32.4,76.6,39,97.2,OpenPlay,False
Pass,56,10,143524,248,Successful,55.2,95.4,55.3,89.6,OpenPlay,False
Pass,56,11,127970,248,Successful,55.6,87.2,38.2,78.7,OpenPlay,False
Pass,56,15,130435,248,Successful,35.3,69.7,35.1,37,OpenPlay,False
Pass,56,18,44208,248,Successful,38.4,30.4,46.7,8.9,OpenPlay,False
Pass,56,21,136345,248,Successful,54.3,8.8,61,25.5,OpenPlay,False
Pass,56,24,18701,248,Successful,63.2,29.5,71.8,38.2,OpenPlay,False
Pass,56,27,29072,248,Unsuccessful,70.6,33.6,94.7,38.6,OpenPlay,False
KeeperPickup,56,29,141646,607,Successful,4.2,59.7,,,OpenPlay,False
Pass,56,35,141646,607,Successful,14.6,64.2,26.1,89.7,OpenPlay,False
Pass,56,39,328968,607,Successful,35.3,92.9,41.9,94.4,OpenPlay,False
Dispossessed,56,41,241019,607,Successful,41.5,96.4,,,OpenPlay,False
Tackle,56,41,262262,248,Successful,58.5,3.6,,,OpenPlay,False
Pass,56,42,316670,248,Successful,59.1,2.7,59.1,8.9,OpenPlay,False
BallRecovery,56,43,262262,248,Successful,58.7,10.6,,,OpenPlay,False
Pass,56,44,262262,248,Successful,59.3,11.0,58.8,17.4,OpenPlay,False
Pass,56,45,29072,248,Successful,58.4,16.5,55.1,20,OpenPlay,False
Foul,56,46,136345,248,Successful,54.7,23.1,,,OpenPlay,False
Foul,56,46,114168,607,Unsuccessful,45.3,76.9,,,OpenPlay,False
Pass,56,57,29072,248,Successful,54.8,23.7,56.6,29.9,OpenPlay,False
Pass,56,58,139111,248,Successful,58.4,28.1,46,28.1,OpenPlay,False
Pass,57,0,44208,248,Successful,46.2,26.8,44.7,53,OpenPlay,False
Pass,57,4,130435,248,Successful,48.5,58.1,53.8,94.2,OpenPlay,False
Pass,57,7,143524,248,Successful,55.2,93.9,57.5,89.7,OpenPlay,False
Pass,57,8,127970,248,Unsuccessful,57.5,89.7,59.3,91.7,OpenPlay,False
BlockedPass,57,8,136481,607,Successful,44.7,15.8,,,OpenPlay,False
BallRecovery,57,9,136481,607,Successful,43.0,15.5,,,OpenPlay,False
Pass,57,10,136481,607,Unsuccessful,43.2,14.7,55,5.4,OpenPlay,False
Pass,57,12,127970,248,Successful,45.0,96.6,34,96,OpenPlay,False
Clearance,57,13,130435,248,Successful,34.0,96.0,36.2,100,OpenPlay,False
Pass,57,33,136481,607,Successful,57.7,0.0,74.3,15.8,ThrowIn,False
Pass,57,34,329620,607,Unsuccessful,79.3,15.1,76.8,14.3,OpenPlay,False
BallTouch,57,35,139111,248,Successful,22.2,84.5,,,OpenPlay,False
BallRecovery,57,37,127970,248,Successful,23.5,92.7,,,OpenPlay,False
Pass,57,39,127970,248,Successful,24.8,83.3,40.9,62.7,OpenPlay,False
Pass,57,42,18701,248,Successful,41.7,62.0,36.8,56.3,OpenPlay,False
Challenge,57,43,329409,607,Unsuccessful,54.7,52.1,,,OpenPlay,False
TakeOn,57,43,136345,248,Successful,45.3,47.9,,,OpenPlay,False
Pass,57,45,136345,248,Unsuccessful,54.4,46.0,76.9,29.2,OpenPlay,False
Interception,57,47,328968,607,Successful,20.9,73.2,,,OpenPlay,False
BallRecovery,57,48,141646,607,Successful,4.3,61.4,,,OpenPlay,False
Pass,57,49,141646,607,Unsuccessful,4.6,59.6,32.2,100,OpenPlay,False
Pass,58,4,262262,248,Successful,66.7,0.0,89.8,1.9,ThrowIn,False
Challenge,58,7,328968,607,Unsuccessful,9.2,94.7,,,OpenPlay,False
TakeOn,58,7,316670,248,Successful,90.8,5.3,,,OpenPlay,False
GoodSkill,58,8,316670,248,Successful,93.3,4.4,,,OpenPlay,False
Pass,58,10,316670,248,Unsuccessful,97.6,10.9,97.7,13.7,OpenPlay,False
Clearance,58,10,241019,607,Successful,2.0,88.2,4.1,86.5,OpenPlay,False
CornerAwarded,58,11,316670,248,Successful,98.7,12.4,,,OpenPlay,False
CornerAwarded,58,11,241019,607,Unsuccessful,0.2,84.6,,,OpenPlay,False
Pass,58,33,136345,248,Unsuccessful,99.5,0.7,94.9,40,CornerTaken,False
Clearance,58,34,328968,607,Successful,5.1,59.3,29.5,100,OpenPlay,False
Pass,58,40,136345,248,Successful,74.9,0.0,85,4.2,ThrowIn,False
Pass,58,41,262262,248,Successful,84.3,3.6,76.8,4,OpenPlay,False
Pass,58,43,136345,248,Successful,77.4,3.2,96.7,15.6,OpenPlay,False
Pass,58,47,262262,248,Unsuccessful,98.0,17.2,95.2,41.2,OpenPlay,False
Clearance,58,48,11895,607,Successful,4.8,57.3,16.3,58.1,OpenPlay,False
SavedShot,58,50,29072,248,Successful,85.5,43.1,,,OpenPlay,False
Save,58,50,117776,607,Successful,13.5,57.7,,,OpenPlay,False
BallRecovery,58,51,329409,607,Successful,12.5,60.3,,,OpenPlay,False
Pass,58,52,329409,607,Unsuccessful,13.1,60.4,58.4,38,OpenPlay,False
Pass,58,58,130435,248,Successful,42.3,62.0,59.1,76.3,OpenPlay,False
BallRecovery,58,59,143524,248,Successful,57.8,72.6,,,OpenPlay,False
Pass,59,0,143524,248,Successful,60.8,82.2,68.8,94.6,OpenPlay,False
Pass,59,3,127970,248,Successful,73.2,93.6,86.7,76.6,OpenPlay,False
TakeOn,59,5,143524,248,Unsuccessful,90.3,73.8,,,OpenPlay,False
Tackle,59,5,19859,607,Successful,9.7,26.2,,,OpenPlay,False
CornerAwarded,59,6,143524,248,Successful,91.3,74.8,,,OpenPlay,False
CornerAwarded,59,6,19859,607,Unsuccessful,8.5,26.6,,,OpenPlay,False
Pass,60,27,127970,248,Successful,99.5,99.5,91.4,60.8,CornerTaken,False
SavedShot,60,29,262262,248,Successful,91.4,60.8,,,OpenPlay,False
Save,60,29,11895,607,Successful,7.8,40.8,,,OpenPlay,False
Pass,60,32,127970,248,Successful,98.7,84.7,93,49,BigChanceCreated,False
MissedShots,60,33,18701,248,Successful,93.0,49.0,,,OpenPlay,False
Pass,61,9,141646,607,Unsuccessful,5.1,46.0,54.9,2.5,OpenPlay,False
Aerial,61,11,136481,607,Unsuccessful,54.0,2.7,,,OpenPlay,False
Aerial,61,11,29072,248,Successful,46.0,97.3,,,OpenPlay,False
Pass,61,12,29072,248,Unsuccessful,45.2,96.9,46,100,OpenPlay,False
Pass,61,24,136481,607,Successful,53.4,0.0,41.6,11.9,ThrowIn,False
Pass,61,26,19859,607,Successful,42.4,13.5,45.4,55.5,OpenPlay,False
Pass,61,31,329409,607,Successful,39.9,64.2,32.9,49.6,OpenPlay,False
Pass,61,33,11895,607,Successful,33.2,50.3,47.8,44.2,OpenPlay,False
Pass,61,35,117776,607,Successful,47.1,46.1,33.8,25,OpenPlay,False
Pass,61,38,19859,607,Unsuccessful,34.5,22.2,76.9,16.2,OpenPlay,False
Clearance,61,42,143524,248,Successful,21.2,84.7,27.8,82,OpenPlay,False
SavedShot,61,44,239872,607,Successful,78.9,42.5,,,OpenPlay,False
Save,61,44,10714,248,Successful,4.3,49.9,,,OpenPlay,False
KeeperPickup,61,45,10714,248,Successful,4.3,49.9,,,OpenPlay,False
Pass,61,57,10714,248,Successful,12.3,38.0,19.3,15.3,OpenPlay,False
Pass,61,59,44208,248,Successful,21.2,17.6,56.6,28.5,OpenPlay,False
Foul,62,2,18701,248,Successful,55.8,25.5,,,OpenPlay,False
Foul,62,2,11895,607,Unsuccessful,44.2,74.5,,,OpenPlay,False
Pass,62,17,136345,248,Successful,56.8,31.8,56.6,14.5,OpenPlay,False
Pass,62,22,44208,248,Successful,61.5,11.0,64.2,30.5,OpenPlay,False
Pass,62,27,29072,248,Unsuccessful,59.8,9.1,68.4,6.2,OpenPlay,False
Pass,62,28,241019,607,Unsuccessful,30.1,92.1,31.9,91.9,OpenPlay,False
BlockedPass,62,28,316670,248,Successful,66.8,7.1,,,OpenPlay,False
Pass,62,40,328968,607,Unsuccessful,32.4,100.0,52,89.1,ThrowIn,False
Pass,62,43,44208,248,Successful,41.9,7.3,57.6,3.8,OpenPlay,False
BallTouch,62,44,316670,248,Unsuccessful,57.0,3.4,,,OpenPlay,False
Pass,62,45,328968,607,Unsuccessful,40.4,93.4,42.2,93.1,OpenPlay,False
BallTouch,62,46,316670,248,Successful,57.8,6.9,,,OpenPlay,False
BallRecovery,62,47,329409,607,Successful,38.0,87.6,,,OpenPlay,False
Pass,62,48,329409,607,Unsuccessful,36.2,94.5,39.6,95.3,OpenPlay,False
BallTouch,62,49,316670,248,Successful,60.0,6.0,,,OpenPlay,False
Pass,62,58,328968,607,Successful,33.8,100.0,54.8,85.5,ThrowIn,False
BallTouch,62,59,114168,607,Successful,56.0,84.7,,,OpenPlay,False
Pass,63,0,241019,607,Successful,59.8,80.3,58,74.1,OpenPlay,False
Pass,63,1,114168,607,Successful,58.1,74.8,89.6,84.1,OpenPlay,False
Pass,63,7,329620,607,Successful,91.3,84.7,79.8,84.7,OpenPlay,False
Pass,63,12,241019,607,Successful,89.5,91.7,77.5,91.7,OpenPlay,False
Pass,63,22,114168,607,Successful,74.7,82.7,70.2,69.6,OpenPlay,False
Pass,63,24,239872,607,Successful,70.2,71.4,53.4,77.3,OpenPlay,False
Pass,63,26,11895,607,Successful,53.4,77.3,60.4,93,OpenPlay,False
Pass,63,29,328968,607,Successful,61.6,96.2,60.9,88.7,OpenPlay,False
TakeOn,63,32,329409,607,Unsuccessful,60.6,81.3,,,OpenPlay,False
Tackle,63,32,136345,248,Successful,39.4,18.7,,,OpenPlay,False
Dispossessed,63,35,18701,248,Successful,44.2,29.1,,,OpenPlay,False
Tackle,63,35,117776,607,Unsuccessful,55.8,70.9,,,OpenPlay,False
BallRecovery,63,36,18701,248,Successful,43.5,31.6,,,OpenPlay,False
Foul,63,39,18701,248,Successful,52.0,29.4,,,OpenPlay,False
Foul,63,39,117776,607,Unsuccessful,48.0,70.6,,,OpenPlay,False
Card,63,42,117776,607,Successful,0.0,0.0,,,OpenPlay,False
Pass,64,25,44208,248,Successful,55.0,27.1,48.1,60,OpenPlay,False
Pass,64,31,130435,248,Successful,54.2,72.6,56.5,94.7,OpenPlay,False
Pass,64,33,143524,248,Successful,56.5,94.7,62.9,82,OpenPlay,False
Pass,64,36,18701,248,Successful,60.8,78.7,47.1,49.3,OpenPlay,False
Pass,64,38,44208,248,Successful,47.3,45.8,57.5,12.3,OpenPlay,False
Pass,64,41,136345,248,Successful,59.0,10.9,71.7,4.1,OpenPlay,False
Pass,64,43,262262,248,Successful,79.9,6.2,94.4,17.3,OpenPlay,False
Pass,64,46,316670,248,Unsuccessful,94.5,16.5,94.2,60.2,OpenPlay,False
Clearance,64,48,136481,607,Successful,4.5,39.8,0,28.6,OpenPlay,False
CornerAwarded,64,49,316670,248,Successful,97.0,17.8,,,OpenPlay,False
CornerAwarded,64,49,136481,607,Unsuccessful,5.1,40.6,,,OpenPlay,False
Pass,65,7,127970,248,Unsuccessful,99.5,99.5,93.2,59.9,CornerTaken,False
Clearance,65,10,329620,607,Successful,6.8,44.9,34.1,7.6,OpenPlay,False
Pass,65,13,316670,248,Successful,68.5,92.6,75.8,94.8,OpenPlay,False
Pass,65,15,127970,248,Successful,79.1,93.6,87.6,43.5,OpenPlay,False
Foul,65,25,18701,248,Successful,88.6,40.0,,,OpenPlay,False
Foul,65,25,136481,607,Unsuccessful,11.4,60.0,,,OpenPlay,False
Card,66,13,136481,607,Successful,0.0,0.0,,,OpenPlay,False
SavedShot,68,10,18701,248,Successful,88.5,50.0,,,OpenPlay,False
PenaltyFaced,68,10,141646,607,Unsuccessful,0.0,0.0,,,OpenPlay,False
Save,68,10,141646,607,Successful,1.0,50.3,,,OpenPlay,False
KeeperPickup,68,11,141646,607,Successful,2.2,49.9,,,OpenPlay,False
Pass,68,31,141646,607,Successful,14.4,47.0,57.4,38.6,OpenPlay,False
Pass,68,33,239872,607,Successful,57.4,39.2,61.3,50.1,OpenPlay,False
Dispossessed,68,35,241019,607,Successful,65.8,47.8,,,OpenPlay,False
Tackle,68,35,139111,248,Successful,34.2,52.2,,,OpenPlay,False
BallRecovery,68,36,139111,248,Successful,31.9,44.5,,,OpenPlay,False
Challenge,68,37,239872,607,Unsuccessful,68.1,56.9,,,OpenPlay,False
TakeOn,68,37,139111,248,Successful,31.9,43.1,,,OpenPlay,False
Pass,68,39,139111,248,Successful,38.6,52.4,71.5,90.1,OpenPlay,False
Pass,68,46,29072,248,Successful,78.9,74.8,97,38.4,OpenPlay,False
BallTouch,68,47,316670,248,Unsuccessful,96.9,39.5,,,OpenPlay,False
Pass,69,20,141646,607,Unsuccessful,5.2,46.4,55.5,21.8,OpenPlay,False
Pass,69,24,139111,248,Successful,45.2,79.6,57.4,70.5,OpenPlay,False
BallRecovery,69,25,18701,248,Successful,58.3,70.1,,,OpenPlay,False
Pass,69,26,18701,248,Successful,58.0,72.1,58.5,85.9,OpenPlay,False
Pass,69,30,127970,248,Successful,60.6,95.6,58.8,88.7,OpenPlay,False
Pass,69,31,18701,248,Successful,58.8,88.7,43.4,94.4,OpenPlay,False
Pass,69,34,143524,248,Successful,43.3,94.4,33.5,83,OpenPlay,False
Pass,69,36,130435,248,Successful,32.9,80.2,32.2,49.1,OpenPlay,False
Pass,69,39,44208,248,Successful,36.2,29.5,43.1,7.1,OpenPlay,False
Pass,69,43,262262,248,Unsuccessful,52.1,7.0,84.9,5.8,OpenPlay,False
Clearance,69,46,328968,607,Successful,12.5,93.1,0,96.2,OpenPlay,False
CornerAwarded,69,47,262262,248,Successful,53.6,8.7,,,OpenPlay,False
CornerAwarded,69,47,328968,607,Unsuccessful,10.3,93.4,,,OpenPlay,False
Pass,70,5,136345,248,Successful,99.5,0.5,88.5,63.7,CornerTaken,False
Pass,70,9,130435,248,Unsuccessful,87.6,60.6,88.5,74.2,OpenPlay,False
Clearance,70,11,11895,607,Successful,11.7,26.2,26.1,22.1,OpenPlay,False
Pass,70,13,143524,248,Successful,77.9,87.6,83.9,95.2,OpenPlay,False
Pass,70,17,29072,248,Unsuccessful,84.8,87.6,91.2,55.5,OpenPlay,False
Clearance,70,19,329409,607,Successful,9.3,46.2,30.6,34.2,OpenPlay,False
Pass,70,22,127970,248,Successful,69.9,66.0,74.4,57.5,OpenPlay,False
Pass,70,24,130435,248,Successful,69.2,52.8,70.2,26.2,OpenPlay,False
Pass,70,27,136345,248,Successful,73.1,19.1,89.2,7.3,OpenPlay,False
Pass,70,30,316670,248,Successful,92.5,12.8,95.9,54.8,ShotAssist,False
MissedShots,70,32,18701,248,Successful,95.9,55.9,,,OpenPlay,False
FormationChange,70,58,,607,Successful,0.0,0.0,,,OpenPlay,False
SubstitutionOn,71,10,248121,607,Successful,0.0,0.0,,,OpenPlay,False
SubstitutionOff,71,10,114168,607,Successful,0.0,0.0,,,OpenPlay,False
Pass,71,43,141646,607,Successful,4.5,48.8,63.8,42.5,OpenPlay,False
Pass,71,46,239872,607,Successful,63.8,42.5,60.2,73.2,OpenPlay,False
Pass,71,49,328968,607,Successful,61.7,73.6,68.8,93.4,OpenPlay,False
Pass,71,50,241019,607,Unsuccessful,69.1,93.1,71.5,91.1,OpenPlay,False
Aerial,71,51,241019,607,Unsuccessful,70.9,94.4,,,OpenPlay,False
Aerial,71,51,262262,248,Successful,29.1,5.6,,,OpenPlay,False
Pass,71,52,262262,248,Successful,26.1,6.0,29.1,14.9,OpenPlay,False
BallRecovery,71,53,316670,248,Successful,32.3,13.2,,,OpenPlay,False
Pass,71,56,316670,248,Unsuccessful,43.6,27.0,77.8,17.2,OpenPlay,False
Clearance,72,0,11895,607,Successful,22.1,83.6,14.2,100,OpenPlay,False
Pass,72,9,262262,248,Successful,85.6,0.0,69.9,10.6,ThrowIn,False
Pass,72,11,136345,248,Successful,70.9,9.3,70.8,16.1,OpenPlay,False
Pass,72,14,29072,248,Successful,64.8,27.2,60.7,54.6,OpenPlay,False
Pass,72,17,139111,248,Successful,56.1,62.5,56.6,85.1,OpenPlay,False
BallTouch,72,24,143524,248,Unsuccessful,68.5,79.7,,,OpenPlay,False
BallRecovery,72,25,136481,607,Successful,26.3,21.9,,,OpenPlay,False
Pass,72,26,136481,607,Successful,28.5,22.7,42,31,OpenPlay,False
Pass,72,30,117776,607,Successful,57.0,44.3,57.6,84.7,OpenPlay,False
Pass,72,45,241019,607,Successful,61.4,90.8,60.8,67.6,OpenPlay,False
Pass,72,51,329409,607,Successful,63.4,33.2,72.8,8.1,OpenPlay,False
Pass,72,55,136481,607,Successful,76.5,9.3,95.9,65.3,ShotAssist,False
Challenge,73,0,262262,248,Unsuccessful,8.7,41.7,,,OpenPlay,False
TakeOn,73,0,239872,607,Successful,91.3,58.3,,,OpenPlay,False
Save,73,2,10714,248,Successful,2.7,52.4,,,OpenPlay,False
SavedShot,73,2,239872,607,Successful,90.5,44.3,,,OpenPlay,False
Clearance,73,3,44208,248,Successful,9.1,47.2,31.1,34.3,OpenPlay,False
Pass,73,9,248121,607,Successful,64.9,77.5,86.2,84.1,OpenPlay,False
Pass,73,12,241019,607,Successful,87.7,83.9,94.9,72.6,OpenPlay,False
Pass,73,15,328968,607,Unsuccessful,97.0,68.4,96.3,66.6,OpenPlay,False
BlockedPass,73,15,44208,248,Successful,3.3,32.2,,,OpenPlay,False
BallRecovery,73,18,316670,248,Successful,2.8,2.2,,,OpenPlay,False
TakeOn,73,20,316670,248,Unsuccessful,2.5,4.2,,,OpenPlay,False
Tackle,73,20,241019,607,Successful,97.5,95.8,,,OpenPlay,False
BallRecovery,73,21,241019,607,Successful,97.6,95.1,,,OpenPlay,False
Pass,73,22,241019,607,Unsuccessful,97.9,96.2,93.6,87.6,OpenPlay,False
Interception,73,24,262262,248,Successful,6.3,13.2,,,OpenPlay,False
BallRecovery,73,25,136345,248,Successful,11.7,15.9,,,OpenPlay,False
Pass,73,26,136345,248,Successful,11.8,16.9,8.5,32.2,OpenPlay,False
Pass,73,27,44208,248,Successful,8.3,31.6,24.8,4.2,OpenPlay,False
Pass,73,30,316670,248,Unsuccessful,33.0,12.6,34.2,13.9,OpenPlay,False
BlockedPass,73,30,329409,607,Successful,65.7,86.8,,,OpenPlay,False
Pass,73,45,262262,248,Unsuccessful,26.8,0.0,31.3,0,ThrowIn,False
Pass,74,5,328968,607,Successful,64.2,100.0,73.4,87.2,ThrowIn,False
Dispossessed,74,8,329620,607,Successful,72.7,86.6,,,OpenPlay,False
Tackle,74,8,262262,248,Unsuccessful,27.3,13.4,,,OpenPlay,False
Pass,74,9,248121,607,Successful,70.8,91.1,74.4,98.1,OpenPlay,False
Pass,74,16,241019,607,Successful,64.0,96.8,71.5,73.8,OpenPlay,False
Pass,74,20,329620,607,Successful,70.7,78.5,70.5,84.3,OpenPlay,False
Dispossessed,74,22,241019,607,Successful,68.3,80.8,,,OpenPlay,False
Tackle,74,22,18701,248,Successful,31.7,19.2,,,OpenPlay,False
BallRecovery,74,23,139111,248,Successful,29.6,32.6,,,OpenPlay,False
Challenge,74,25,117776,607,Unsuccessful,68.2,65.0,,,OpenPlay,False
TakeOn,74,25,139111,248,Successful,31.8,35.0,,,OpenPlay,False
Pass,74,26,139111,248,Successful,36.5,37.9,51.8,31.9,OpenPlay,False
Pass,74,29,29072,248,Successful,51.0,31.3,50.7,20.9,OpenPlay,False
Pass,74,31,136345,248,Successful,50.7,20.9,63.1,2.8,OpenPlay,False
Pass,74,35,316670,248,Unsuccessful,81.2,12.8,100,50.9,OpenPlay,False
Pass,75,10,141646,607,Successful,3.8,47.6,67.5,13.7,OpenPlay,False
Pass,75,15,239872,607,Unsuccessful,64.2,14.6,64.4,19.2,OpenPlay,False
Interception,75,16,139111,248,Successful,31.1,79.9,,,OpenPlay,False
BallRecovery,75,17,44208,248,Successful,25.3,66.9,,,OpenPlay,False
Pass,75,18,44208,248,Successful,21.4,69.9,7.8,50.3,OpenPlay,False
Pass,75,24,10714,248,Successful,9.9,50.0,15.9,76.1,OpenPlay,False
Pass,75,29,130435,248,Successful,21.8,70.9,21.9,33.3,OpenPlay,False
Pass,75,34,44208,248,Unsuccessful,25.3,18.9,61.5,29.2,OpenPlay,False
BallRecovery,75,35,11895,607,Successful,39.0,70.9,,,OpenPlay,False
Pass,75,37,11895,607,Successful,41.1,76.7,46.5,54.9,OpenPlay,False
Pass,75,39,329409,607,Successful,46.6,54.9,65.6,57.8,OpenPlay,False
Pass,75,41,329620,607,Successful,66.1,62.0,68.7,70.2,OpenPlay,False
Pass,75,43,117776,607,Successful,69.1,66.0,71.1,42.3,ShotAssist,False
MissedShots,75,45,329409,607,Successful,73.4,42.5,,,OpenPlay,False
Pass,75,54,10714,248,Successful,4.0,58.5,22.2,22.1,OpenPlay,False
Pass,76,0,262262,248,Successful,29.8,18.0,21.4,27,OpenPlay,False
Pass,76,2,44208,248,Successful,21.9,27.3,29.4,8.2,OpenPlay,False
Pass,76,10,262262,248,Unsuccessful,35.8,11.1,71.9,79.6,OpenPlay,False
Pass,76,12,136481,607,Unsuccessful,23.1,23.9,37.2,1.7,OpenPlay,False
Pass,76,17,143524,248,Successful,63.4,98.3,62.7,94.4,OpenPlay,False
Pass,76,20,29072,248,Successful,69.2,89.3,74.4,97.5,OpenPlay,False
Pass,76,22,143524,248,Unsuccessful,85.3,97.7,96.7,51.3,OpenPlay,False
KeeperPickup,76,24,141646,607,Successful,4.3,49.3,,,OpenPlay,False
Pass,76,26,141646,607,Successful,10.5,53.6,35.2,92.7,OpenPlay,False
Pass,76,35,241019,607,Successful,62.9,91.1,60,79.3,OpenPlay,False
Pass,76,37,117776,607,Successful,60.0,79.3,75,16.1,OpenPlay,False
TakeOn,76,44,239872,607,Unsuccessful,78.8,2.4,,,OpenPlay,False
Tackle,76,44,127970,248,Unsuccessful,21.2,97.6,,,OpenPlay,False
Dispossessed,76,45,239872,607,Successful,76.8,3.0,,,OpenPlay,False
Tackle,76,45,127970,248,Successful,23.2,97.0,,,OpenPlay,False
Pass,76,50,136481,607,Successful,68.0,0.0,68,7.1,ThrowIn,False
Pass,76,51,329409,607,Successful,69.5,7.3,68.4,1.1,OpenPlay,False
Pass,76,53,136481,607,Successful,63.1,3.4,48,15.2,OpenPlay,False
Pass,76,56,19859,607,Successful,44.6,17.8,12.7,49.4,OpenPlay,False
Pass,77,2,141646,607,Successful,12.3,55.5,50.9,84.2,OpenPlay,False
Aerial,77,4,316670,248,Unsuccessful,47.8,12.6,,,OpenPlay,False
Aerial,77,4,328968,607,Successful,52.2,87.4,,,OpenPlay,False
Pass,77,5,328968,607,Unsuccessful,50.9,85.5,59,85.5,OpenPlay,False
BallRecovery,77,6,262262,248,Successful,40.3,12.6,,,OpenPlay,False
Pass,77,9,262262,248,Successful,42.0,12.8,31.7,23.1,OpenPlay,False
Pass,77,15,44208,248,Unsuccessful,36.3,15.9,53.1,18.2,OpenPlay,False
Pass,77,16,248121,607,Unsuccessful,47.0,82.3,54,76.1,OpenPlay,False
Pass,77,20,139111,248,Successful,47.0,29.8,53.7,90.8,OpenPlay,False
Pass,77,24,143524,248,Successful,55.7,93.2,57.5,88.4,OpenPlay,False
Pass,77,26,29072,248,Successful,57.6,88.6,55.5,95.7,OpenPlay,False
Pass,77,28,143524,248,Successful,54.1,88.6,46.7,14.9,OpenPlay,False
Pass,77,34,262262,248,Successful,53.3,14.9,63.5,4.6,OpenPlay,False
Pass,77,39,316670,248,Successful,66.8,9.8,71.3,27.1,OpenPlay,False
Pass,77,42,136345,248,Successful,76.9,30.3,92.5,27.7,OpenPlay,False
BallTouch,77,43,11895,607,Successful,6.3,65.5,,,OpenPlay,False
Pass,77,50,316670,248,Unsuccessful,96.4,18.2,96.9,61,OpenPlay,False
CrossNotClaimed,77,51,141646,607,Successful,4.3,48.7,,,OpenPlay,False
Clearance,77,52,136481,607,Successful,3.0,39.8,0,24.4,OpenPlay,False
CornerAwarded,77,53,316670,248,Successful,95.6,17.6,,,OpenPlay,False
CornerAwarded,77,53,136481,607,Unsuccessful,3.4,40.4,,,OpenPlay,False
Pass,78,13,127970,248,Successful,99.5,99.5,90.9,47.8,CornerTaken,False
MissedShots,78,15,18701,248,Successful,90.9,47.8,,,OpenPlay,False
SubstitutionOff,78,49,127970,248,Successful,0.0,0.0,,,OpenPlay,False
SubstitutionOn,78,49,361284,248,Successful,0.0,0.0,,,OpenPlay,False
SubstitutionOff,79,14,117776,607,Successful,0.0,0.0,,,OpenPlay,False
SubstitutionOn,79,14,322094,607,Successful,0.0,0.0,,,OpenPlay,False
SubstitutionOff,79,29,328968,607,Successful,0.0,0.0,,,OpenPlay,False
SubstitutionOn,79,29,116212,607,Successful,0.0,0.0,,,OpenPlay,False
Pass,79,52,141646,607,Successful,4.7,47.6,70.4,11.2,OpenPlay,False
Pass,80,1,322094,607,Successful,67.5,3.4,61.3,2.9,OpenPlay,False
Pass,80,3,136481,607,Unsuccessful,61.4,3.1,72.7,6.2,OpenPlay,False
BallRecovery,80,4,143524,248,Successful,25.8,96.2,,,OpenPlay,False
Pass,80,5,143524,248,Unsuccessful,26.5,96.6,60.5,100,OpenPlay,False
Pass,80,21,136481,607,Unsuccessful,43.7,0.0,69.1,6.4,ThrowIn,False
Interception,80,23,130435,248,Successful,28.6,94.7,,,OpenPlay,False
Pass,80,39,136481,607,Successful,71.4,0.0,80.6,13.7,ThrowIn,False
Challenge,80,41,139111,248,Unsuccessful,22.0,72.9,,,OpenPlay,False
TakeOn,80,41,322094,607,Successful,78.0,27.1,,,OpenPlay,False
Pass,80,44,322094,607,Successful,85.5,29.7,98.4,29.1,OpenPlay,False
Pass,80,45,239872,607,Unsuccessful,99.0,29.5,100,47.4,OpenPlay,False
Pass,81,0,10714,248,Successful,4.7,44.7,23.9,13.7,OpenPlay,False
Pass,81,7,44208,248,Successful,37.5,8.9,60.3,8.9,OpenPlay,False
Pass,81,8,316670,248,Unsuccessful,59.4,8.9,75.5,8.9,OpenPlay,False
BallRecovery,81,9,116212,607,Successful,24.1,89.6,,,OpenPlay,False
Pass,81,10,116212,607,Successful,24.9,89.8,23.5,69.7,OpenPlay,False
Pass,81,13,11895,607,Successful,23.5,69.0,37.5,49.1,OpenPlay,False
Pass,81,15,329409,607,Successful,37.3,52.0,73.8,45.8,OpenPlay,False
KeeperSweeper,81,17,10714,248,Unsuccessful,0.0,0.0,,,OpenPlay,False
TakeOn,81,18,239872,607,Unsuccessful,75.9,45.4,,,OpenPlay,False
Pass,81,46,10714,248,Successful,4.4,46.0,21.5,31.6,OpenPlay,False
Pass,81,48,44208,248,Successful,21.9,29.3,56.1,54.8,OpenPlay,False
BallTouch,81,50,18701,248,Unsuccessful,55.0,54.6,,,OpenPlay,False
Pass,81,52,19859,607,Unsuccessful,39.7,45.0,43.6,44.7,OpenPlay,False
SubstitutionOff,82,25,29072,248,Successful,0.0,0.0,,,OpenPlay,False
SubstitutionOn,82,25,345987,248,Successful,0.0,0.0,,,OpenPlay,False
Pass,82,34,136345,248,Successful,53.9,47.0,67.7,6.4,OpenPlay,False
Challenge,82,39,241019,607,Unsuccessful,26.9,89.8,,,OpenPlay,False
TakeOn,82,39,262262,248,Successful,73.1,10.2,,,OpenPlay,False
BallTouch,82,40,262262,248,Unsuccessful,74.9,15.1,,,OpenPlay,False
BallRecovery,82,41,322094,607,Successful,26.9,85.1,,,OpenPlay,False
TakeOn,82,43,322094,607,Unsuccessful,32.0,74.4,,,OpenPlay,False
Tackle,82,43,136345,248,Successful,68.0,25.6,,,OpenPlay,False
Pass,82,44,136345,248,Unsuccessful,66.1,26.2,73.5,25,OpenPlay,False
Pass,82,46,116212,607,Unsuccessful,29.3,82.8,36.8,100,OpenPlay,False
Pass,82,55,262262,248,Successful,63.2,0.0,87.3,7.7,ThrowIn,False
Pass,82,59,345987,248,Unsuccessful,85.9,1.3,78.6,3.6,OpenPlay,False
OffsideGiven,83,,18701,248,Unsuccessful,92.0,53.2,,,OpenPlay,False
Interception,83,0,241019,607,Successful,22.7,96.5,,,OpenPlay,False
BallRecovery,83,1,241019,607,Successful,21.5,96.0,,,OpenPlay,False
BallTouch,83,2,241019,607,Unsuccessful,23.9,89.8,,,OpenPlay,False
BallRecovery,83,3,345987,248,Successful,74.5,11.0,,,OpenPlay,False
Dispossessed,83,4,345987,248,Successful,70.8,16.9,,,OpenPlay,False
Tackle,83,4,248121,607,Unsuccessful,29.2,83.1,,,OpenPlay,False
BallTouch,83,5,345987,248,Successful,71.4,16.3,,,OpenPlay,False
Pass,83,6,136345,248,Unsuccessful,68.5,15.1,77.4,7.9,OpenPlay,False
BallRecovery,83,7,116212,607,Successful,23.6,92.5,,,OpenPlay,False
Pass,83,8,116212,607,Unsuccessful,24.2,92.5,30.2,92.9,OpenPlay,False
Interception,83,9,262262,248,Successful,69.5,5.8,,,OpenPlay,False
Pass,83,19,116212,607,Successful,31.5,100.0,54.7,91.9,ThrowIn,False
BallTouch,83,21,329620,607,Unsuccessful,55.8,92.9,,,OpenPlay,False
Pass,83,23,44208,248,Unsuccessful,38.3,4.8,48.1,19.5,OpenPlay,False
Aerial,83,24,136345,248,Unsuccessful,48.1,19.6,,,OpenPlay,False
Aerial,83,24,248121,607,Successful,51.9,80.4,,,OpenPlay,False
Pass,83,25,248121,607,Unsuccessful,50.9,80.4,53.7,80.2,OpenPlay,False
BallTouch,83,26,136345,248,Successful,47.9,19.2,,,OpenPlay,False
BallRecovery,83,27,139111,248,Successful,46.9,27.0,,,OpenPlay,False
Pass,83,28,139111,248,Successful,46.4,27.9,55.7,21.7,OpenPlay,False
Pass,83,29,18701,248,Successful,56.7,21.9,52,17.4,OpenPlay,False
Pass,83,32,136345,248,Successful,62.7,7.7,84.5,11.6,OpenPlay,False
Pass,83,35,316670,248,Unsuccessful,91.7,18.0,91.9,30.1,OpenPlay,False
BallTouch,83,36,11895,607,Successful,7.1,70.5,,,OpenPlay,False
Pass,83,42,316670,248,Successful,92.7,13.7,81.9,13.4,OpenPlay,False
Pass,83,46,136345,248,Successful,81.5,12.6,86.2,4.2,OpenPlay,False
OffsidePass,83,49,316670,248,Successful,91.5,8.5,92,53.2,OpenPlay,False
OffsideProvoked,83,49,19859,607,Successful,9.4,46.0,,,OpenPlay,False
OffsideGiven,84,,239872,607,Unsuccessful,60.0,24.2,,,OpenPlay,False
Pass,84,24,141646,607,Successful,14.1,41.0,66.2,16.3,OpenPlay,False
Pass,84,29,329620,607,Successful,66.1,16.5,61.3,28.7,OpenPlay,False
Pass,84,31,329409,607,Successful,60.5,31.0,58.8,39.8,OpenPlay,False
Pass,84,34,248121,607,Successful,63.5,20.7,67.7,2.1,OpenPlay,False
Pass,84,36,136481,607,Successful,70.1,2.7,63.2,7.3,OpenPlay,False
Pass,84,38,248121,607,Successful,61.7,13.7,45.7,19,OpenPlay,False
Pass,84,42,19859,607,Successful,43.3,21.5,34.5,40.1,OpenPlay,False
Pass,84,45,11895,607,Successful,31.9,30.7,13.4,39.6,OpenPlay,False
Pass,84,47,141646,607,Successful,13.1,38.6,25.9,5,OpenPlay,False
OffsideProvoked,84,52,262262,248,Successful,45.3,40.2,,,OpenPlay,False
OffsidePass,84,52,19859,607,Successful,27.5,3.4,60,24.2,OpenPlay,False
Pass,85,5,130435,248,Unsuccessful,31.5,82.2,68,88.6,OpenPlay,False
BallRecovery,85,7,322094,607,Successful,29.2,8.1,,,OpenPlay,False
Challenge,85,9,18701,248,Unsuccessful,62.8,91.7,,,OpenPlay,False
TakeOn,85,9,322094,607,Successful,37.2,8.3,,,OpenPlay,False
Pass,85,11,322094,607,Unsuccessful,44.4,18.6,58.6,25.2,OpenPlay,False
Interception,85,12,130435,248,Successful,42.6,76.3,,,OpenPlay,False
BallRecovery,85,13,139111,248,Successful,48.4,74.2,,,OpenPlay,False
Pass,85,14,139111,248,Unsuccessful,51.7,73.2,55.7,70.9,OpenPlay,False
Interception,85,15,329409,607,Successful,44.4,28.7,,,OpenPlay,False
BallRecovery,85,16,329409,607,Successful,47.0,34.2,,,OpenPlay,False
Pass,85,17,329409,607,Successful,48.3,36.0,55.4,47.6,OpenPlay,False
Pass,85,18,241019,607,Unsuccessful,54.6,48.5,56.8,43.9,OpenPlay,False
Pass,85,19,139111,248,Successful,42.4,54.6,27.2,56.1,OpenPlay,False
BallRecovery,85,20,44208,248,Successful,25.9,56.1,,,OpenPlay,False
Pass,85,21,44208,248,Successful,27.5,56.5,7.5,56.9,OpenPlay,False
Pass,85,25,10714,248,Successful,8.8,49.1,18.9,35.7,OpenPlay,False
Pass,85,28,44208,248,Successful,22.8,35.1,27.1,59.8,OpenPlay,False
Pass,85,33,130435,248,Successful,26.4,58.8,29.1,32.8,OpenPlay,False
Pass,85,36,44208,248,Unsuccessful,32.2,26.6,77.2,30.3,OpenPlay,False
Pass,85,38,11895,607,Successful,21.8,70.7,22.6,84.5,OpenPlay,False
BallRecovery,85,40,116212,607,Successful,22.1,84.3,,,OpenPlay,False
Pass,85,44,116212,607,Successful,14.1,93.6,31.5,92.1,OpenPlay,False
Challenge,85,46,262262,248,Unsuccessful,65.2,11.5,,,OpenPlay,False
TakeOn,85,46,241019,607,Successful,34.8,88.5,,,OpenPlay,False
Pass,85,49,241019,607,Successful,47.2,67.8,73.5,77.3,OpenPlay,False
TakeOn,85,54,322094,607,Unsuccessful,86.0,71.7,,,OpenPlay,False
Tackle,85,54,130435,248,Successful,14.0,28.3,,,OpenPlay,False
BallRecovery,85,56,130435,248,Successful,14.1,28.9,,,OpenPlay,False
Pass,85,57,130435,248,Successful,18.9,27.7,32,4.9,OpenPlay,False
BallTouch,86,0,262262,248,Unsuccessful,32.9,4.4,,,OpenPlay,False
Pass,86,5,116212,607,Successful,63.6,100.0,83.3,92,ThrowIn,False
BallTouch,86,8,241019,607,Unsuccessful,88.2,73.5,,,OpenPlay,False
KeeperPickup,86,10,10714,248,Successful,1.7,31.6,,,OpenPlay,False
Pass,86,11,10714,248,Successful,6.0,29.1,19.5,17.4,OpenPlay,False
Pass,86,24,136345,248,Successful,42.4,23.7,33.2,56.1,OpenPlay,False
Pass,86,27,130435,248,Successful,35.1,65.2,37.6,89.3,OpenPlay,False
Pass,86,31,143524,248,Successful,37.6,89.3,33.7,75.9,OpenPlay,False
Pass,86,33,130435,248,Successful,34.0,73.3,36,40.1,OpenPlay,False
Pass,86,36,44208,248,Successful,36.0,40.1,45.9,48.8,OpenPlay,False
Pass,86,37,139111,248,Successful,45.0,47.8,34.8,36.7,OpenPlay,False
Pass,86,39,44208,248,Successful,35.2,32.2,46.5,5,OpenPlay,False
Pass,86,42,262262,248,Unsuccessful,50.0,5.6,76.2,12.2,OpenPlay,False
Pass,86,44,116212,607,Unsuccessful,24.1,87.2,33.2,90.7,OpenPlay,False
Pass,86,47,136345,248,Successful,68.8,5.2,76.2,4.6,OpenPlay,False
TakeOn,86,50,316670,248,Unsuccessful,73.2,5.7,,,OpenPlay,False
Tackle,86,50,116212,607,Successful,26.8,94.3,,,OpenPlay,False
BallRecovery,86,51,241019,607,Successful,26.4,93.4,,,OpenPlay,False
Pass,86,56,241019,607,Unsuccessful,36.9,65.1,78.2,39.4,OpenPlay,False
KeeperSweeper,86,58,10714,248,Successful,0.0,0.0,,,OpenPlay,False
Clearance,86,59,10714,248,Successful,21.5,61.4,35.6,100,OpenPlay,False
Pass,87,6,136481,607,Successful,62.4,0.0,76.2,5.2,ThrowIn,False
Foul,87,12,361284,248,Unsuccessful,25.2,87.1,,,OpenPlay,False
Foul,87,12,239872,607,Successful,74.8,12.9,,,OpenPlay,False
Pass,88,0,239872,607,Unsuccessful,74.6,6.0,100,61.2,OpenPlay,False
Pass,88,30,10714,248,Unsuccessful,4.6,44.3,56.2,38.6,OpenPlay,False
Foul,88,35,18701,248,Unsuccessful,57.0,39.2,,,OpenPlay,False
Foul,88,35,329409,607,Successful,43.0,60.8,,,OpenPlay,False
Pass,89,15,11895,607,Successful,44.9,63.7,53.4,69.9,OpenPlay,False
Pass,89,19,329409,607,Successful,54.5,72.3,46.8,81.7,OpenPlay,False
Pass,89,21,116212,607,Successful,46.8,81.7,40.6,70.5,OpenPlay,False
Pass,89,24,11895,607,Successful,34.9,63.9,14.6,42.7,OpenPlay,False
Pass,89,30,141646,607,Successful,19.1,31.5,65.6,17.3,OpenPlay,False
Aerial,89,33,143524,248,Unsuccessful,32.9,82.5,,,OpenPlay,False
Aerial,89,33,239872,607,Successful,67.1,17.5,,,OpenPlay,False
Pass,89,34,239872,607,Unsuccessful,65.6,17.3,69.7,27.6,OpenPlay,False
Foul,89,36,44208,248,Successful,29.0,72.2,,,OpenPlay,False
Foul,89,36,329620,607,Unsuccessful,71.0,27.8,,,OpenPlay,False
Pass,89,43,44208,248,Successful,29.5,73.9,38.2,83.5,OpenPlay,False
Pass,89,46,345987,248,Successful,60.4,95.2,61.3,85.5,OpenPlay,False
Foul,89,49,361284,248,Successful,60.6,75.4,,,OpenPlay,False
Foul,89,49,136481,607,Unsuccessful,39.4,24.6,,,OpenPlay,False
Pass,90,24,136345,248,Successful,60.5,76.5,88.9,45.1,OpenPlay,False
Aerial,90,25,11895,607,Unsuccessful,11.5,56.5,,,OpenPlay,False
Aerial,90,25,18701,248,Successful,88.5,43.5,,,OpenPlay,False
BallTouch,90,26,18701,248,Successful,88.0,47.6,,,OpenPlay,False
BallRecovery,90,27,116212,607,Successful,12.8,64.2,,,OpenPlay,False
Pass,90,28,116212,607,Unsuccessful,13.4,64.1,42.6,30.1,OpenPlay,False
Pass,90,30,136345,248,Successful,58.0,70.3,37.2,57.6,OpenPlay,False
BallRecovery,90,34,143524,248,Successful,35.0,58.5,,,OpenPlay,False
Pass,90,35,143524,248,Successful,35.9,56.7,17.7,47.4,OpenPlay,False
Pass,90,36,10714,248,Successful,17.1,46.8,33.6,5.2,OpenPlay,False
Pass,90,44,316670,248,Successful,28.9,6.0,23.2,9.7,OpenPlay,False
Pass,90,45,136345,248,Unsuccessful,22.8,9.5,60.8,17.4,OpenPlay,False
Pass,90,49,11895,607,Unsuccessful,38.3,83.3,55.1,82.4,OpenPlay,False
Pass,90,50,316670,248,Successful,45.2,18.4,52,16.3,OpenPlay,False
Challenge,90,52,248121,607,Unsuccessful,53.4,83.2,,,OpenPlay,False
TakeOn,90,52,18701,248,Successful,46.6,16.8,,,OpenPlay,False
Pass,90,53,18701,248,Successful,46.6,22.5,53.7,48.2,OpenPlay,False
Pass,90,57,139111,248,Successful,68.4,60.6,79.9,76.3,OpenPlay,False
Pass,90,59,345987,248,Unsuccessful,81.1,75.4,80.9,69.7,OpenPlay,False
BallTouch,91,0,329409,607,Successful,18.5,27.9,,,OpenPlay,False
SavedShot,91,2,139111,248,Successful,78.6,59.1,,,OpenPlay,False
Save,91,2,248121,607,Successful,20.9,40.8,,,OpenPlay,False
BallRecovery,91,3,329409,607,Successful,29.5,28.3,,,OpenPlay,False
Pass,91,7,329409,607,Successful,54.1,33.9,88.8,25.6,OpenPlay,False
Pass,91,13,329620,607,Successful,88.9,22.7,80.3,37.1,ShotAssist,False
MissedShots,91,14,329409,607,Successful,80.6,38.0,,,OpenPlay,False
Pass,91,34,10714,248,Successful,5.0,63.0,22.4,3.4,OpenPlay,False
Pass,91,36,262262,248,Successful,40.3,4.8,96.2,10.4,OpenPlay,False
Pass,91,43,316670,248,Unsuccessful,92.6,3.6,82.9,11.2,OpenPlay,False
BallRecovery,91,44,248121,607,Successful,15.7,90.0,,,OpenPlay,False
Pass,91,45,248121,607,Unsuccessful,16.4,89.8,33.9,83.3,OpenPlay,False
BallRecovery,91,46,136345,248,Successful,65.4,15.3,,,OpenPlay,False
Pass,91,48,136345,248,Successful,71.1,15.5,75.1,27.7,OpenPlay,False
Pass,91,49,361284,248,Unsuccessful,74.9,27.4,79.3,15.9,OpenPlay,False
Clearance,91,50,116212,607,Successful,23.1,83.5,41.9,100,OpenPlay,False
End,92,0,,248,Successful,0.0,0.0,,,OpenPlay,False
End,92,0,,607,Successful,0.0,0.0,,,OpenPlay,False
End,0,0,,248,Successful,0.0,0.0,,,OpenPlay,False
End,0,0,,607,Successful,0.0,0.0,,,OpenPlay,False
FormationSet,0,0,,607,Successful,0.0,0.0,,,OpenPlay,False
FormationSet,0,0,,248,Successful,0.0,0.0,,,OpenPlay,
